iteration;agentId;positionBefore;positionAfter;personalBest;personalBestFitness;globalBest;globalBestFitness;popAvgFitness;popStdDev;distToOptimum
1;6;[27.4810655781,-4.1621275002];[3.8451417138,14.5827977853];[3.8451417138,14.5827977853];19.4895871728;[-2.7972668985,-1.7898916495];8.9034191639;19.5338404405;2.4085638362;3.3209056322
1;11;[16.4679127379,4.6557002737];[11.8293397154,5.6155752317];[11.8293397154,5.6155752317];18.7054702866;[-2.7972668985,-1.7898916495];8.9034191639;19.4747972395;2.4064351055;3.3209056322
1;16;[-1.2730684830,-13.6539997856];[-1.2730684830,-13.6539997856];[-1.2730684830,-13.6539997856];19.1417363416;[-2.7972668985,-1.7898916495];8.9034191639;19.4747972395;2.4064351055;3.3209056322
1;21;[-2.0301400889,21.4514023802];[10.2430165801,9.1756923558];[10.2430165801,9.1756923558];18.5778081511;[-2.7972668985,-1.7898916495];8.9034191639;19.4022509666;2.3995675724;3.3209056322
1;1;[14.9136133346,12.0077334453];[14.9136133346,12.0077334453];[14.9136133346,12.0077334453];18.8562781748;[-2.7972668985,-1.7898916495];8.9034191639;19.4022509666;2.3995675724;3.3209056322
1;2;[-12.5357617753,-14.6093840745];[12.0345916966,24.8381999381];[12.0345916966,24.8381999381];20.1948793748;[-2.7972668985,-1.7898916495];8.9034191639;19.3758582066;2.3863133324;3.3209056322
1;7;[16.3778514948,-7.4339533220];[5.0788496096,10.6558808719];[5.0788496096,10.6558808719];17.7761859648;[-2.7972668985,-1.7898916495];8.9034191639;19.2782291863;2.3898464374;3.3209056322
1;17;[29.4820337850,21.0037521374];[10.6153569611,13.4387617693];[10.6153569611,13.4387617693];20.5105895646;[-2.7972668985,-1.7898916495];8.9034191639;19.2420612916;2.3625559504;3.3209056322
1;22;[-22.8699960424,21.8802576061];[2.2194869237,9.3818178334];[2.2194869237,9.3818178334];16.8415320282;[-2.7972668985,-1.7898916495];8.9034191639;19.1213716686;2.3894691930;3.3209056322
1;12;[5.2445108307,16.5484919908];[5.2445108307,16.5484919908];[5.2445108307,16.5484919908];20.3696071110;[-2.7972668985,-1.7898916495];8.9034191639;19.1213716686;2.3894691930;3.3209056322
1;3;[10.8494161048,26.4354047376];[-7.6380969620,-20.2650797376];[-7.6380969620,-20.2650797376];21.0927585353;[-2.7972668985,-1.7898916495];8.9034191639;19.1071132274;2.3763507358;3.3209056322
1;8;[-21.1433240717,6.1833157601];[-7.8060006713,0.3068872715];[-7.8060006713,0.3068872715];15.0952682926;[-2.7972668985,-1.7898916495];8.9034191639;18.9383208354;2.4734921883;3.3209056322
1;13;[-30.7089743003,-9.3113601571];[1.7326056348,-0.6709647489];[1.7326056348,-0.6709647489];6.5935330425;[-2.7972668985,-1.7898916495];8.9034191639;18.4322722860;3.2670549967;3.3209056322
1;23;[-2.6013615613,-14.3804339537];[-0.1480307374,-5.9784134551];[-0.1480307374,-5.9784134551];11.9205883376;[-2.7972668985,-1.7898916495];8.9034191639;18.1722244870;3.4588980785;3.3209056322
1;18;[8.9551370883,-8.5772537730];[6.7573778700,-11.0001528363];[6.7573778700,-11.0001528363];17.8089321190;[-2.7972668985,-1.7898916495];8.9034191639;18.1586322992;3.4594977409;3.3209056322
1;4;[-8.5994429867,-14.6965745211];[-8.1048193815,-9.4689912787];[-8.1048193815,-9.4689912787];18.3772835955;[-2.7972668985,-1.7898916495];8.9034191639;18.0927712787;3.4358194844;3.3209056322
1;9;[-19.0206726068,21.3624993800];[-19.0206726068,21.3624993800];[-19.0206726068,21.3624993800];21.1815548123;[-2.7972668985,-1.7898916495];8.9034191639;18.0927712787;3.4358194844;3.3209056322
1;14;[20.8271396592,-5.3944289360];[-14.1571286490,-4.5193371893];[-14.1571286490,-4.5193371893];19.4713606486;[-2.7972668985,-1.7898916495];8.9034191639;18.0447238859;3.4059969421;3.3209056322
1;24;[-19.9252897023,-21.0191357788];[-8.3019078636,-5.3329229856];[-8.3019078636,-5.3329229856];17.0995088295;[-2.7972668985,-1.7898916495];8.9034191639;17.9540549777;3.3937253904;3.3209056322
1;19;[-9.1583364880,-4.2820511242];[-9.1583364880,-4.2820511242];[-9.1583364880,-4.2820511242];16.7429353458;[-2.7972668985,-1.7898916495];8.9034191639;17.9540549777;3.3937253904;3.3209056322
1;5;[-2.3819992558,18.5402509748];[-1.5595205211,-3.0896279251];[-1.5595205211,-3.0896279251];9.5007278142;[-2.7972668985,-1.7898916495];8.9034191639;17.5750825928;3.6704638688;3.3209056322
1;10;[-21.4815252357,5.7296408927];[-2.9358968678,8.3658869923];[-2.9358968678,8.3658869923];15.8745314089;[-2.7972668985,-1.7898916495];8.9034191639;17.3947254987;3.6162589549;3.3209056322
1;15;[31.0664024225,13.9857925127];[-11.6187441559,1.6922031189];[-11.6187441559,1.6922031189];18.3373385148;[-2.7972668985,-1.7898916495];8.9034191639;17.3407145739;3.5895784499;3.3209056322
1;20;[-2.7972668985,-1.7898916495];[-1.7033183781,0.6774872307];[-1.7033183781,0.6774872307];6.5910360883;[-2.7972668985,-1.7898916495];8.9034191639;17.2636351380;3.7892022025;3.3209056322
1;31;[7.6161800625,-8.2339852394];[7.6161800625,-8.2339852394];[7.6161800625,-8.2339852394];17.8998915145;[-2.7972668985,-1.7898916495];8.9034191639;17.2636351380;3.7892022025;3.3209056322
1;32;[-1.2730684830,-13.6539997856];[-1.2730684830,-13.6539997856];[-1.2730684830,-13.6539997856];19.1417363416;[-2.7972668985,-1.7898916495];8.9034191639;17.2841595373;3.7292798031;3.3209056322
1;33;[7.6161800625,14.5827977853];[7.6161800625,2.2030885098];[7.6161800625,2.2030885098];15.4041728931;[-2.7972668985,-1.7898916495];8.9034191639;17.3422088124;3.6847494994;3.3209056322
1;34;[3.8451417138,-8.2339852394];[3.8451417138,-8.2339852394];[3.8451417138,-8.2339852394];15.7929868348;[-2.7972668985,-1.7898916495];8.9034191639;17.2834804512;3.6436673562;3.3209056322
1;35;[14.9136133346,12.0077334453];[14.9136133346,12.0077334453];[14.9136133346,12.0077334453];18.8562781748;[-2.7972668985,-1.7898916495];8.9034191639;17.2396424037;3.5985067180;3.3209056322
1;36;[12.0345916966,24.8381999381];[12.0345916966,24.8381999381];[12.0345916966,24.8381999381];20.1948793748;[-2.7972668985,-1.7898916495];8.9034191639;17.2858319971;3.5569383297;3.3209056322
1;37;[14.9136133346,12.0077334453];[14.9136133346,12.0077334453];[14.9136133346,12.0077334453];18.8562781748;[-2.7972668985,-1.7898916495];8.9034191639;17.3666388687;3.5396203715;3.3209056322
1;38;[2.2194869237,9.3818178334];[2.2194869237,9.3818178334];[2.2194869237,9.3818178334];16.8415320282;[-2.7972668985,-1.7898916495];8.9034191639;17.4068993905;3.4998065471;3.3209056322
1;39;[-0.1480307374,-11.0001528363];[3.0737646218,-11.0001528363];[3.0737646218,-11.0001528363];16.1628441836;[-2.7972668985,-1.7898916495];8.9034191639;17.3920213021;3.4546350472;3.3209056322
1;40;[6.7573778700,-5.9784134551];[5.1671896770,-5.9784134551];[5.1671896770,-5.9784134551];14.0721061925;[-2.7972668985,-1.7898916495];8.9034191639;17.3605039400;3.4155874283;3.3209056322
1;41;[6.7573778700,-0.6709647489];[2.6382825544,-0.6709647489];[2.6382825544,-0.6709647489];8.5384849467;[-2.7972668985,-1.7898916495];8.9034191639;17.2782939963;3.4114750566;3.3209056322
1;42;[1.7326056348,-11.0001528363];[3.2287842454,-11.0001528363];[3.2287842454,-11.0001528363];17.0033868737;[-2.7972668985,-1.7898916495];8.9034191639;17.0651279220;3.6293106042;3.3209056322
1;43;[-9.1583364880,-4.2820511242];[-9.1583364880,-4.2820511242];[-9.1583364880,-4.2820511242];16.7429353458;[-2.7972668985,-1.7898916495];8.9034191639;17.0636578970;3.5858565926;3.3209056322
1;44;[-14.1571286490,-4.5193371893];[-14.1571286490,-4.5193371893];[-14.1571286490,-4.5193371893];19.4713606486;[-2.7972668985,-1.7898916495];8.9034191639;17.0561992330;3.5442449450;3.3209056322
1;45;[-9.1583364880,-5.3329229856];[-9.1583364880,-4.4773132895];[-9.1583364880,-4.4773132895];17.1872402252;[-2.7972668985,-1.7898916495];8.9034191639;17.1110892652;3.5221776008;3.3209056322
1;46;[-8.3019078636,-4.2820511242];[-8.3019078636,-4.2820511242];[-8.3019078636,-4.2820511242];16.6102518287;[-2.7972668985,-1.7898916495];8.9034191639;17.1127815088;3.4828405150;3.3209056322
1;47;[-14.3347817214,8.3658869923];[-9.3461611256,8.3658869923];[-9.3461611256,8.3658869923];18.7852616037;[-2.7972668985,-1.7898916495];8.9034191639;17.1018569505;3.4455549769;3.3209056322
1;48;[-2.9358968678,-15.3063888825];[-2.9358968678,-4.4059018477];[-2.9358968678,-4.4059018477];12.2132666523;[-2.7972668985,-1.7898916495];8.9034191639;17.1376740708;3.4173481540;3.3209056322
1;49;[-1.7033183781,-13.5718037353];[-1.7033183781,-2.3758191931];[-1.7033183781,-2.3758191931];8.8840212290;[-2.7972668985,-1.7898916495];8.9034191639;17.0350822496;3.4539325400;3.3209056322
1;50;[-11.6187441559,1.6922031189];[-6.7481664504,0.9543398042];[-6.7481664504,0.9543398042];13.4836135919;[-2.7972668985,-1.7898916495];8.9034191639;16.8687340655;3.6075518329;3.3209056322
1;25;[23.9656498841,-0.8787943866];[9.6478796404,-0.8582713896];[9.6478796404,-0.8582713896];16.6197783495;[-2.7972668985,-1.7898916495];8.9034191639;16.7393304879;3.5786795273;3.3209056322
1;26;[-5.1791982342,8.7077546461];[0.6087752801,4.6535434579];[0.6087752801,4.6535434579];11.9091913730;[-2.7972668985,-1.7898916495];8.9034191639;16.6403550091;3.6419053264;3.3209056322
1;27;[13.0979361631,-12.1026346970];[7.7294875983,-8.5551060600];[7.7294875983,-8.5551060600];18.2159396416;[-2.7972668985,-1.7898916495];8.9034191639;16.6272896638;3.6350512275;3.3209056322
1;28;[4.6937083432,-8.4533385833];[3.9052216841,-2.8188362432];[3.9052216841,-2.8188362432];10.7318798574;[-2.7972668985,-1.7898916495];8.9034191639;16.4998901679;3.7266579789;3.3209056322
1;29;[24.3672413612,20.0363830583];[18.6387328812,2.2888060638];[18.6387328812,2.2888060638];20.6708666202;[-2.7972668985,-1.7898916495];8.9034191639;16.4868221514;3.7108297573;3.3209056322
1;12;[5.2445108307,16.5484919908];[4.9368491138,7.9210899820];[4.9368491138,7.9210899820];14.9134885431;[-2.7972668985,-1.7898916495];8.9034191639;16.3776997800;3.6750968678;3.3209056322
1;31;[7.6161800625,-8.2339852394];[7.5567869770,-7.7877037674];[7.5567869770,-7.7877037674];17.7036741022;[-2.7972668985,-1.7898916495];8.9034191639;16.3737754318;3.6735737902;3.3209056322
1;32;[-1.2730684830,-13.6539997856];[0.0532843826,-4.2316304463];[0.0532843826,-4.2316304463];10.0268392996;[-2.7972668985,-1.7898916495];8.9034191639;16.1914774909;3.7569071942;3.3209056322
1;33;[7.6161800625,2.2030885098];[1.6678823210,0.3353874442];[1.6678823210,0.3353874442];6.3899290528;[-2.7972668985,-1.7898916495];8.9034191639;16.0111926141;3.9988572235;3.3209056322
1;34;[3.8451417138,-8.2339852394];[-4.4422095853,-4.8901329277];[-4.4422095853,-4.8901329277];13.9397476517;[-2.7972668985,-1.7898916495];8.9034191639;15.9741278305;4.0092830663;3.3209056322
1;35;[14.9136133346,12.0077334453];[5.4929410719,8.6206816795];[5.4929410719,8.6206816795];17.5841118347;[-2.7972668985,-1.7898916495];8.9034191639;15.9486845037;3.9949228403;3.3209056322
1;36;[12.0345916966,24.8381999381];[12.0345916966,24.8381999381];[12.0345916966,24.8381999381];20.1948793748;[-2.7972668985,-1.7898916495];8.9034191639;15.9486845037;3.9949228403;3.3209056322
1;37;[14.9136133346,12.0077334453];[14.9136133346,12.0077334453];[14.9136133346,12.0077334453];18.8562781748;[-2.7972668985,-1.7898916495];8.9034191639;15.9486845037;3.9949228403;3.3209056322
1;38;[2.2194869237,9.3818178334];[2.2194869237,9.3818178334];[2.2194869237,9.3818178334];16.8415320282;[-2.7972668985,-1.7898916495];8.9034191639;15.9486845037;3.9949228403;3.3209056322
1;39;[3.0737646218,-11.0001528363];[4.8344511341,0.2723378541];[4.8344511341,0.2723378541];11.4333237719;[-2.7972668985,-1.7898916495];8.9034191639;15.8540940954;4.0444175747;3.3209056322
1;40;[5.1671896770,-5.9784134551];[5.1671896770,-5.9784134551];[5.1671896770,-5.9784134551];14.0721061925;[-2.7972668985,-1.7898916495];8.9034191639;15.8540940954;4.0444175747;3.3209056322
1;41;[2.6382825544,-0.6709647489];[2.6382825544,-0.6709647489];[2.6382825544,-0.6709647489];8.5384849467;[-2.7972668985,-1.7898916495];8.9034191639;15.8540940954;4.0444175747;3.3209056322
1;42;[3.2287842454,-11.0001528363];[3.2287842454,-11.0001528363];[3.2287842454,-11.0001528363];17.0033868737;[-2.7972668985,-1.7898916495];8.9034191639;15.8540940954;4.0444175747;3.3209056322
1;43;[-9.1583364880,-4.2820511242];[-2.5169551016,-2.2537004996];[-2.5169551016,-2.2537004996];9.7140276013;[-2.7972668985,-1.7898916495];8.9034191639;15.7135159405;4.1322825238;3.3209056322
1;44;[-14.1571286490,-4.5193371893];[-10.5858111150,-4.4914001706];[-10.5858111150,-4.4914001706];18.3897006718;[-2.7972668985,-1.7898916495];8.9034191639;15.6918827410;4.1153495864;3.3209056322
1;45;[-9.1583364880,-4.4773132895];[1.9270316106,-4.2658122520];[1.9270316106,-4.2658122520];10.9116683293;[-2.7972668985,-1.7898916495];8.9034191639;15.5663713031;4.1632482767;3.3209056322
1;46;[-8.3019078636,-4.2820511242];[-0.6119721433,-4.2803514703];[-0.6119721433,-4.2803514703];11.2461990217;[-2.7972668985,-1.7898916495];8.9034191639;15.4590902470;4.2038804727;3.3209056322
1;47;[-9.3461611256,8.3658869923];[-7.1958350292,-0.6480185062];[-7.1958350292,-0.6480185062];14.6427511396;[-2.7972668985,-1.7898916495];8.9034191639;15.3762400377;4.1782540306;3.3209056322
1;48;[-2.9358968678,-4.4059018477];[1.1974916995,-4.1699093670];[1.1974916995,-4.1699093670];10.3932941745;[-2.7972668985,-1.7898916495];8.9034191639;15.3398405881;4.2134295771;3.3209056322
1;49;[-1.7033183781,-2.3758191931];[-1.7033183781,-2.3758191931];[-1.7033183781,-2.3758191931];8.8840212290;[-2.7972668985,-1.7898916495];8.9034191639;15.3398405881;4.2134295771;3.3209056322
1;50;[-6.7481664504,0.9543398042];[0.9205110743,0.3634930221];[0.9205110743,0.3634930221];4.2121281208;[-2.7972668985,-1.7898916495];8.9034191639;15.1544108787;4.4862247765;3.3209056322
2;11;[11.8293397154,5.6155752317];[2.5781756364,0.0911499938];[2.5781756364,0.0911499938];7.8525404362;[0.9205110743,0.3634930221];4.2121281208;13.4206403697;4.8787186265;0.9896806631
2;16;[-1.2730684830,-13.6539997856];[2.2637665179,-3.6829958676];[2.2637665179,-3.6829958676];11.0854932176;[0.9205110743,0.3634930221];4.2121281208;13.1520989322;4.7770820979;0.9896806631
2;21;[10.2430165801,9.1756923558];[0.8342934482,-1.0495688006];[0.8342934482,-1.0495688006];4.1006051981;[0.9205110743,0.3634930221];4.2121281208;12.6695255004;4.9332893214;0.9896806631
2;50;[0.9205110743,0.3634930221];[0.9205110743,0.3634930221];[0.9205110743,0.3634930221];4.2121281208;[0.9205110743,0.3634930221];4.2121281208;12.6695255004;4.9332893214;0.9896806631
2;30;[7.6161800625,-8.2339852394];[10.0223453014,-7.0909142516];[10.0223453014,-7.0909142516];16.6961717002;[0.9205110743,0.3634930221];4.2121281208;12.6294015066;4.8953350542;0.9896806631
2;2;[12.0345916966,24.8381999381];[6.7901797861,13.9353838554];[6.7901797861,13.9353838554];18.6913731342;[0.9205110743,0.3634930221];4.2121281208;12.5792846320;4.8248138216;0.9896806631
2;22;[2.2194869237,9.3818178334];[1.5763184779,1.7351659213];[1.5763184779,1.7351659213];7.7492390266;[0.9205110743,0.3634930221];4.2121281208;12.2762081986;4.8331210770;0.9896806631
2;43;[-2.5169551016,-2.2537004996];[-2.5169551016,-2.2537004996];[-2.5169551016,-2.2537004996];9.7140276013;[0.9205110743,0.3634930221];4.2121281208;12.2762081986;4.8331210770;0.9896806631
2;25;[9.6478796404,-0.8582713896];[0.4725706230,4.9981533511];[0.4725706230,4.9981533511];11.8779776431;[0.9205110743,0.3634930221];4.2121281208;12.1181481750;4.7655509550;0.9896806631
2;1;[14.9136133346,12.0077334453];[14.9136133346,12.0077334453];[14.9136133346,12.0077334453];18.8562781748;[0.9205110743,0.3634930221];4.2121281208;12.1181481750;4.7655509550;0.9896806631
2;8;[-7.8060006713,0.3068872715];[2.6598505178,-0.9206154425];[2.6598505178,-0.9206154425];8.0995427347;[0.9205110743,0.3634930221];4.2121281208;11.8849573231;4.7852860710;0.9896806631
2;13;[1.7326056348,-0.6709647489];[1.7326056348,-0.6709647489];[1.7326056348,-0.6709647489];6.5935330425;[0.9205110743,0.3634930221];4.2121281208;11.8849573231;4.7852860710;0.9896806631
2;23;[-0.1480307374,-5.9784134551];[0.9452886882,-3.3082936910];[0.9452886882,-3.3082936910];9.0851994140;[0.9205110743,0.3634930221];4.2121281208;11.7904443590;4.8115772785;0.9896806631
2;32;[0.0532843826,-4.2316304463];[2.7026528466,0.6089062647];[2.7026528466,0.6089062647];8.6151499061;[0.9205110743,0.3634930221];4.2121281208;11.7433880459;4.8354387611;0.9896806631
2;17;[10.6153569611,13.4387617693];[6.0549412715,5.8022935125];[6.0549412715,5.8022935125];14.7283419314;[0.9205110743,0.3634930221];4.2121281208;11.5506464581;4.5912078585;0.9896806631
2;18;[6.7573778700,-11.0001528363];[6.7573778700,-11.0001528363];[6.7573778700,-11.0001528363];17.8089321190;[0.9205110743,0.3634930221];4.2121281208;11.5506464581;4.5912078585;0.9896806631
2;4;[-8.1048193815,-9.4689912787];[-5.6218213932,-5.1253568334];[-5.6218213932,-5.1253568334];14.9059747064;[0.9205110743,0.3634930221];4.2121281208;11.4349361618;4.4595563115;0.9896806631
2;14;[-14.1571286490,-4.5193371893];[-2.1274792558,-4.6229506282];[-2.1274792558,-4.6229506282];11.9902621961;[0.9205110743,0.3634930221];4.2121281208;11.1855662134;4.2051079344;0.9896806631
2;24;[-8.3019078636,-5.3329229856];[-6.4337193332,-5.2181833940];[-6.4337193332,-5.2181833940];15.8212390014;[0.9205110743,0.3634930221];4.2121281208;11.1429572191;4.1510972900;0.9896806631
2;48;[1.1974916995,-4.1699093670];[1.1974916995,-4.1699093670];[1.1974916995,-4.1699093670];10.3932941745;[0.9205110743,0.3634930221];4.2121281208;11.1429572191;4.1510972900;0.9896806631
2;19;[-9.1583364880,-4.2820511242];[-7.8000156898,-7.9909766889];[-7.8000156898,-7.9909766889];16.6728020942;[0.9205110743,0.3634930221];4.2121281208;11.1406194440;4.1479614540;0.9896806631
2;5;[-1.5595205211,-3.0896279251];[-0.8075347050,0.6715838784];[-0.8075347050,0.6715838784];4.5368108261;[0.9205110743,0.3634930221];4.2121281208;10.9751555444;4.3060702168;0.9896806631
2;10;[-2.9358968678,8.3658869923];[-2.2611841929,5.2008504036];[-2.2611841929,5.2008504036];12.6258765281;[0.9205110743,0.3634930221];4.2121281208;10.8668670484;4.2215179944;0.9896806631
2;28;[3.9052216841,-2.8188362432];[-1.7439006803,1.1886097674];[-1.7439006803,1.1886097674];6.6950427716;[0.9205110743,0.3634930221];4.2121281208;10.7323058122;4.2874977931;0.9896806631
2;20;[-1.7033183781,0.6774872307];[-1.7033183781,0.6774872307];[-1.7033183781,0.6774872307];6.5910360883;[0.9205110743,0.3634930221];4.2121281208;10.7323058122;4.2874977931;0.9896806631
2;51;[-1.7033183781,-2.3758191931];[-1.4721857155,-1.3776606354];[-1.4721857155,-1.3776606354];7.2534755216;[0.9205110743,0.3634930221];4.2121281208;10.7323058122;4.2874977931;0.9896806631
2;52;[0.9205110743,0.3634930221];[0.9205110743,0.3634930221];[0.9205110743,0.3634930221];4.2121281208;[0.9205110743,0.3634930221];4.2121281208;10.6200854803;4.2623293059;0.9896806631
2;53;[-1.7033183781,-1.0495688006];[-0.8629278270,-1.0495688006];[-0.8629278270,-1.0495688006];3.9854505967;[0.9205110743,0.3634930221];4.2121281208;10.4198368128;4.3408298352;0.9896806631
2;54;[0.8342934482,-2.3758191931];[0.8342934482,-2.3732150517];[0.8342934482,-2.3732150517];7.7978479795;[0.9205110743,0.3634930221];4.2121281208;10.2248554123;4.4145642477;0.9896806631
2;55;[-0.6119721433,-4.2803514703];[1.1831257557,-2.5171395284];[1.1831257557,-2.5171395284];8.4763646095;[0.9205110743,0.3634930221];4.2121281208;10.1534728407;4.3684482925;0.9896806631
2;56;[6.0556410823,1.7351659213];[3.2745828565,-2.0702502332];[3.2745828565,-2.0702502332];9.6996222030;[0.9205110743,0.3634930221];4.2121281208;10.1055554627;4.3146458416;0.9896806631
2;57;[-0.6119721433,9.0279375921];[-0.6119721433,3.2445335596];[-0.6119721433,3.2445335596];9.4850738758;[0.9205110743,0.3634930221];4.2121281208;10.0942795388;4.2548211556;0.9896806631
2;58;[0.4725706230,4.9981533511];[0.4725706230,4.9981533511];[0.4725706230,4.9981533511];11.8779776431;[0.9205110743,0.3634930221];4.2121281208;10.0778145209;4.1980922673;0.9896806631
2;59;[10.0223453014,-7.0909142516];[10.0223453014,-7.0909142516];[10.0223453014,-7.0909142516];16.6961717002;[0.9205110743,0.3634930221];4.2121281208;10.1251872346;4.1524961421;0.9896806631
2;60;[2.6598505178,-0.9206154425];[2.6598505178,-0.9206154425];[2.6598505178,-0.9206154425];8.0995427347;[0.9205110743,0.3634930221];4.2121281208;10.2936740158;4.2284543846;0.9896806631
2;61;[10.0223453014,-0.6709647489];[8.8506760745,-0.6709647489];[8.8506760745,-0.6709647489];15.9592116820;[0.9205110743,0.3634930221];4.2121281208;10.2388207338;4.1892931671;0.9896806631
2;62;[1.7326056348,-7.0909142516];[2.1374525928,-7.0909142516];[2.1374525928,-7.0909142516];13.5937336279;[0.9205110743,0.3634930221];4.2121281208;10.3783424642;4.2309309457;0.9896806631
2;63;[-7.8000156898,-7.9909766889];[-7.8000156898,-7.9909766889];[-7.8000156898,-7.9909766889];16.6728020942;[0.9205110743,0.3634930221];4.2121281208;10.4548993967;4.2089033274;0.9896806631
2;64;[-5.6218213932,-5.1253568334];[-5.6218213932,-5.1253568334];[-5.6218213932,-5.1253568334];14.9059747064;[0.9205110743,0.3634930221];4.2121281208;10.5995017850;4.2639309671;0.9896806631
2;65;[-7.8000156898,-7.9909766889];[-7.8000156898,-7.9909766889];[-7.8000156898,-7.9909766889];16.6728020942;[0.9205110743,0.3634930221];4.2121281208;10.6973761696;4.2637793447;0.9896806631
2;66;[-2.1274792558,-4.6229506282];[-2.1274792558,-4.6229506282];[-2.1274792558,-4.6229506282];11.9902621961;[0.9205110743,0.3634930221];4.2121281208;10.8301634124;4.3071622106;0.9896806631
2;67;[-1.7033183781,0.6715838784];[-0.8799205587,0.6715838784];[-0.8799205587,0.6715838784];4.4800506024;[0.9205110743,0.3634930221];4.2121281208;10.8553829511;4.2634458810;0.9896806631
2;68;[-0.8075347050,0.6774872307];[-0.8075347050,0.6774872307];[-0.8075347050,0.6774872307];4.5303627375;[0.9205110743,0.3634930221];4.2121281208;10.7197375820;4.3170141724;0.9896806631
2;69;[-2.2611841929,0.6774872307];[-1.8962243534,0.6774872307];[-1.8962243534,0.6774872307];6.4803851902;[0.9205110743,0.3634930221];4.2121281208;10.5907922728;4.3623173416;0.9896806631
2;70;[-1.7033183781,5.2008504036];[-1.9850369790,5.2008504036];[-1.9850369790,5.2008504036];11.7014398996;[0.9205110743,0.3634930221];4.2121281208;10.5069064139;4.3565143472;0.9896806631
2;33;[1.6678823210,0.3353874442];[1.6678823210,0.3353874442];[1.6678823210,0.3353874442];6.3899290528;[0.9205110743,0.3634930221];4.2121281208;10.5307970836;4.3159703837;0.9896806631
2;41;[2.6382825544,-0.6709647489];[0.8515709634,-0.3630456880];[0.8515709634,-0.3630456880];4.2002485350;[0.9205110743,0.3634930221];4.2121281208;10.4440323554;4.3979771464;0.9896806631
2;45;[1.9270316106,-4.2658122520];[-0.5785957212,-2.5467026133];[-0.5785957212,-2.5467026133];8.4954619805;[0.9205110743,0.3634930221];4.2121281208;10.3957082284;4.4058407394;0.9896806631
2;1;[14.9136133346,12.0077334453];[8.5648940432,7.3790109930];[8.5648940432,7.3790109930];18.2356481538;[0.9205110743,0.3634930221];4.2121281208;10.3832956280;4.3828012541;0.9896806631
2;18;[6.7573778700,-11.0001528363];[4.0705398181,-9.7409879177];[4.0705398181,-9.7409879177];16.6973095452;[0.9205110743,0.3634930221];4.2121281208;10.3610631765;4.3477564835;0.9896806631
2;51;[-1.4721857155,-1.3776606354];[-1.4721857155,-1.3776606354];[-1.4721857155,-1.3776606354];7.2534755216;[0.9205110743,0.3634930221];4.2121281208;10.3610631765;4.3477564835;0.9896806631
2;52;[0.9205110743,0.3634930221];[0.2952833201,-0.0161956295];[0.2952833201,-0.0161956295];2.1083484219;[0.9205110743,0.3634930221];4.2121281208;10.3189875826;4.4166926602;0.9896806631
2;53;[-0.8629278270,-1.0495688006];[-0.8629278270,-1.0495688006];[-0.8629278270,-1.0495688006];3.9854505967;[0.9205110743,0.3634930221];4.2121281208;10.3189875826;4.4166926602;0.9896806631
2;54;[0.8342934482,-2.3732150517];[-0.1747522005,-1.6245355873];[-0.1747522005,-1.6245355873];5.9637685392;[0.9205110743,0.3634930221];4.2121281208;10.2823059938;4.4450044180;0.9896806631
2;55;[1.1831257557,-2.5171395284];[-0.2860822973,-1.4932007675];[-0.2860822973,-1.4932007675];6.0453316917;[0.9205110743,0.3634930221];4.2121281208;10.2336853354;4.4776680143;0.9896806631
2;56;[3.2745828565,-2.0702502332];[3.2745828565,-2.0702502332];[3.2745828565,-2.0702502332];9.6996222030;[0.9205110743,0.3634930221];4.2121281208;10.2336853354;4.4776680143;0.9896806631
2;57;[-0.6119721433,3.2445335596];[-0.7100973915,1.2331465719];[-0.7100973915,1.2331465719];5.4326935523;[0.9205110743,0.3634930221];4.2121281208;10.1526377289;4.5268890192;0.9896806631
2;58;[0.4725706230,4.9981533511];[0.0019642121,3.1876691718];[0.0019642121,3.1876691718];7.9806390462;[0.9205110743,0.3634930221];4.2121281208;10.0746909570;4.5300622624;0.9896806631
2;59;[10.0223453014,-7.0909142516];[4.0642867012,-0.0423525146];[4.0642867012,-0.0423525146];8.8964993196;[0.9205110743,0.3634930221];4.2121281208;9.9186975094;4.4326078906;0.9896806631
2;60;[2.6598505178,-0.9206154425];[2.6598505178,-0.9206154425];[2.6598505178,-0.9206154425];8.0995427347;[0.9205110743,0.3634930221];4.2121281208;9.9186975094;4.4326078906;0.9896806631
2;61;[8.8506760745,-0.6709647489];[3.0250047801,-0.9374249949];[3.0250047801,-0.9374249949];7.3380712444;[0.9205110743,0.3634930221];4.2121281208;9.7462747006;4.3613896290;0.9896806631
2;62;[2.1374525928,-7.0909142516];[-0.5384033640,1.4478218610];[-0.5384033640,1.4478218610];6.2597220046;[0.9205110743,0.3634930221];4.2121281208;9.5995944682;4.3528458042;0.9896806631
2;63;[-7.8000156898,-7.9909766889];[-4.3987263680,-5.3680734086];[-4.3987263680,-5.3680734086];14.7460264837;[0.9205110743,0.3634930221];4.2121281208;9.5610589559;4.2982428430;0.9896806631
2;64;[-5.6218213932,-5.1253568334];[-0.9290935664,-2.7013233571];[-0.9290935664,-2.7013233571];8.0145258123;[0.9205110743,0.3634930221];4.2121281208;9.4232299781;4.2346626215;0.9896806631
2;65;[-7.8000156898,-7.9909766889];[-2.9643917968,-2.4312067874];[-2.9643917968,-2.4312067874];10.0546971277;[0.9205110743,0.3634930221];4.2121281208;9.2908678787;4.1075171199;0.9896806631
2;66;[-2.1274792558,-4.6229506282];[-2.0037991488,-4.5037343562];[-2.0037991488,-4.5037343562];11.7579388083;[0.9205110743,0.3634930221];4.2121281208;9.2862214110;4.1045912691;0.9896806631
2;67;[-0.8799205587,0.6715838784];[-0.8799205587,0.6715838784];[-0.8799205587,0.6715838784];4.4800506024;[0.9205110743,0.3634930221];4.2121281208;9.2862214110;4.1045912691;0.9896806631
2;68;[-0.8075347050,0.6774872307];[-0.8501680413,-0.3740295820];[-0.8501680413,-0.3740295820];4.2355963189;[0.9205110743,0.3634930221];4.2121281208;9.2803260826;4.1116234231;0.9896806631
2;69;[-1.8962243534,0.6774872307];[-0.4872601138,-0.7865170315];[-0.4872601138,-0.7865170315];4.4905536241;[0.9205110743,0.3634930221];4.2121281208;9.2405294513;4.1480005335;0.9896806631
2;70;[-1.9850369790,5.2008504036];[-1.5465172662,3.7817896551];[-1.5465172662,3.7817896551];10.8117040118;[0.9205110743,0.3634930221];4.2121281208;9.2227347335;4.1393045260;0.9896806631
3;11;[2.5781756364,0.0911499938];[1.6764594721,0.0483172377];[1.6764594721,0.0483172377];5.6519102530;[0.2952833201,-0.0161956295];2.1083484219;7.6976346250;3.5385514771;0.2957271336
3;50;[0.9205110743,0.3634930221];[0.1176717770,-0.4608194228];[0.1176717770,-0.4608194228];3.1283118995;[0.2952833201,-0.0161956295];2.1083484219;7.6615074176;3.5792512998;0.2957271336
3;52;[0.2952833201,-0.0161956295];[0.2952833201,-0.0161956295];[0.2952833201,-0.0161956295];2.1083484219;[0.2952833201,-0.0161956295];2.1083484219;7.6615074176;3.5792512998;0.2957271336
3;49;[-1.7033183781,-2.3758191931];[-1.7033183781,-2.3758191931];[-1.7033183781,-2.3758191931];8.8840212290;[0.2952833201,-0.0161956295];2.1083484219;7.6615074176;3.5792512998;0.2957271336
3;22;[1.5763184779,1.7351659213];[-0.2168403502,-0.3235507487];[-0.2168403502,-0.3235507487];2.9027853351;[0.2952833201,-0.0161956295];2.1083484219;7.4999589612;3.6796104772;0.2957271336
3;43;[-2.5169551016,-2.2537004996];[0.3534187470,-0.0513693208];[0.3534187470,-0.0513693208];2.5160367332;[0.2952833201,-0.0161956295];2.1083484219;7.2600259323;3.7611892756;0.2957271336
3;25;[0.4725706230,4.9981533511];[-0.4668984021,-0.4309403801];[-0.4668984021,-0.4309403801];4.0475218774;[0.2952833201,-0.0161956295];2.1083484219;6.9990107401;3.7029140749;0.2957271336
3;53;[-0.8629278270,-1.0495688006];[-0.8629278270,-1.0495688006];[-0.8629278270,-1.0495688006];3.9854505967;[0.2952833201,-0.0161956295];2.1083484219;6.9990107401;3.7029140749;0.2957271336
3;45;[-0.5785957212,-2.5467026133];[-0.6102438728,0.1291811085];[-0.6102438728,0.1291811085];3.4467923872;[0.2952833201,-0.0161956295];2.1083484219;6.8307217536;3.7455592942;0.2957271336
3;46;[-0.6119721433,-4.2803514703];[-0.6119721433,-4.2803514703];[-0.6119721433,-4.2803514703];11.2461990217;[0.2952833201,-0.0161956295];2.1083484219;6.8307217536;3.7455592942;0.2957271336
3;8;[2.6598505178,-0.9206154425];[0.9840355885,0.4730800741];[0.9840355885,0.4730800741];4.5752462032;[0.2952833201,-0.0161956295];2.1083484219;6.7132452026;3.7591651284;0.2957271336
3;13;[1.7326056348,-0.6709647489];[1.7786721315,0.0149973993];[1.7786721315,0.0149973993];5.3671556409;[0.2952833201,-0.0161956295];2.1083484219;6.6723659559;3.7669048594;0.2957271336
3;23;[0.9452886882,-3.3082936910];[2.1306065104,1.8005304850];[2.1306065104,1.8005304850];7.5941611391;[0.2952833201,-0.0161956295];2.1083484219;6.6226646800;3.7445115443;0.2957271336
3;32;[2.7026528466,0.6089062647];[1.9012936645,0.0821113345];[1.9012936645,0.0821113345];5.1169188913;[0.2952833201,-0.0161956295];2.1083484219;6.5060569796;3.7351053242;0.2957271336
3;17;[6.0549412715,5.8022935125];[1.9105149130,0.2073937260];[1.9105149130,0.2073937260];5.7353250135;[0.2952833201,-0.0161956295];2.1083484219;6.2062897490;3.4099002901;0.2957271336
3;41;[0.8515709634,-0.3630456880];[0.8515709634,-0.3630456880];[0.8515709634,-0.3630456880];4.2002485350;[0.2952833201,-0.0161956295];2.1083484219;6.2062897490;3.4099002901;0.2957271336
3;4;[-5.6218213932,-5.1253568334];[-2.6363041962,-3.5122910484];[-2.6363041962,-3.5122910484];11.5331186412;[0.2952833201,-0.0161956295];2.1083484219;6.0938612134;3.1682486333;0.2957271336
3;14;[-2.1274792558,-4.6229506282];[-2.4389446012,-3.5273730209];[-2.4389446012,-3.5273730209];11.4286095751;[0.2952833201,-0.0161956295];2.1083484219;6.0751394594;3.1348336611;0.2957271336
3;24;[-6.4337193332,-5.2181833940];[-1.8247123471,-0.4767161191];[-1.8247123471,-0.4767161191];6.6359000268;[0.2952833201,-0.0161956295];2.1083484219;5.7689614936;2.5647034280;0.2957271336
3;48;[1.1974916995,-4.1699093670];[-2.0264486287,-1.4756105742];[-2.0264486287,-1.4756105742];7.6889892813;[0.2952833201,-0.0161956295];2.1083484219;5.6788179972;2.4453315295;0.2957271336
3;67;[-0.8799205587,0.6715838784];[-0.8799205587,0.6715838784];[-0.8799205587,0.6715838784];4.4800506024;[0.2952833201,-0.0161956295];2.1083484219;5.6788179972;2.4453315295;0.2957271336
3;5;[-0.8075347050,0.6715838784];[-0.8723007525,0.6900693008];[-0.8723007525,0.6900693008];4.4514644252;[0.2952833201,-0.0161956295];2.1083484219;5.6759731171;2.4467077355;0.2957271336
3;28;[-1.7439006803,1.1886097674];[-0.8656881240,0.6598165821];[-0.8656881240,0.6598165821];4.5057398543;[0.2952833201,-0.0161956295];2.1083484219;5.6029963532;2.4478734783;0.2957271336
3;20;[-1.7033183781,0.6774872307];[-1.7033183781,0.6774872307];[-1.7033183781,0.6774872307];6.5910360883;[0.2952833201,-0.0161956295];2.1083484219;5.6029963532;2.4478734783;0.2957271336
3;71;[0.2952833201,1.2331465719];[0.2952833201,0.9044405157];[0.2952833201,0.9044405157];3.9232748930;[0.2952833201,-0.0161956295];2.1083484219;5.6029963532;2.4478734783;0.2957271336
3;72;[-0.7100973915,-0.0161956295];[-0.7100973915,-0.0161956295];[-0.7100973915,-0.0161956295];3.1770437493;[0.2952833201,-0.0161956295];2.1083484219;5.5488117900;2.4262873948;0.2957271336
3;73;[-0.7100973915,0.0483172377];[-0.7100973915,0.0483172377];[-0.7100973915,0.0483172377];3.2099309168;[0.2952833201,-0.0161956295];2.1083484219;5.4746940387;2.4234691025;0.2957271336
3;74;[1.6764594721,1.2331465719];[0.8526713110,1.2331465719];[0.8526713110,1.2331465719];5.1153426059;[0.2952833201,-0.0161956295];2.1083484219;5.4060648532;2.4178390230;0.2957271336
3;75;[-1.7033183781,-18.7403413939];[-1.7033183781,-14.9447608301];[-1.7033183781,-14.9447608301];18.9499561347;[0.2952833201,-0.0161956295];2.1083484219;5.3975141989;2.3825236028;0.2957271336
3;76;[-22.0991002181,0.1291811085];[-12.8934081122,-1.6479887920];[-12.8934081122,-1.6479887920];18.4388549989;[0.2952833201,-0.0161956295];2.1083484219;5.7847268256;3.2576031601;0.2957271336
3;77;[-1.7033183781,-2.3758191931];[-1.6340759908,-1.7950060570];[-1.6340759908,-1.7950060570];7.7053477203;[0.2952833201,-0.0161956295];2.1083484219;6.1362303860;3.8264366616;0.2957271336
3;78;[-0.2168403502,-0.3235507487];[-0.2168403502,-0.3235507487];[-0.2168403502,-0.3235507487];2.9027853351;[0.2952833201,-0.0161956295];2.1083484219;6.1786389626;3.7829411413;0.2957271336
3;79;[0.8515709634,0.4730800741];[0.8515709634,-0.2096149322];[0.8515709634,-0.2096149322];3.5240031759;[0.2952833201,-0.0161956295];2.1083484219;6.0924322882;3.7694849314;0.2957271336
3;80;[0.9840355885,-0.3630456880];[0.8579519792,-0.3630456880];[0.8579519792,-0.3630456880];4.1992760879;[0.2952833201,-0.0161956295];2.1083484219;6.0265751315;3.7429260161;0.2957271336
3;81;[0.8515709634,-0.3630456880];[0.8515709634,-0.3630456880];[0.8515709634,-0.3630456880];4.2002485350;[0.2952833201,-0.0161956295];2.1083484219;5.9808926554;3.7068377951;0.2957271336
3;82;[-2.3777398614,0.2073937260];[-1.4967679980,-0.2428377207];[-1.4967679980,-0.2428377207];5.9580694481;[0.2952833201,-0.0161956295];2.1083484219;5.9374623110;3.6716422093;0.2957271336
3;83;[-0.8799205587,0.6715838784];[-0.8799205587,0.6715838784];[-0.8799205587,0.6715838784];4.4800506024;[0.2952833201,-0.0161956295];2.1083484219;5.9379529571;3.6276702205;0.2957271336
3;84;[-2.6363041962,-3.5122910484];[-1.1348875646,-3.2714491728];[-1.1348875646,-3.2714491728];9.1602991503;[0.2952833201,-0.0161956295];2.1083484219;5.9040482512;3.5919667513;0.2957271336
3;85;[-0.8799205587,0.6715838784];[-0.9573079775,-0.4036639872];[-0.9573079775,-0.4036639872];4.3776185388;[0.2952833201,-0.0161956295];2.1083484219;5.9780539534;3.5839220197;0.2957271336
3;86;[-1.8247123471,-18.4743843973];[-1.8247123471,-7.6219421303];[-1.8247123471,-7.6219421303];15.2418023854;[0.2952833201,-0.0161956295];2.1083484219;5.9424887220;3.5517205332;0.2957271336
3;87;[-1.7033183781,0.6598165821];[-1.7033183781,0.6661305144];[-1.7033183781,0.6661305144];6.6034424334;[0.2952833201,-0.0161956295];2.1083484219;6.1446477147;3.7655753019;0.2957271336
3;88;[-0.8656881240,0.6774872307];[-0.8656881240,0.6774872307];[-0.8656881240,0.6774872307];4.4790576486;[0.2952833201,-0.0161956295];2.1083484219;6.1544093044;3.7258888767;0.2957271336
3;54;[-0.1747522005,-1.6245355873];[-0.1981414753,-1.4573150253];[-0.1981414753,-1.4573150253];5.7493616967;[0.2952833201,-0.0161956295];2.1083484219;6.1150393357;3.6949452393;0.2957271336
3;55;[-0.2860822973,-1.4932007675];[-0.2843067543,-0.8407524605];[-0.2843067543,-0.8407524605];3.9004321075;[0.2952833201,-0.0161956295];2.1083484219;6.0703539277;3.7084631692;0.2957271336
3;69;[-0.4872601138,-0.7865170315];[-0.4599891059,-0.6442271986];[-0.4599891059,-0.6442271986];4.3838252323;[0.2952833201,-0.0161956295];2.1083484219;6.0681304195;3.7094415810;0.2957271336
3;21;[0.8342934482,-1.0495688006];[0.3872357684,-0.4684349609];[0.3872357684,-0.4684349609];3.9464973711;[0.2952833201,-0.0161956295];2.1083484219;6.0649198398;3.7112093856;0.2957271336
3;68;[-0.8501680413,-0.3740295820];[-0.6357836480,-0.3634972226];[-0.6357836480,-0.3634972226];4.1670756402;[0.2952833201,-0.0161956295];2.1083484219;6.0634923257;3.7119258681;0.2957271336
3;46;[-0.6119721433,-4.2803514703];[-0.6119721433,-4.2803514703];[-0.6119721433,-4.2803514703];11.2461990217;[0.2952833201,-0.0161956295];2.1083484219;6.0634923257;3.7119258681;0.2957271336
3;71;[0.2952833201,0.9044405157];[0.2952833201,0.9044405157];[0.2952833201,0.9044405157];3.9232748930;[0.2952833201,-0.0161956295];2.1083484219;6.0634923257;3.7119258681;0.2957271336
3;72;[-0.7100973915,-0.0161956295];[0.1607662213,0.3926121048];[0.1607662213,0.3926121048];3.0000723492;[0.2952833201,-0.0161956295];2.1083484219;6.0598054215;3.7148777439;0.2957271336
3;73;[-0.7100973915,0.0483172377];[-0.0746821126,0.1567388342];[-0.0746821126,0.1567388342];1.1438793527;[0.2952833201,-0.0161956295];2.1083484219;6.0167626806;3.7593517150;0.2957271336
3;74;[0.8526713110,1.2331465719];[-0.1320815213,-0.2669992712];[-0.1320815213,-0.2669992712];2.2146569516;[0.2952833201,-0.0161956295];2.1083484219;5.9563317295;3.7964867911;0.2957271336
3;75;[-1.7033183781,-14.9447608301];[-1.7033183781,-14.9447608301];[-1.7033183781,-14.9447608301];18.9499561347;[0.2952833201,-0.0161956295];2.1083484219;5.9563317295;3.7964867911;0.2957271336
3;76;[-12.8934081122,-1.6479887920];[-4.9229820081,-1.5467299915];[-4.9229820081,-1.5467299915];12.1132455825;[0.2952833201,-0.0161956295];2.1083484219;5.8245481999;3.4553689013;0.2957271336
3;77;[-1.6340759908,-1.7950060570];[-0.2802138364,-0.6894995854];[-0.2802138364,-0.6894995854];3.9605009236;[0.2952833201,-0.0161956295];2.1083484219;5.7465305583;3.4542988466;0.2957271336
3;78;[-0.2168403502,-0.3235507487];[-0.2168403502,-0.3235507487];[-0.2168403502,-0.3235507487];2.9027853351;[0.2952833201,-0.0161956295];2.1083484219;5.7465305583;3.4542988466;0.2957271336
3;79;[0.8515709634,-0.2096149322];[0.3319164764,-0.1573294257];[0.3319164764,-0.1573294257];2.7014423212;[0.2952833201,-0.0161956295];2.1083484219;5.7293938739;3.4672981300;0.2957271336
3;80;[0.8579519792,-0.3630456880];[0.8579519792,-0.3630456880];[0.8579519792,-0.3630456880];4.1992760879;[0.2952833201,-0.0161956295];2.1083484219;5.7293938739;3.4672981300;0.2957271336
3;81;[0.8515709634,-0.3630456880];[-0.2115869087,-0.3438219126];[-0.2115869087,-0.3438219126];2.9747092666;[0.2952833201,-0.0161956295];2.1083484219;5.7038618058;3.4829412102;0.2957271336
3;82;[-1.4967679980,-0.2428377207];[-0.1384890344,-0.1582351758];[-0.1384890344,-0.1582351758];1.4913765666;[0.2952833201,-0.0161956295];2.1083484219;5.6108057041;3.5341989075;0.2957271336
3;83;[-0.8799205587,0.6715838784];[-0.2884934538,0.2275311041];[-0.2884934538,0.2275311041];2.7791707600;[0.2952833201,-0.0161956295];2.1083484219;5.5753707074;3.5538308285;0.2957271336
3;84;[-1.1348875646,-3.2714491728];[-0.9405270675,-1.6568603406];[-0.9405270675,-1.6568603406];6.2336613826;[0.2952833201,-0.0161956295];2.1083484219;5.5143990872;3.5167143863;0.2957271336
3;85;[-0.9573079775,-0.4036639872];[-0.3759228025,-0.3415034964];[-0.3759228025,-0.3415034964];3.5704775481;[0.2952833201,-0.0161956295];2.1083484219;5.4975836499;3.5240318768;0.2957271336
3;86;[-1.8247123471,-7.6219421303];[-1.6621070115,-2.1799181328];[-1.6621070115,-2.1799181328];8.1936303302;[0.2952833201,-0.0161956295];2.1083484219;5.3507467321;3.2512381269;0.2957271336
3;87;[-1.7033183781,0.6661305144];[-0.3891697602,0.4128285329];[-0.3891697602,0.4128285329];3.8156286930;[0.2952833201,-0.0161956295];2.1083484219;5.2926672792;3.2532413175;0.2957271336
3;88;[-0.8656881240,0.6774872307];[-0.8656881240,0.6774872307];[-0.8656881240,0.6774872307];4.4790576486;[0.2952833201,-0.0161956295];2.1083484219;5.2926672792;3.2532413175;0.2957271336
4;50;[0.1176717770,-0.4608194228];[0.2308950788,0.0092298819];[0.2308950788,0.0092298819];1.6123247528;[-0.0746821126,0.1567388342];1.1438793527;3.9762784070;2.0032835265;0.1736216579
4;52;[0.2952833201,-0.0161956295];[0.1168735054,0.0028727463];[0.1168735054,0.0028727463];0.6567989375;[-0.0746821126,0.1567388342];1.1438793527;3.9278934242;2.0644119013;0.1736216579
4;74;[-0.1320815213,-0.2669992712];[-0.0005889333,-0.0226268389];[-0.0005889333,-0.0226268389];0.0776047176;[-0.0746821126,0.1567388342];1.1438793527;3.8566583497;2.1570906780;0.1736216579
4;81;[-0.2115869087,-0.3438219126];[-0.2115869087,-0.3438219126];[-0.2115869087,-0.3438219126];2.9747092666;[-0.0746821126,0.1567388342];1.1438793527;3.8566583497;2.1570906780;0.1736216579
4;57;[-0.7100973915,1.2331465719];[-0.7100973915,1.2331465719];[-0.7100973915,1.2331465719];5.4326935523;[-0.0746821126,0.1567388342];1.1438793527;3.8566583497;2.1570906780;0.1736216579
4;22;[-0.2168403502,-0.3235507487];[-0.2168403502,-0.3235507487];[-0.2168403502,-0.3235507487];2.9027853351;[-0.0746821126,0.1567388342];1.1438793527;3.8566583497;2.1570906780;0.1736216579
4;43;[0.3534187470,-0.0513693208];[0.3534187470,-0.0513693208];[0.3534187470,-0.0513693208];2.5160367332;[-0.0746821126,0.1567388342];1.1438793527;3.8566583497;2.1570906780;0.1736216579
4;25;[-0.4668984021,-0.4309403801];[-0.3495081180,-0.2948811253];[-0.3495081180,-0.2948811253];3.3213943777;[-0.0746821126,0.1567388342];1.1438793527;3.8324540997;2.1588863568;0.1736216579
4;53;[-0.8629278270,-1.0495688006];[-0.8629278270,-1.0495688006];[-0.8629278270,-1.0495688006];3.9854505967;[-0.0746821126,0.1567388342];1.1438793527;3.8324540997;2.1588863568;0.1736216579
4;45;[-0.6102438728,0.1291811085];[-0.0663636086,0.0281767381];[-0.0663636086,0.0281767381];0.3371548579;[-0.0746821126,0.1567388342];1.1438793527;3.7287995154;2.2477378458;0.1736216579
4;73;[-0.0746821126,0.1567388342];[-0.0746821126,0.1567388342];[-0.0746821126,0.1567388342];1.1438793527;[-0.0746821126,0.1567388342];1.1438793527;3.7287995154;2.2477378458;0.1736216579
4;8;[0.9840355885,0.4730800741];[0.9840355885,0.4730800741];[0.9840355885,0.4730800741];4.5752462032;[-0.0746821126,0.1567388342];1.1438793527;3.7287995154;2.2477378458;0.1736216579
4;32;[1.9012936645,0.0821113345];[0.9866796114,-0.3018561279];[0.9866796114,-0.3018561279];4.0313408641;[-0.0746821126,0.1567388342];1.1438793527;3.6926135812;2.2337944990;0.1736216579
4;17;[1.9105149130,0.2073937260];[1.3546231171,0.0625280602];[1.3546231171,0.0625280602];5.0391760030;[-0.0746821126,0.1567388342];1.1438793527;3.6694086142;2.2159989633;0.1736216579
4;41;[0.8515709634,-0.3630456880];[0.8515709634,-0.3630456880];[0.8515709634,-0.3630456880];4.2002485350;[-0.0746821126,0.1567388342];1.1438793527;3.6694086142;2.2159989633;0.1736216579
4;14;[-2.4389446012,-3.5273730209];[-1.1193706521,-0.5386874584];[-1.1193706521,-0.5386874584];5.0531612956;[-0.0746821126,0.1567388342];1.1438793527;3.4568936715;1.7095246519;0.1736216579
4;24;[-1.8247123471,-0.4767161191];[-1.0256728661,-0.9732867162];[-1.0256728661,-0.9732867162];3.6613018444;[-0.0746821126,0.1567388342];1.1438793527;3.3577403988;1.6053555806;0.1736216579
4;48;[-2.0264486287,-1.4756105742];[-0.0988263627,-0.2049969174];[-0.0988263627,-0.2049969174];1.6250867444;[-0.0746821126,0.1567388342];1.1438793527;3.1556103142;1.4181169543;0.1736216579
4;78;[-0.2168403502,-0.3235507487];[-0.2168403502,-0.3235507487];[-0.2168403502,-0.3235507487];2.9027853351;[-0.0746821126,0.1567388342];1.1438793527;3.1556103142;1.4181169543;0.1736216579
4;67;[-0.8799205587,0.6715838784];[-0.8799205587,0.6715838784];[-0.8799205587,0.6715838784];4.4800506024;[-0.0746821126,0.1567388342];1.1438793527;3.1556103142;1.4181169543;0.1736216579
4;5;[-0.8723007525,0.6900693008];[-0.1655581567,-0.1316257893];[-0.1655581567,-0.1316257893];1.5008802134;[-0.0746821126,0.1567388342];1.1438793527;3.0572575071;1.4271225884;0.1736216579
4;28;[-0.8656881240,0.6598165821];[-0.2393008669,-0.0446838934];[-0.2393008669,-0.0446838934];1.7231257220;[-0.0746821126,0.1567388342];1.1438793527;2.9645037027;1.4203764165;0.1736216579
4;82;[-0.1384890344,-0.1582351758];[-0.1384890344,-0.1582351758];[-0.1384890344,-0.1582351758];1.4913765666;[-0.0746821126,0.1567388342];1.1438793527;2.9645037027;1.4203764165;0.1736216579
4;89;[0.3319164764,-0.0226268389];[0.3319164764,-0.0226268389];[0.3319164764,-0.0226268389];2.3549578234;[-0.0746821126,0.1567388342];1.1438793527;2.9645037027;1.4203764165;0.1736216579
4;90;[-0.0005889333,-0.1573294257];[-0.0005889333,-0.1573294257];[-0.0005889333,-0.1573294257];0.9878696885;[-0.0746821126,0.1567388342];1.1438793527;2.9448409324;1.4014236512;0.1736216579
4;91;[0.3319164764,0.0028727463];[0.2801133272,0.0028727463];[0.2801133272,0.0028727463];1.9944947324;[-0.0746821126,0.1567388342];1.1438793527;2.8836855810;1.4207578626;0.1736216579
4;92;[0.1168735054,23.7576633111];[0.2008222113,10.4441069046];[0.2008222113,10.4441069046];17.4251704427;[-0.0746821126,0.1567388342];1.1438793527;2.8567404038;1.4073443064;0.1736216579
4;93;[0.3534187470,0.1567388342];[0.1645151352,0.1567388342];[0.1645151352,0.1567388342];1.6478529465;[-0.0746821126,0.1567388342];1.1438793527;3.2852236403;2.8250831307;0.1736216579
4;94;[-0.0746821126,-0.0513693208];[-0.0746821126,-0.0513693208];[-0.0746821126,-0.0513693208];0.4633894043;[-0.0746821126,0.1567388342];1.1438793527;3.2384416204;2.7977623861;0.1736216579
4;95;[-0.0746821126,0.1567388342];[-0.0746821126,0.1567388342];[-0.0746821126,0.1567388342];1.1438793527;[-0.0746821126,0.1567388342];1.1438793527;3.1613568366;2.7960716661;0.1736216579
4;96;[-0.8629278270,-1.0495688006];[-0.8629278270,-1.0495688006];[-0.8629278270,-1.0495688006];3.9854505967;[-0.0746821126,0.1567388342];1.1438793527;3.1068304182;2.7773641646;0.1736216579
4;97;[0.8515709634,0.4730800741];[0.8515709634,-0.0532069945];[0.8515709634,-0.0532069945];2.8314923951;[-0.0746821126,0.1567388342];1.1438793527;3.1299520018;2.7441827051;0.1736216579
4;98;[0.9840355885,-0.3630456880];[0.9020898650,-0.3630456880];[0.9020898650,-0.3630456880];4.2021300629;[-0.0746821126,0.1567388342];1.1438793527;3.1222991914;2.7091831743;0.1736216579
4;99;[0.8515709634,-0.3630456880];[0.8515709634,-0.3630456880];[0.8515709634,-0.3630456880];4.2002485350;[-0.0746821126,0.1567388342];1.1438793527;3.1492949632;2.6804111124;0.1736216579
4;100;[1.3546231171,0.0625280602];[0.8523124764,-0.2086281920];[0.8523124764,-0.2086281920];3.5177655443;[-0.0746821126,0.1567388342];1.1438793527;3.1749279771;2.6524802639;0.1736216579
4;101;[0.2952833201,0.9044405157];[0.2952833201,0.9044405157];[0.2952833201,0.9044405157];3.9232748930;[-0.0746821126,0.1567388342];1.1438793527;3.1830907763;2.6212340453;0.1736216579
4;102;[-0.0988263627,-0.2049969174];[-0.0988263627,-0.2049969174];[-0.0988263627,-0.2049969174];1.6250867444;[-0.0746821126,0.1567388342];1.1438793527;3.2003043604;2.5929761295;0.1736216579
4;103;[0.2952833201,-0.5386874584];[0.2952833201,-0.4676838536];[0.2952833201,-0.4676838536];3.6905173219;[-0.0746821126,0.1567388342];1.1438793527;3.1645039601;2.5740686801;0.1736216579
4;104;[-1.1193706521,0.9044405157];[-1.1193706521,-0.1025375348];[-1.1193706521,-0.1025375348];3.5074713998;[-0.0746821126,0.1567388342];1.1438793527;3.1761931459;2.5464879625;0.1736216579
4;105;[-17.4927115150,-0.1582351758];[-12.9445701323,-0.1446501733];[-12.9445701323,-0.1446501733];17.3368298204;[-0.0746821126,0.1567388342];1.1438793527;3.1833948471;2.5191199376;0.1736216579
4;106;[-0.1384890344,-0.1316257893];[-0.1384890344,-0.1316257893];[-0.1384890344,-0.1316257893];1.3149398520;[-0.0746821126,0.1567388342];1.1438793527;3.4845317614;3.2221705443;0.1736216579
4;55;[-0.2843067543,-0.8407524605];[-0.2477313051,-0.3390949170];[-0.2477313051,-0.3390949170];3.0991896292;[-0.0746821126,0.1567388342];1.1438793527;3.4226393783;3.2030934731;0.1736216579
4;72;[0.1607662213,0.3926121048];[0.1607662213,0.3926121048];[0.1607662213,0.3926121048];3.0000723492;[-0.0746821126,0.1567388342];1.1438793527;3.4226393783;3.2030934731;0.1736216579
4;85;[-0.3759228025,-0.3415034964];[-0.2374266149,-0.2905671750];[-0.2374266149,-0.2905671750];2.8349016719;[-0.0746821126,0.1567388342];1.1438793527;3.4073148809;3.2041089551;0.1736216579
4;87;[-0.3891697602,0.4128285329];[0.8133958521,-0.1523786066];[0.8133958521,-0.1523786066];3.3082483342;[-0.0746821126,0.1567388342];1.1438793527;3.3967444568;3.2035813690;0.1736216579
4;83;[-0.2884934538,0.2275311041];[-0.2145652864,0.1898657452];[-0.2145652864,0.1898657452];2.1695168413;[-0.0746821126,0.1567388342];1.1438793527;3.3840433334;3.2072111434;0.1736216579
4;57;[-0.7100973915,1.2331465719];[-0.5492588263,0.6289240040];[-0.5492588263,0.6289240040];4.5059090437;[-0.0746821126,0.1567388342];1.1438793527;3.3647353229;3.1975950594;0.1736216579
4;67;[-0.8799205587,0.6715838784];[-0.5539151669,-0.0036823205];[-0.5539151669,-0.0036823205];3.1965435412;[-0.0746821126,0.1567388342];1.1438793527;3.3379955924;3.1935205219;0.1736216579
4;89;[0.3319164764,-0.0226268389];[0.3008400654,0.0637393721];[0.3008400654,0.0637393721];2.2149499399;[-0.0746821126,0.1567388342];1.1438793527;3.3350787615;3.1944808506;0.1736216579
4;90;[-0.0005889333,-0.1573294257];[-0.0670635965,-0.0770743016];[-0.0670635965,-0.0770743016];0.5485920156;[-0.0746821126,0.1567388342];1.1438793527;3.3259271433;3.2018128891;0.1736216579
4;91;[0.2801133272,0.0028727463];[0.0782286880,0.0572253203];[0.0782286880,0.0572253203];0.5091310949;[-0.0746821126,0.1567388342];1.1438793527;3.2949820675;3.2216479359;0.1736216579
4;92;[0.2008222113,10.4441069046];[0.1364021247,1.6081538407];[0.1364021247,1.6081538407];5.8594103365;[-0.0746821126,0.1567388342];1.1438793527;3.0540287320;2.5096480524;0.1736216579
4;93;[0.1645151352,0.1567388342];[0.1645151352,0.1567388342];[0.1645151352,0.1567388342];1.6478529465;[-0.0746821126,0.1567388342];1.1438793527;3.0540287320;2.5096480524;0.1736216579
4;94;[-0.0746821126,-0.0513693208];[-0.0746821126,-0.0513693208];[-0.0746821126,-0.0513693208];0.4633894043;[-0.0746821126,0.1567388342];1.1438793527;3.0540287320;2.5096480524;0.1736216579
4;95;[-0.0746821126,0.1567388342];[-0.0746821126,0.0262914342];[-0.0746821126,0.0262914342];0.3831692642;[-0.0746821126,0.1567388342];1.1438793527;3.0381806052;2.5240211158;0.1736216579
4;96;[-0.8629278270,-1.0495688006];[-0.1023628399,-0.3064205418];[-0.1023628399,-0.3064205418];2.3572381437;[-0.0746821126,0.1567388342];1.1438793527;3.0042595124;2.5220027422;0.1736216579
4;97;[0.8515709634,-0.0532069945];[0.8515709634,-0.0532069945];[0.8515709634,-0.0532069945];2.8314923951;[-0.0746821126,0.1567388342];1.1438793527;3.0042595124;2.5220027422;0.1736216579
4;98;[0.9020898650,-0.3630456880];[0.7668012514,-0.0688708768];[0.7668012514,-0.0688708768];3.1218617497;[-0.0746821126,0.1567388342];1.1438793527;2.9817539225;2.5160258026;0.1736216579
4;99;[0.8515709634,-0.3630456880];[-0.1313037470,0.0169308203];[-0.1313037470,0.0169308203];0.7810977204;[-0.0746821126,0.1567388342];1.1438793527;2.9105216139;2.5288877861;0.1736216579
4;100;[0.8523124764,-0.2086281920];[0.8037979105,-0.1511290424];[0.8037979105,-0.1511290424];3.3237727281;[-0.0746821126,0.1567388342];1.1438793527;2.9064800969;2.5280689771;0.1736216579
4;101;[0.2952833201,0.9044405157];[0.2034018269,0.6833214419];[0.2034018269,0.6833214419];3.6938671389;[-0.0746821126,0.1567388342];1.1438793527;2.9017007687;2.5263584730;0.1736216579
4;102;[-0.0988263627,-0.2049969174];[-0.0988263627,-0.2049969174];[-0.0988263627,-0.2049969174];1.6250867444;[-0.0746821126,0.1567388342];1.1438793527;2.9017007687;2.5263584730;0.1736216579
4;103;[0.2952833201,-0.4676838536];[0.1410092182,-0.2390396600];[0.1410092182,-0.2390396600];2.0680371052;[-0.0746821126,0.1567388342];1.1438793527;2.8678990975;2.5264323637;0.1736216579
4;104;[-1.1193706521,-0.1025375348];[-0.4396464826,-0.0733455145];[-0.4396464826,-0.0733455145];2.9565654648;[-0.0746821126,0.1567388342];1.1438793527;2.8564218905;2.5247515949;0.1736216579
4;105;[-12.9445701323,-0.1446501733];[-12.9445701323,-0.1446501733];[-12.9445701323,-0.1446501733];17.3368298204;[-0.0746821126,0.1567388342];1.1438793527;2.8564218905;2.5247515949;0.1736216579
4;106;[-0.1384890344,-0.1316257893];[-0.1140810329,-0.1159306003];[-0.1140810329,-0.1159306003];1.0559122412;[-0.0746821126,0.1567388342];1.1438793527;2.8510254820;2.5283149027;0.1736216579
5;50;[0.2308950788,0.0092298819];[-0.1435059581,-0.0572140893];[-0.1435059581,-0.0572140893];0.9729871047;[-0.0005889333,-0.0226268389];0.0776047176;1.8968361935;1.2465133936;0.0226345020
5;52;[0.1168735054,0.0028727463];[-0.0354074910,-0.0398162149];[-0.0354074910,-0.0398162149];0.2248983693;[-0.0005889333,-0.0226268389];0.0776047176;1.8824395079;1.2631354502;0.0226345020
5;74;[-0.0005889333,-0.0226268389];[-0.0005889333,-0.0226268389];[-0.0005889333,-0.0226268389];0.0776047176;[-0.0005889333,-0.0226268389];0.0776047176;1.8824395079;1.2631354502;0.0226345020
5;95;[-0.0746821126,0.0262914342];[0.0415118683,-0.0488404875];[0.0415118683,-0.0488404875];0.2877697565;[-0.0005889333,-0.0226268389];0.0776047176;1.8792595243;1.2670200202;0.0226345020
5;85;[-0.2374266149,-0.2905671750];[0.1289062217,0.0921457947];[0.1289062217,0.0921457947];1.0161634246;[-0.0005889333,-0.0226268389];0.0776047176;1.8186349160;1.2633502367;0.0226345020
5;83;[-0.2145652864,0.1898657452];[0.0958237495,-0.1090108908];[0.0958237495,-0.1090108908];0.9006088686;[-0.0005889333,-0.0226268389];0.0776047176;1.7763379836;1.2721058316;0.0226345020
5;79;[0.3319164764,-0.1573294257];[0.3319164764,-0.1573294257];[0.3319164764,-0.1573294257];2.7014423212;[-0.0005889333,-0.0226268389];0.0776047176;1.7763379836;1.2721058316;0.0226345020
5;22;[-0.2168403502,-0.3235507487];[-0.0134616878,0.0560758169];[-0.0134616878,0.0560758169];0.2493803096;[-0.0005889333,-0.0226268389];0.0776047176;1.6878911494;1.2829085214;0.0226345020
5;43;[0.3534187470,-0.0513693208];[-0.0643475610,-0.0840304182];[-0.0643475610,-0.0840304182];0.5763766260;[-0.0005889333,-0.0226268389];0.0776047176;1.6232358125;1.2884080394;0.0226345020
5;25;[-0.3495081180,-0.2948811253];[-0.1420922169,-0.1105823417];[-0.1420922169,-0.1105823417];1.2119737353;[-0.0005889333,-0.0226268389];0.0776047176;1.5529217911;1.2508254663;0.0226345020
5;45;[-0.0663636086,0.0281767381];[-0.0681339325,-0.0127945385];[-0.0681339325,-0.0127945385];0.3192416375;[-0.0005889333,-0.0226268389];0.0776047176;1.5523246838;1.2514098343;0.0226345020
5;94;[-0.0746821126,-0.0513693208];[-0.0676112777,0.0047300664];[-0.0676112777,0.0047300664];0.3095208791;[-0.0005889333,-0.0226268389];0.0776047176;1.5471957329;1.2561686362;0.0226345020
5;73;[-0.0746821126,0.1567388342];[-0.0746821126,0.1567388342];[-0.0746821126,0.1567388342];1.1438793527;[-0.0005889333,-0.0226268389];0.0776047176;1.5471957329;1.2561686362;0.0226345020
5;8;[0.9840355885,0.4730800741];[0.4567130272,0.0648131887];[0.4567130272,0.0648131887];3.0036160482;[-0.0005889333,-0.0226268389];0.0776047176;1.4948080611;1.1577064354;0.0226345020
5;32;[0.9866796114,-0.3018561279];[0.0415497613,0.0144009921];[0.0415497613,0.0144009921];0.1751199305;[-0.0005889333,-0.0226268389];0.0776047176;1.3662673633;1.0804385296;0.0226345020
5;90;[-0.0670635965,-0.0770743016];[-0.0670635965,-0.0770743016];[-0.0670635965,-0.0770743016];0.5485920156;[-0.0005889333,-0.0226268389];0.0776047176;1.3662673633;1.0804385296;0.0226345020
5;41;[0.8515709634,-0.3630456880];[0.8515709634,-0.3630456880];[0.8515709634,-0.3630456880];4.2002485350;[-0.0005889333,-0.0226268389];0.0776047176;1.3662673633;1.0804385296;0.0226345020
5;48;[-0.0988263627,-0.2049969174];[-0.0540571039,0.0963163416];[-0.0540571039,0.0963163416];0.6109857120;[-0.0005889333,-0.0226268389];0.0776047176;1.3324639956;1.0876519872;0.0226345020
5;78;[-0.2168403502,-0.3235507487];[0.0026571694,0.1339927835];[0.0026571694,0.1339927835];0.7936742351;[-0.0005889333,-0.0226268389];0.0776047176;1.2621602922;1.0514388924;0.0226345020
5;106;[-0.1140810329,-0.1159306003];[-0.0740061223,-0.0258242679];[-0.0740061223,-0.0258242679];0.3778928671;[-0.0005889333,-0.0226268389];0.0776047176;1.2395596464;1.0628543217;0.0226345020
5;71;[0.2952833201,0.9044405157];[0.2952833201,0.9044405157];[0.2952833201,0.9044405157];3.9232748930;[-0.0005889333,-0.0226268389];0.0776047176;1.2395596464;1.0628543217;0.0226345020
5;5;[-0.1655581567,-0.1316257893];[-0.1595541444,-0.1359237773];[-0.1595541444,-0.1359237773];1.4847304765;[-0.0005889333,-0.0226268389];0.0776047176;1.2390213219;1.0627259114;0.0226345020
5;28;[-0.2393008669,-0.0446838934];[-0.1313739920,-0.1664801824];[-0.1313739920,-0.1664801824];1.5059023528;[-0.0005889333,-0.0226268389];0.0776047176;1.2317805429;1.0601397145;0.0226345020
5;82;[-0.1384890344,-0.1582351758];[-0.1384890344,-0.1582351758];[-0.1384890344,-0.1582351758];1.4913765666;[-0.0005889333,-0.0226268389];0.0776047176;1.2317805429;1.0601397145;0.0226345020
5;107;[-19.8461762472,0.0169308203];[-1.5990070152,0.0107774321];[-1.5990070152,0.0107774321];5.6692004621;[-0.0005889333,-0.0226268389];0.0776047176;1.2317805429;1.0601397145;0.0226345020
5;108;[0.0415118683,-13.4764163880];[-0.0904833647,-6.9654648082];[-0.0904833647,-6.9654648082];12.7672204129;[-0.0005889333,-0.0226268389];0.0776047176;1.3749231209;1.3047357691;0.0226345020
5;109;[-0.0354074910,0.0169308203];[-0.0354074910,0.0048687850];[-0.0354074910,0.0048687850];0.1347533264;[-0.0005889333,-0.0226268389];0.0776047176;1.7309324113;2.3618125465;0.0226345020
5;110;[-0.1313037470,-0.0398162149];[-0.1313037470,-0.0026363224];[-0.1313037470,-0.0026363224];0.7717788868;[-0.0005889333,-0.0226268389];0.0776047176;1.6825633481;2.3417919462;0.0226345020
5;111;[-0.1313037470,0.0169308203];[0.0270276297,0.0780553718];[0.0270276297,0.0780553718];0.4062168387;[-0.0005889333,-0.0226268389];0.0776047176;1.6557755698;2.3122231763;0.0226345020
5;112;[0.1289062217,0.0921457947];[0.1289062217,0.0921457947];[0.1289062217,0.0921457947];1.0161634246;[-0.0005889333,-0.0226268389];0.0776047176;1.6200738918;2.2884403314;0.0226345020
5;113;[-0.0746821126,-0.1105823417];[-0.0746821126,0.0020487502];[-0.0746821126,0.0020487502];0.3533149400;[-0.0005889333,-0.0226268389];0.0776047176;1.6032986011;2.2586140498;0.0226345020
5;114;[-0.1420922169,0.1567388342];[-0.1420922169,0.0683167714];[-0.1420922169,0.0683167714];1.0032721057;[-0.0005889333,-0.0226268389];0.0776047176;1.5695152589;2.2370853254;0.0226345020
5;115;[-0.0676112777,0.1567388342];[-0.0676112777,0.1567388342];[-0.0676112777,0.1567388342];1.1159429124;[-0.0005889333,-0.0226268389];0.0776047176;1.5546141233;2.2093138463;0.0226345020
5;116;[-0.0746821126,0.0047300664];[-0.0746821126,0.0047300664];[-0.0746821126,0.0047300664];0.3541169876;[-0.0005889333,-0.0226268389];0.0776047176;1.5433661435;2.1819073623;0.0226345020
5;117;[0.0782286880,0.0572253203];[-0.0646201928,0.0194471837];[-0.0646201928,0.0194471837];0.3079575970;[-0.0005889333,-0.0226268389];0.0776047176;1.5136349146;2.1624466785;0.0226345020
5;118;[-0.0670635965,-0.0770743016];[0.0522421872,0.0151211683];[0.0522421872,0.0151211683];0.2308058863;[-0.0005889333,-0.0226268389];0.0776047176;1.4842281507;2.1439946090;0.0226345020
5;119;[0.4567130272,0.0572253203];[0.4096614205,0.0572253203];[0.4096614205,0.0572253203];2.8071395489;[-0.0005889333,-0.0226268389];0.0776047176;1.4543847635;2.1269186813;0.0226345020
5;120;[0.0782286880,0.0648131887];[0.0782286880,0.0648131887];[0.0782286880,0.0648131887];0.5441676628;[-0.0005889333,-0.0226268389];0.0776047176;1.4858441771;2.1119057736;0.0226345020
5;121;[0.3319164764,0.1339927835];[0.3319164764,0.0094688480];[0.3319164764,0.0094688480];2.3478972563;[-0.0005889333,-0.0226268389];0.0776047176;1.4644424382;2.0924804713;0.0226345020
5;122;[-9.8129171271,-0.1573294257];[-5.6395540681,-0.1573294257];[-5.6395540681,-0.1573294257];12.7563248026;[-0.0005889333,-0.0226268389];0.0776047176;1.4840747674;2.0731941386;0.0226345020
5;123;[0.3319164764,0.0963163416];[0.3319164764,0.0664117669];[0.3319164764,0.0664117669];2.4182705303;[-0.0005889333,-0.0226268389];0.0776047176;1.7291236812;2.6280981525;0.0226345020
5;124;[-0.0540571039,-0.1573294257];[-0.0540571039,-0.0015856875];[-0.0540571039,-0.0015856875];0.2289922524;[-0.0005889333,-0.0226268389];0.0776047176;1.7437863802;2.6018905320;0.0226345020
5;125;[-0.1384890344,-0.1582351758];[-0.1330283967,-0.1585977596];[-0.1330283967,-0.1585977596];1.4605516331;[-0.0005889333,-0.0226268389];0.0776047176;1.7122281692;2.5837191018;0.0226345020
5;126;[-0.1313739920,-0.1664801824];[-0.1313739920,-0.1664801824];[-0.1313739920,-0.1664801824];1.5059023528;[-0.0005889333,-0.0226268389];0.0776047176;1.7070919133;2.5574662982;0.0226345020
5;89;[0.3008400654,0.0637393721];[0.0772669464,-0.0839683458];[0.0772669464,-0.0839683458];0.6413956146;[-0.0005889333,-0.0226268389];0.0776047176;1.6715970356;2.5351383836;0.0226345020
5;93;[0.1645151352,0.1567388342];[0.1645151352,0.1567388342];[0.1645151352,0.1567388342];1.6478529465;[-0.0005889333,-0.0226268389];0.0776047176;1.6715970356;2.5351383836;0.0226345020
5;102;[-0.0988263627,-0.2049969174];[-0.0988263627,-0.2049969174];[-0.0988263627,-0.2049969174];1.6250867444;[-0.0005889333,-0.0226268389];0.0776047176;1.6715970356;2.5351383836;0.0226345020
5;103;[0.1410092182,-0.2390396600];[0.1379334643,-0.1458449140];[0.1379334643,-0.1458449140];1.4041430363;[-0.0005889333,-0.0226268389];0.0776047176;1.6583191542;2.5347657999;0.0226345020
5;41;[0.8515709634,-0.3630456880];[0.6197398057,-0.2771079974];[0.6197398057,-0.2771079974];3.9113677326;[-0.0005889333,-0.0226268389];0.0776047176;1.6525415382;2.5292885833;0.0226345020
5;71;[0.2952833201,0.9044405157];[0.1711161354,0.6994097840];[0.1711161354,0.6994097840];3.5696549021;[-0.0005889333,-0.0226268389];0.0776047176;1.6454691384;2.5234168487;0.0226345020
5;107;[-1.5990070152,0.0107774321];[-0.2716981719,0.0071436952];[-0.2716981719,0.0071436952];1.9328115911;[-0.0005889333,-0.0226268389];0.0776047176;1.5707413610;2.4576190490;0.0226345020
5;108;[-0.0904833647,-6.9654648082];[-0.0753121429,-5.2322357787];[-0.0753121429,-5.2322357787];11.5262994514;[-0.0005889333,-0.0226268389];0.0776047176;1.5459229417;2.3482579311;0.0226345020
5;109;[-0.0354074910,0.0048687850];[-0.0354074910,0.0048687850];[-0.0354074910,0.0048687850];0.1347533264;[-0.0005889333,-0.0226268389];0.0776047176;1.5459229417;2.3482579311;0.0226345020
5;110;[-0.1313037470,-0.0026363224];[-0.0509147070,0.0009647202];[-0.0509147070,0.0009647202];0.2116303143;[-0.0005889333,-0.0226268389];0.0776047176;1.5347199703;2.3532553113;0.0226345020
5;111;[0.0270276297,0.0780553718];[0.0270276297,0.0780553718];[0.0270276297,0.0780553718];0.4062168387;[-0.0005889333,-0.0226268389];0.0776047176;1.5347199703;2.3532553113;0.0226345020
5;112;[0.1289062217,0.0921457947];[0.1010386979,0.0176296088];[0.1010386979,0.0176296088];0.5478696449;[-0.0005889333,-0.0226268389];0.0776047176;1.5253540947;2.3562305265;0.0226345020
5;113;[-0.0746821126,0.0020487502];[-0.0489960099,0.0128441925];[-0.0489960099,0.0128441925];0.2102219021;[-0.0005889333,-0.0226268389];0.0776047176;1.5224922339;2.3577387561;0.0226345020
5;114;[-0.1420922169,0.0683167714];[-0.1420922169,0.0683167714];[-0.1420922169,0.0683167714];1.0032721057;[-0.0005889333,-0.0226268389];0.0776047176;1.5224922339;2.3577387561;0.0226345020
5;115;[-0.0676112777,0.1567388342];[-0.0504221273,0.0960439567];[-0.0504221273,0.0960439567];0.5953930017;[-0.0005889333,-0.0226268389];0.0776047176;1.5120812357;2.3606584390;0.0226345020
5;116;[-0.0746821126,0.0047300664];[-0.0488626383,0.0048328893];[-0.0488626383,0.0048328893];0.2018252790;[-0.0005889333,-0.0226268389];0.0776047176;1.5090354015;2.3622482465;0.0226345020
5;117;[-0.0646201928,0.0194471837];[-0.0640107624,0.0059191404];[-0.0640107624,0.0059191404];0.2882183003;[-0.0005889333,-0.0226268389];0.0776047176;1.5086406156;2.3624505820;0.0226345020
5;118;[0.0522421872,0.0151211683];[0.0522421872,0.0151211683];[0.0522421872,0.0151211683];0.2308058863;[-0.0005889333,-0.0226268389];0.0776047176;1.5086406156;2.3624505820;0.0226345020
5;119;[0.4096614205,0.0572253203];[0.3878829491,0.0354427570];[0.3878829491,0.0354427570];2.6775917710;[-0.0005889333,-0.0226268389];0.0776047176;1.5060496600;2.3610957172;0.0226345020
5;120;[0.0782286880,0.0648131887];[0.0402794632,-0.0108825054];[0.0402794632,-0.0108825054];0.1637413363;[-0.0005889333,-0.0226268389];0.0776047176;1.4984411335;2.3647931388;0.0226345020
5;121;[0.3319164764,0.0094688480];[-0.2187707980,0.0080627149];[-0.2187707980,0.0080627149];1.5116229027;[-0.0005889333,-0.0226268389];0.0776047176;1.4817156464;2.3616813520;0.0226345020
5;122;[-5.6395540681,-0.1573294257];[-3.0928940215,-0.0296674730];[-3.0928940215,-0.0296674730];7.3235457644;[-0.0005889333,-0.0226268389];0.0776047176;1.3730600657;1.9250808096;0.0226345020
5;123;[0.3319164764,0.0664117669];[0.2206131544,0.0331216423];[0.2206131544,0.0331216423];1.5515714968;[-0.0005889333,-0.0226268389];0.0776047176;1.3557260850;1.9194852656;0.0226345020
5;124;[-0.0540571039,-0.0015856875];[-0.0483923296,0.0017296632];[-0.0483923296,0.0017296632];0.1982072086;[-0.0005889333,-0.0226268389];0.0776047176;1.3551103841;1.9198514844;0.0226345020
5;125;[-0.1330283967,-0.1585977596];[-0.1330283967,-0.1585977596];[-0.1330283967,-0.1585977596];1.4605516331;[-0.0005889333,-0.0226268389];0.0776047176;1.3551103841;1.9198514844;0.0226345020
5;126;[-0.1313739920,-0.1664801824];[0.0190552366,-0.0461868978];[0.0190552366,-0.0461868978];0.2065715158;[-0.0005889333,-0.0226268389];0.0776047176;1.3291237674;1.9264170068;0.0226345020
6;52;[-0.0354074910,-0.0398162149];[-0.0205566605,-0.0317915756];[-0.0205566605,-0.0317915756];0.1448719776;[-0.0005889333,-0.0226268389];0.0776047176;0.4725769766;0.3701296312;0.0226345020
6;74;[-0.0005889333,-0.0226268389];[-0.0005889333,-0.0226268389];[-0.0005889333,-0.0226268389];0.0776047176;[-0.0005889333,-0.0226268389];0.0776047176;0.4725769766;0.3701296312;0.0226345020
6;83;[0.0958237495,-0.1090108908];[0.0021644011,-0.0275667188];[0.0021644011,-0.0275667188];0.0984431477;[-0.0005889333,-0.0226268389];0.0776047176;0.4458381192;0.3672053986;0.0226345020
6;109;[-0.0354074910,0.0048687850];[-0.0160976797,-0.0156487253];[-0.0160976797,-0.0156487253];0.0768757016;[-0.0005889333,-0.0226268389];0.0776047176;0.4439088651;0.3689824747;0.0226345020
6;99;[-0.1313037470,0.0169308203];[-0.1313037470,0.0169308203];[-0.1313037470,0.0169308203];0.7810977204;[-0.0005889333,-0.0226268389];0.0776047176;0.4439088651;0.3689824747;0.0226345020
6;22;[-0.0134616878,0.0560758169];[-0.0475483508,0.0314422245];[-0.0475483508,0.0314422245];0.2458590721;[-0.0005889333,-0.0226268389];0.0776047176;0.4437914905;0.3690448910;0.0226345020
6;43;[-0.0643475610,-0.0840304182];[-0.0497210556,0.0218412205];[-0.0497210556,0.0218412205];0.2304548896;[-0.0005889333,-0.0226268389];0.0776047176;0.4322607660;0.3701247045;0.0226345020
6;45;[-0.0681339325,-0.0127945385];[-0.0159847628,0.0604733490];[-0.0159847628,0.0604733490];0.2779688964;[-0.0005889333,-0.0226268389];0.0776047176;0.4308850079;0.3706186172;0.0226345020
6;94;[-0.0676112777,0.0047300664];[-0.0471966580,0.0262499195];[-0.0471966580,0.0262499195];0.2288351878;[-0.0005889333,-0.0226268389];0.0776047176;0.4281954849;0.3717805201;0.0226345020
6;73;[-0.0746821126,0.1567388342];[-0.0746821126,0.1567388342];[-0.0746821126,0.1567388342];1.1438793527;[-0.0005889333,-0.0226268389];0.0776047176;0.4281954849;0.3717805201;0.0226345020
6;32;[0.0415497613,0.0144009921];[0.0049137104,0.0012629669];[0.0049137104,0.0012629669];0.0150350775;[-0.0005889333,-0.0226268389];0.0776047176;0.4228593231;0.3764935901;0.0226345020
6;90;[-0.0670635965,-0.0770743016];[0.0224687383,0.0129391323];[0.0224687383,0.0129391323];0.0911526873;[-0.0005889333,-0.0226268389];0.0776047176;0.4076113455;0.3803361785;0.0226345020
6;116;[-0.0488626383,0.0048328893];[-0.0488626383,0.0048328893];[-0.0488626383,0.0048328893];0.2018252790;[-0.0005889333,-0.0226268389];0.0776047176;0.4076113455;0.3803361785;0.0226345020
6;91;[0.0782286880,0.0572253203];[0.0782286880,0.0572253203];[0.0782286880,0.0572253203];0.5091310949;[-0.0005889333,-0.0226268389];0.0776047176;0.4076113455;0.3803361785;0.0226345020
6;48;[-0.0540571039,0.0963163416];[0.0183538567,0.0106320784];[0.0183538567,0.0106320784];0.0719361569;[-0.0005889333,-0.0226268389];0.0776047176;0.3896430270;0.3830273770;0.0226345020
6;78;[0.0026571694,0.1339927835];[0.0229714171,-0.0372308244];[0.0229714171,-0.0372308244];0.1740264623;[-0.0005889333,-0.0226268389];0.0776047176;0.3689881012;0.3773481881;0.0226345020
6;106;[-0.0740061223,-0.0258242679];[0.0060378024,0.0160857228];[0.0060378024,0.0160857228];0.0564401073;[-0.0005889333,-0.0226268389];0.0776047176;0.3582730092;0.3814844781;0.0226345020
6;120;[0.0402794632,-0.0108825054];[0.0402794632,-0.0108825054];[0.0402794632,-0.0108825054];0.1637413363;[-0.0005889333,-0.0226268389];0.0776047176;0.3582730092;0.3814844781;0.0226345020
6;5;[-0.1595541444,-0.1359237773];[-0.1212035121,-0.0882219519];[-0.1212035121,-0.0882219519];0.9410000069;[-0.0005889333,-0.0226268389];0.0776047176;0.3401486603;0.3379705006;0.0226345020
6;110;[-0.0509147070,0.0009647202];[-0.0509147070,0.0009647202];[-0.0509147070,0.0009647202];0.2116303143;[-0.0005889333,-0.0226268389];0.0776047176;0.3401486603;0.3379705006;0.0226345020
6;82;[-0.1384890344,-0.1582351758];[-0.1384890344,-0.1582351758];[-0.1384890344,-0.1582351758];1.4913765666;[-0.0005889333,-0.0226268389];0.0776047176;0.3401486603;0.3379705006;0.0226345020
6;127;[0.0270276297,2.7565584342];[-0.0003374126,1.5303813442];[-0.0003374126,1.5303813442];5.6013587360;[-0.0005889333,-0.0226268389];0.0776047176;0.3401486603;0.3379705006;0.0226345020
6;128;[32.3648671949,-0.0226268389];[25.8264010909,-0.0226268389];[25.8264010909,-0.0226268389];20.1331930232;[-0.0005889333,-0.0226268389];0.0776047176;0.5098651143;0.9872434631;0.0226345020
6;129;[0.0270276297,0.0780553718];[0.0270276297,0.0780553718];[0.0270276297,0.0780553718];0.4062168387;[-0.0005889333,-0.0226268389];0.0776047176;1.1230941115;3.5498923568;0.0226345020
6;130;[-0.0160976797,-0.0156487253];[-0.0009333556,0.0034344531];[-0.0009333556,0.0034344531];0.0104036859;[-0.0005889333,-0.0226268389];0.0776047176;1.1013705577;3.4978516512;0.0226345020
6;131;[0.0190552366,-0.0461868978];[-0.0266040076,0.0109426642];[-0.0266040076,0.0109426642];0.1032642430;[-0.0005889333,-0.0226268389];0.0776047176;1.0692832968;3.4509550525;0.0226345020
6;132;[-12.7999689184,0.0262499195];[-3.7839500511,0.0262499195];[-3.7839500511,0.0262499195];9.1861695851;[-0.0005889333,-0.0226268389];0.0776047176;1.0416827524;3.4051038016;0.0226345020
6;133;[0.0190552366,-0.0461868978];[-0.0153595426,-0.0290436672];[-0.0153595426,-0.0290436672];0.1214516168;[-0.0005889333,-0.0226268389];0.0776047176;1.2679184978;3.6144221461;0.0226345020
6;134;[-0.0159847628,0.0604733490];[-0.0159847628,0.0604733490];[-0.0159847628,0.0604733490];0.2779688964;[-0.0005889333,-0.0226268389];0.0776047176;1.2369329064;3.5700880849;0.0226345020
6;135;[0.0782286880,0.0012629669];[0.0094705440,0.0012629669];[0.0094705440,0.0012629669];0.0294528845;[-0.0005889333,-0.0226268389];0.0776047176;1.2116970114;3.5261428988;0.0226345020
6;136;[-5.0320790259,0.0572253203];[-2.9169755230,0.0572253203];[-2.9169755230,0.0572253203];7.0164155496;[-0.0005889333,-0.0226268389];0.0776047176;1.1813830594;3.4856550166;0.0226345020
6;137;[0.0782286880,0.0572253203];[0.0782286880,0.0572253203];[0.0782286880,0.0572253203];0.5091310949;[-0.0005889333,-0.0226268389];0.0776047176;1.3272588717;3.5603309501;0.0226345020
6;138;[0.0224687383,0.0129391323];[0.0224687383,0.0129391323];[0.0224687383,0.0129391323];0.0911526873;[-0.0005889333,-0.0226268389];0.0776047176;1.3073045357;3.5189080444;0.0226345020
6;139;[0.0402794632,-0.0108825054];[0.0402794632,-0.0108825054];[0.0402794632,-0.0108825054];0.1637413363;[-0.0005889333,-0.0226268389];0.0776047176;1.2783485393;3.4817041437;0.0226345020
6;140;[0.0060378024,0.0160857228];[0.0060378024,0.0160857228];[0.0060378024,0.0160857228];0.0564401073;[-0.0005889333,-0.0226268389];0.0776047176;1.2524274415;3.4450791823;0.0226345020
6;141;[-8.1741433100,7.5123767605];[-3.5268582808,6.8756930974];[-3.5268582808,6.8756930974];15.1416894530;[-0.0005889333,-0.0226268389];0.0776047176;1.2252459112;3.4103665877;0.0226345020
6;142;[0.0183538567,0.0106320784];[0.0183538567,0.0106320784];[0.0183538567,0.0106320784];0.0719361569;[-0.0005889333,-0.0226268389];0.0776047176;1.5345002121;3.9471792809;0.0226345020
6;143;[-0.1313037470,0.0169308203];[-0.1313037470,0.0169308203];[-0.1313037470,0.0169308203];0.7810977204;[-0.0005889333,-0.0226268389];0.0776047176;1.5027053414;3.9098612340;0.0226345020
6;144;[-0.0509147070,0.0009647202];[-0.0509147070,0.0009647202];[-0.0509147070,0.0009647202];0.2116303143;[-0.0005889333,-0.0226268389];0.0776047176;1.4873519877;3.8694447412;0.0226345020
6;112;[0.1010386979,0.0176296088];[0.0147830720,0.0096420066];[0.0147830720,0.0096420066];0.0581977301;[-0.0005889333,-0.0226268389];0.0776047176;1.4505729546;3.8363250470;0.0226345020
6;113;[-0.0489960099,0.0128441925];[-0.0075019057,0.0124317617];[-0.0075019057,0.0124317617];0.0466742110;[-0.0005889333,-0.0226268389];0.0776047176;1.4471657111;3.8374976039;0.0226345020
6;115;[-0.0504221273,0.0960439567];[-0.0370018435,0.0854339430];[-0.0370018435,0.0854339430];0.4800581159;[-0.0005889333,-0.0226268389];0.0776047176;1.4447629010;3.8380662462;0.0226345020
6;117;[-0.0640107624,0.0059191404];[-0.0306527384,0.0057292173];[-0.0306527384,0.0057292173];0.1138925461;[-0.0005889333,-0.0226268389];0.0776047176;1.4411311144;3.8392412116;0.0226345020
6;118;[0.0522421872,0.0151211683];[0.0157014259,0.0158199257];[0.0157014259,0.0158199257];0.0762288948;[-0.0005889333,-0.0226268389];0.0776047176;1.4379107604;3.8403197594;0.0226345020
6;95;[0.0415118683,-0.0488404875];[0.0097254495,-0.0183035201];[0.0097254495,-0.0183035201];0.0700291162;[-0.0005889333,-0.0226268389];0.0776047176;1.4333744971;3.8418039630;0.0226345020
6;124;[-0.0483923296,0.0017296632];[-0.0205725333,0.0021323274];[-0.0205725333,0.0021323274];0.0698507664;[-0.0005889333,-0.0226268389];0.0776047176;1.4307004045;3.8427073372;0.0226345020
6;73;[-0.0746821126,0.1567388342];[-0.0746821126,0.1567388342];[-0.0746821126,0.1567388342];1.1438793527;[-0.0005889333,-0.0226268389];0.0776047176;1.4307004045;3.8427073372;0.0226345020
6;82;[-0.1384890344,-0.1582351758];[-0.1201023823,0.0983727332];[-0.1201023823,0.0983727332];0.9890400557;[-0.0005889333,-0.0226268389];0.0776047176;1.4202350606;3.8432118452;0.0226345020
6;127;[-0.0003374126,1.5303813442];[-0.0174525295,0.9719669962];[-0.0174525295,0.9719669962];2.5979836897;[-0.0005889333,-0.0226268389];0.0776047176;1.3576647471;3.7988229654;0.0226345020
6;128;[25.8264010909,-0.0226268389];[18.8931486185,-0.0157675826];[18.8931486185,-0.0157675826];18.9030812566;[-0.0005889333,-0.0226268389];0.0776047176;1.3320374186;3.6741788716;0.0226345020
6;129;[0.0270276297,0.0780553718];[0.0226692216,0.0175301912];[0.0226692216,0.0175301912];0.1028001862;[-0.0005889333,-0.0226268389];0.0776047176;1.3257162384;3.6760267861;0.0226345020
6;130;[-0.0009333556,0.0034344531];[-0.0009333556,0.0034344531];[-0.0009333556,0.0034344531];0.0104036859;[-0.0005889333,-0.0226268389];0.0776047176;1.3257162384;3.6760267861;0.0226345020
6;131;[-0.0266040076,0.0109426642];[-0.0053282899,0.0076026862];[-0.0053282899,0.0076026862];0.0285527407;[-0.0005889333,-0.0226268389];0.0776047176;1.3241597487;3.6765598410;0.0226345020
6;132;[-3.7839500511,0.0262499195];[-3.7839500511,0.0262499195];[-3.7839500511,0.0262499195];9.1861695851;[-0.0005889333,-0.0226268389];0.0776047176;1.3241597487;3.6765598410;0.0226345020
6;133;[-0.0153595426,-0.0290436672];[-0.0091086423,0.0015118765];[-0.0091086423,0.0015118765];0.0283841996;[-0.0005889333,-0.0226268389];0.0776047176;1.3222208442;3.6772180826;0.0226345020
6;134;[-0.0159847628,0.0604733490];[-0.0008497289,-0.0053393622];[-0.0008497289,-0.0053393622];0.0160702302;[-0.0005889333,-0.0226268389];0.0776047176;1.3167646220;3.6789573761;0.0226345020
6;135;[0.0094705440,0.0012629669];[0.0019364313,0.0032588859];[0.0019364313,0.0032588859];0.0111045931;[-0.0005889333,-0.0226268389];0.0776047176;1.3163823659;3.6790920630;0.0226345020
6;136;[-2.9169755230,0.0572253203];[-1.8274823271,0.0341357877];[-1.8274823271,0.0341357877];5.2144566403;[-0.0005889333,-0.0226268389];0.0776047176;1.2788415553;3.6295989257;0.0226345020
6;137;[0.0782286880,0.0572253203];[0.0493551482,0.0224423384];[0.0493551482,0.0224423384];0.2299676058;[-0.0005889333,-0.0226268389];0.0776047176;1.2730256493;3.6310509846;0.0226345020
6;138;[0.0224687383,0.0129391323];[0.0110525432,0.0121021907];[0.0110525432,0.0121021907];0.0534972792;[-0.0005889333,-0.0226268389];0.0776047176;1.2722411616;3.6313103017;0.0226345020
6;139;[0.0402794632,-0.0108825054];[0.0232443788,-0.0063955798];[0.0232443788,-0.0063955798];0.0835945214;[-0.0005889333,-0.0226268389];0.0776047176;1.2705714363;3.6318380089;0.0226345020
6;140;[0.0060378024,0.0160857228];[-0.0007235262,0.0068876442];[-0.0007235262,0.0068876442];0.0208650708;[-0.0005889333,-0.0226268389];0.0776047176;1.2698302897;3.6320893213;0.0226345020
6;141;[-3.5268582808,6.8756930974];[-1.2978771855,5.2069194185];[-1.2978771855,5.2069194185];12.3690165990;[-0.0005889333,-0.0226268389];0.0776047176;1.2120662719;3.4272887596;0.0226345020
6;142;[0.0183538567,0.0106320784];[0.0070279635,0.0099597560];[0.0070279635,0.0099597560];0.0384304001;[-0.0005889333,-0.0226268389];0.0776047176;1.2113682353;3.4275243030;0.0226345020
6;143;[-0.1313037470,0.0169308203];[0.0189869436,0.0178407008];[0.0189869436,0.0178407008];0.0916851824;[-0.0005889333,-0.0226268389];0.0776047176;1.1970054741;3.4307401784;0.0226345020
6;144;[-0.0509147070,0.0009647202];[-0.0043560586,-0.0063768544];[-0.0043560586,-0.0063768544];0.0234304473;[-0.0005889333,-0.0226268389];0.0776047176;1.1930846436;3.4319713980;0.0226345020
7;52;[-0.0205566605,-0.0317915756];[-0.0040134631,-0.0154188136];[-0.0040134631,-0.0154188136];0.0518102604;[-0.0009333556,0.0034344531];0.0104036859;0.1120344179;0.1442548861;0.0035590196
7;74;[-0.0005889333,-0.0226268389];[-0.0058234532,-0.0170559382];[-0.0058234532,-0.0170559382];0.0596038082;[-0.0009333556,0.0034344531];0.0104036859;0.1114343876;0.1444341751;0.0035590196
7;83;[0.0021644011,-0.0275667188];[-0.0036227864,-0.0049733163];[-0.0036227864,-0.0049733163];0.0184109452;[-0.0009333556,0.0034344531];0.0104036859;0.1087666475;0.1453854660;0.0035590196
7;109;[-0.0160976797,-0.0156487253];[-0.0125382769,-0.0134348329];[-0.0125382769,-0.0134348329];0.0609495785;[-0.0009333556,0.0034344531];0.0104036859;0.1082357767;0.1455299507;0.0035590196
7;134;[-0.0008497289,-0.0053393622];[-0.0008497289,-0.0053393622];[-0.0008497289,-0.0053393622];0.0160702302;[-0.0009333556,0.0034344531];0.0104036859;0.1082357767;0.1455299507;0.0035590196
7;22;[-0.0475483508,0.0314422245];[0.0057564998,-0.0045002135];[0.0057564998,-0.0045002135];0.0220878898;[-0.0009333556,0.0034344531];0.0104036859;0.1007767373;0.1440117085;0.0035590196
7;43;[-0.0497210556,0.0218412205];[0.0086411523,-0.0033084127];[0.0086411523,-0.0033084127];0.0284493183;[-0.0009333556,0.0034344531];0.0104036859;0.0940432183;0.1425056478;0.0035590196
7;94;[-0.0471966580,0.0262499195];[-0.0302271195,0.0147625419];[-0.0302271195,0.0147625419];0.1250341772;[-0.0009333556,0.0034344531];0.0104036859;0.0905831846;0.1404360114;0.0035590196
7;130;[-0.0009333556,0.0034344531];[-0.0009333556,0.0034344531];[-0.0009333556,0.0034344531];0.0104036859;[-0.0009333556,0.0034344531];0.0104036859;0.0905831846;0.1404360114;0.0035590196
7;126;[0.0190552366,-0.0461868978];[0.0190552366,-0.0461868978];[0.0190552366,-0.0461868978];0.2065715158;[-0.0009333556,0.0034344531];0.0104036859;0.0905831846;0.1404360114;0.0035590196
7;32;[0.0049137104,0.0012629669];[0.0048469328,0.0012653179];[0.0048469328,0.0012653179];0.0148367132;[-0.0009333556,0.0034344531];0.0104036859;0.0905765725;0.1404395729;0.0035590196
7;90;[0.0224687383,0.0129391323];[0.0065133729,0.0032910436];[0.0065133729,0.0032910436];0.0220582880;[-0.0009333556,0.0034344531];0.0104036859;0.0882734258;0.1409767709;0.0035590196
7;116;[-0.0488626383,0.0048328893];[0.0163564759,0.0002979061];[0.0163564759,0.0002979061];0.0533814064;[-0.0009333556,0.0034344531];0.0104036859;0.0833252967;0.1395017811;0.0035590196
7;95;[0.0097254495,-0.0183035201];[-0.0023405695,0.0097710254];[-0.0023405695,0.0097710254];0.0311044935;[-0.0009333556,0.0034344531];0.0104036859;0.0820278093;0.1398001106;0.0035590196
7;140;[-0.0007235262,0.0068876442];[-0.0007235262,0.0068876442];[-0.0007235262,0.0068876442];0.0208650708;[-0.0009333556,0.0034344531];0.0104036859;0.0820278093;0.1398001106;0.0035590196
7;135;[0.0019364313,0.0032588859];[0.0019364313,0.0032588859];[0.0019364313,0.0032588859];0.0111045931;[-0.0009333556,0.0034344531];0.0104036859;0.0820278093;0.1398001106;0.0035590196
7;120;[0.0402794632,-0.0108825054];[0.0402794632,-0.0108825054];[0.0402794632,-0.0108825054];0.1637413363;[-0.0009333556,0.0034344531];0.0104036859;0.0820278093;0.1398001106;0.0035590196
7;110;[-0.0509147070,0.0009647202];[-0.0448606327,0.0098531787];[-0.0448606327,0.0098531787];0.1851495170;[-0.0009333556,0.0034344531];0.0104036859;0.0811451161;0.1390606619;0.0035590196
7;131;[-0.0053282899,0.0076026862];[-0.0053282899,0.0076026862];[-0.0053282899,0.0076026862];0.0285527407;[-0.0009333556,0.0034344531];0.0104036859;0.0811451161;0.1390606619;0.0035590196
7;99;[-0.1313037470,0.0169308203];[-0.1313037470,0.0169308203];[-0.1313037470,0.0169308203];0.7810977204;[-0.0009333556,0.0034344531];0.0104036859;0.0811451161;0.1390606619;0.0035590196
7;145;[-0.0036227864,-0.0053393622];[-0.0036227864,-0.0051398759];[-0.0036227864,-0.0051398759];0.0188387222;[-0.0009333556,0.0034344531];0.0104036859;0.0811451161;0.1390606619;0.0035590196
7;146;[-11.1324788236,-0.0049733163];[-6.7908549700,-0.0051744075];[-6.7908549700,-0.0051744075];13.1918856583;[-0.0009333556,0.0034344531];0.0104036859;0.0791352324;0.1372415917;0.0035590196
7;147;[-0.0008497289,-0.0053393622];[-0.0008497289,-0.0053393622];[-0.0008497289,-0.0053393622];0.0160702302;[-0.0009333556,0.0034344531];0.0104036859;0.4889086832;2.2855173076;0.0035590196
7;148;[-0.0125382769,-0.0134348329];[-0.0125382769,-0.0134348329];[-0.0125382769,-0.0134348329];0.0609495785;[-0.0009333556,0.0034344531];0.0104036859;0.4745802452;2.2520809286;0.0035590196
7;149;[11.4820953688,-0.0045002135];[8.9365737236,0.0000482137];[8.9365737236,0.0000482137];14.4530099936;[-0.0009333556,0.0034344531];0.0104036859;0.4624146374;2.2198153014;0.0035590196
7;150;[0.0057564998,0.0158199257];[0.0057564998,0.0158199257];[0.0057564998,0.0158199257];0.0551462281;[-0.0009333556,0.0034344531];0.0104036859;0.8621459333;3.1967930299;0.0035590196
7;151;[0.0157014259,0.0158199257];[0.0101774892,0.0042862961];[0.0101774892,0.0042862961];0.0344795545;[-0.0009333556,0.0034344531];0.0104036859;0.8397292748;3.1548690629;0.0035590196
7;152;[0.0086411523,-30.6652456175];[0.0133056440,-22.1716433282];[0.0133056440,-22.1716433282];19.7641254483;[-0.0009333556,0.0034344531];0.0104036859;0.8179657688;3.1146821408;0.0035590196
7;153;[-0.0007235262,0.0032910436];[-0.0007235262,0.0032910436];[-0.0007235262,0.0032910436];0.0098330983;[-0.0009333556,0.0034344531];0.0104036859;1.3165489183;4.3178234942;0.0035590196
7;154;[0.0065133729,0.0068876442];[0.0065133729,0.0046575944];[0.0065133729,0.0046575944];0.0243547248;[-0.0009333556,0.0034344531];0.0104036859;1.2830433845;4.2671088923;0.0035590196
7;155;[-0.0007235262,0.0097710254];[-0.0007235262,0.0070428780];[-0.0007235262,0.0070428780];0.0213593256;[-0.0009333556,0.0034344531];0.0104036859;1.2515761680;4.2180125752;0.0035590196
7;156;[-0.0023405695,0.0068876442];[-0.0023351581,0.0068876442];[-0.0023351581,0.0068876442];0.0219782634;[-0.0009333556,0.0034344531];0.0104036859;1.2215708791;4.1705755696;0.0035590196
7;157;[0.0019364313,0.0124317617];[0.0019364313,0.0117024762];[0.0019364313,0.0117024762];0.0372919827;[-0.0009333556,0.0034344531];0.0104036859;1.1930091502;4.1246832024;0.0035590196
7;158;[-0.0075019057,0.0032588859];[-0.0075019057,0.0032588859];[-0.0075019057,0.0032588859];0.0249147370;[-0.0009333556,0.0034344531];0.0104036859;1.1661320068;4.0801593210;0.0035590196
7;159;[-30.8445141330,0.0015118765];[-10.9256207743,0.0015118765];[-10.9256207743,0.0015118765];15.8762180581;[-0.0009333556,0.0034344531];0.0104036859;1.1401952506;4.0371115941;0.0035590196
7;160;[-0.0053282899,0.0076026862];[-0.0053282899,0.0076026862];[-0.0053282899,0.0076026862];0.0285527407;[-0.0009333556,0.0034344531];0.0104036859;1.4676624241;4.5447128878;0.0035590196
7;112;[0.0147830720,0.0096420066];[0.0142521370,0.0085911718];[0.0142521370,0.0085911718];0.0544286267;[-0.0009333556,0.0034344531];0.0104036859;1.4362954940;4.4999640156;0.0035590196
7;124;[-0.0205725333,0.0021323274];[-0.0124956143,0.0032687549];[-0.0124956143,0.0032687549];0.0409686531;[-0.0009333556,0.0034344531];0.0104036859;1.4356676219;4.5001566402;0.0035590196
7;138;[0.0110525432,0.0121021907];[0.0002819316,0.0083140348];[0.0002819316,0.0083140348];0.0253708621;[-0.0009333556,0.0034344531];0.0104036859;1.4350561781;4.5003463033;0.0035590196
7;142;[0.0070279635,0.0099597560];[-0.0006745969,0.0091310684];[-0.0006745969,0.0091310684];0.0281277080;[-0.0009333556,0.0034344531];0.0104036859;1.4348322065;4.5004160603;0.0035590196
7;144;[-0.0043560586,-0.0063768544];[-0.0043560586,-0.0063768544];[-0.0043560586,-0.0063768544];0.0234304473;[-0.0009333556,0.0034344531];0.0104036859;1.4348322065;4.5004160603;0.0035590196
7;48;[0.0183538567,0.0106320784];[0.0086177804,0.0078106246];[0.0086177804,0.0078106246];0.0364952945;[-0.0009333556,0.0034344531];0.0104036859;1.4340617530;4.5006523443;0.0035590196
7;106;[0.0060378024,0.0160857228];[0.0031687336,0.0126257500];[0.0031687336,0.0126257500];0.0413246833;[-0.0009333556,0.0034344531];0.0104036859;1.4337331568;4.5007534642;0.0035590196
7;126;[0.0190552366,-0.0461868978];[0.0190552366,-0.0461868978];[0.0190552366,-0.0461868978];0.2065715158;[-0.0009333556,0.0034344531];0.0104036859;1.4337331568;4.5007534642;0.0035590196
7;120;[0.0402794632,-0.0108825054];[0.0287624796,-0.0027339509];[0.0287624796,-0.0027339509];0.1037957927;[-0.0009333556,0.0034344531];0.0104036859;1.4324299928;4.5011296561;0.0035590196
7;99;[-0.1313037470,0.0169308203];[-0.0899979949,0.0126618034];[-0.0899979949,0.0126618034];0.4629356527;[-0.0009333556,0.0034344531];0.0104036859;1.4255134261;4.5023694759;0.0035590196
7;145;[-0.0036227864,-0.0051398759];[-0.0036227864,-0.0051398759];[-0.0036227864,-0.0051398759];0.0188387222;[-0.0009333556,0.0034344531];0.0104036859;1.4255134261;4.5023694759;0.0035590196
7;146;[-6.7908549700,-0.0051744075];[-2.2381280551,-0.0034044600];[-2.2381280551,-0.0034044600];6.4335458409;[-0.0009333556,0.0034344531];0.0104036859;1.2785929953;4.2172553311;0.0035590196
7;147;[-0.0008497289,-0.0053393622];[-0.0008497289,-0.0053393622];[-0.0008497289,-0.0053393622];0.0160702302;[-0.0009333556,0.0034344531];0.0104036859;1.2785929953;4.2172553311;0.0035590196
7;148;[-0.0125382769,-0.0134348329];[-0.0105039487,-0.0032383912];[-0.0105039487,-0.0032383912];0.0343038032;[-0.0009333556,0.0034344531];0.0104036859;1.2780137393;4.2174243658;0.0035590196
7;149;[8.9365737236,0.0000482137];[0.6266740959,0.0011423730];[0.6266740959,0.0011423730];3.2524780229;[-0.0009333556,0.0034344531];0.0104036859;1.0345239139;3.7468175141;0.0035590196
7;150;[0.0057564998,0.0158199257];[0.0057564998,0.0158199257];[0.0057564998,0.0158199257];0.0551462281;[-0.0009333556,0.0034344531];0.0104036859;1.0345239139;3.7468175141;0.0035590196
7;151;[0.0101774892,0.0042862961];[0.0018954234,0.0035264086];[0.0018954234,0.0035264086];0.0117504263;[-0.0009333556,0.0034344531];0.0104036859;1.0340298024;3.7469508587;0.0035590196
7;152;[0.0133056440,-22.1716433282];[-0.0003819911,-5.0481633987];[-0.0003819911,-5.0481633987];10.2666351672;[-0.0009333556,0.0034344531];0.0104036859;0.8275626224;2.8676875732;0.0035590196
7;153;[-0.0007235262,0.0032910436];[-0.0007235262,0.0032910436];[-0.0007235262,0.0032910436];0.0098330983;[-0.0009333556,0.0034344531];0.0104036859;0.8275626224;2.8676875732;0.0035590196
7;154;[0.0065133729,0.0046575944];[-0.0002186836,0.0044298953];[-0.0002186836,0.0044298953];0.0130686371;[-0.0009333556,0.0034344531];0.0104036859;0.8273172727;2.8677567644;0.0035590196
7;155;[-0.0007235262,0.0070428780];[-0.0007235262,0.0070395338];[-0.0007235262,0.0070395338];0.0213486633;[-0.0009333556,0.0034344531];0.0104036859;0.8273170409;2.8677568295;0.0035590196
7;156;[-0.0023351581,0.0068876442];[-0.0018286774,0.0049969026];[-0.0018286774,0.0049969026];0.0158038462;[-0.0009333556,0.0034344531];0.0104036859;0.8271828144;2.8677946648;0.0035590196
7;157;[0.0019364313,0.0117024762];[-0.0001923357,0.0055849904];[-0.0001923357,0.0055849904];0.0166374697;[-0.0009333556,0.0034344531];0.0104036859;0.8267338033;2.8679199173;0.0035590196
7;158;[-0.0075019057,0.0032588859];[-0.0075019057,0.0032588859];[-0.0075019057,0.0032588859];0.0249147370;[-0.0009333556,0.0034344531];0.0104036859;0.8267338033;2.8679199173;0.0035590196
7;159;[-10.9256207743,0.0015118765];[-5.9153556984,0.0030226323];[-5.9153556984,0.0030226323];11.5176380229;[-0.0009333556,0.0034344531];0.0104036859;0.7319820634;2.4035474129;0.0035590196
7;160;[-0.0053282899,0.0076026862];[-0.0036270613,0.0080297088];[-0.0036270613,0.0080297088];0.0269869974;[-0.0009333556,0.0034344531];0.0104036859;0.7319480255;2.4035573853;0.0035590196
8;52;[-0.0040134631,-0.0154188136];[-0.0026564179,-0.0099519900];[-0.0026564179,-0.0099519900];0.0319568739;[-0.0007235262,0.0032910436];0.0098330983;0.0255898957;0.0147994310;0.0033696377
8;74;[-0.0058234532,-0.0170559382];[0.0023439372,0.0052104790];[0.0023439372,0.0052104790];0.0170290098;[-0.0007235262,0.0032910436];0.0098330983;0.0241707357;0.0134494322;0.0033696377
8;83;[-0.0036227864,-0.0049733163];[-0.0012666673,-0.0052800586];[-0.0012666673,-0.0052800586];0.0161428997;[-0.0007235262,0.0032910436];0.0098330983;0.0240951342;0.0134879159;0.0033696377
8;124;[-0.0124956143,0.0032687549];[0.0038695201,-0.0094997669];[0.0038695201,-0.0094997669];0.0318125400;[-0.0007235262,0.0032910436];0.0098330983;0.0237899304;0.0132032376;0.0033696377
8;112;[0.0142521370,0.0085911718];[-0.0059383110,-0.0089863279];[-0.0059383110,-0.0089863279];0.0335523127;[-0.0007235262,0.0032910436];0.0098330983;0.0230940533;0.0120717460;0.0033696377
8;134;[-0.0008497289,-0.0053393622];[-0.0008497289,-0.0053393622];[-0.0008497289,-0.0053393622];0.0160702302;[-0.0007235262,0.0032910436];0.0098330983;0.0230940533;0.0120717460;0.0033696377
8;22;[0.0057564998,-0.0045002135];[0.0030132734,0.0034680193];[0.0030132734,0.0034680193];0.0135564187;[-0.0007235262,0.0032910436];0.0098330983;0.0228096709;0.0121919912;0.0033696377
8;43;[0.0086411523,-0.0033084127];[0.0037925601,0.0028979737];[0.0037925601,0.0028979737];0.0141067011;[-0.0007235262,0.0032910436];0.0098330983;0.0223315837;0.0122425739;0.0033696377
8;130;[-0.0009333556,0.0034344531];[-0.0009333556,0.0034344531];[-0.0009333556,0.0034344531];0.0104036859;[-0.0007235262,0.0032910436];0.0098330983;0.0223315837;0.0122425739;0.0033696377
8;151;[0.0018954234,0.0035264086];[0.0011876381,0.0032896192];[0.0011876381,0.0032896192];0.0102179414;[-0.0007235262,0.0032910436];0.0098330983;0.0222805009;0.0122897242;0.0033696377
8;118;[0.0157014259,0.0158199257];[0.0157014259,0.0158199257];[0.0157014259,0.0158199257];0.0762288948;[-0.0007235262,0.0032910436];0.0098330983;0.0222805009;0.0122897242;0.0033696377
8;32;[0.0048469328,0.0012653179];[-0.0001265561,0.0047270522];[-0.0001265561,0.0047270522];0.0139702422;[-0.0007235262,0.0032910436];0.0098330983;0.0222516185;0.0123081884;0.0033696377
8;90;[0.0065133729,0.0032910436];[0.0010940234,0.0049290623];[0.0010940234,0.0049290623];0.0149594559;[-0.0007235262,0.0032910436];0.0098330983;0.0220149908;0.0123776728;0.0033696377
8;95;[-0.0023405695,0.0097710254];[0.0012917743,0.0041604345];[0.0012917743,0.0041604345];0.0128269313;[-0.0007235262,0.0032910436];0.0098330983;0.0214057387;0.0123650977;0.0033696377
8;154;[-0.0002186836,0.0044298953];[-0.0002186836,0.0044298953];[-0.0002186836,0.0044298953];0.0130686371;[-0.0007235262,0.0032910436];0.0098330983;0.0214057387;0.0123650977;0.0033696377
8;140;[-0.0007235262,0.0068876442];[-0.0007235262,0.0068876442];[-0.0007235262,0.0068876442];0.0208650708;[-0.0007235262,0.0032910436];0.0098330983;0.0214057387;0.0123650977;0.0033696377
8;135;[0.0019364313,0.0032588859];[0.0018591519,0.0030203974];[0.0018591519,0.0030203974];0.0103665843;[-0.0007235262,0.0032910436];0.0098330983;0.0213811384;0.0123862833;0.0033696377
8;147;[-0.0008497289,-0.0053393622];[-0.0008497289,-0.0053393622];[-0.0008497289,-0.0053393622];0.0160702302;[-0.0007235262,0.0032910436];0.0098330983;0.0213811384;0.0123862833;0.0033696377
8;131;[-0.0053282899,0.0076026862];[-0.0042823861,0.0047886952];[-0.0042823861,0.0047886952];0.0192690658;[-0.0007235262,0.0032910436];0.0098330983;0.0210716826;0.0123190321;0.0033696377
8;156;[-0.0018286774,0.0049969026];[-0.0018286774,0.0049969026];[-0.0018286774,0.0049969026];0.0158038462;[-0.0007235262,0.0032910436];0.0098330983;0.0210716826;0.0123190321;0.0033696377
8;133;[-0.0091086423,0.0015118765];[-0.0091086423,0.0015118765];[-0.0091086423,0.0015118765];0.0283841996;[-0.0007235262,0.0032910436];0.0098330983;0.0210716826;0.0123190321;0.0033696377
8;161;[-0.0026564179,4.3658602293];[-0.0026564179,3.3568563258];[-0.0026564179,3.3568563258];9.0693307670;[-0.0007235262,0.0032910436];0.0098330983;0.0210716826;0.0123190321;0.0033696377
8;162;[-0.0008497289,-0.0099519900];[-0.0008497289,-0.0080550408];[-0.0008497289,-0.0080550408];0.0246555498;[-0.0007235262,0.0032910436];0.0098330983;0.3129510079;1.5987348371;0.0033696377
8;163;[-0.0008497289,-0.0089863279];[-0.0008497289,-0.0067271281];[-0.0008497289,-0.0067271281];0.0204021977;[-0.0007235262,0.0032910436];0.0098330983;0.3039417748;1.5743556461;0.0033696377
8;164;[-0.0059383110,-0.0053393622];[-0.0059383110,-0.0053393622];[-0.0059383110,-0.0053393622];0.0242845717;[-0.0007235262,0.0032910436];0.0098330983;0.2953496664;1.5510799844;0.0033696377
8;165;[-0.0036270613,0.0080297088];[-0.0036270613,0.0080297088];[-0.0036270613,0.0080297088];0.0269869974;[-0.0007235262,0.0032910436];0.0098330983;0.2873771636;1.5287859093;0.0033696377
8;166;[0.0037925601,0.0028979737];[0.0037925601,0.0028979737];[0.0037925601,0.0028979737];0.0141067011;[-0.0007235262,0.0032910436];0.0098330983;0.2799374446;1.5074121810;0.0033696377
8;167;[10.9073654134,0.0080297088];[7.3350028180,0.0054221333];[7.3350028180,0.0054221333];14.3524092045;[-0.0007235262,0.0032910436];0.0098330983;0.2725532573;1.4869703069;0.0033696377
8;168;[0.0011876381,0.0032896192];[0.0011876381,0.0032896192];[0.0011876381,0.0032896192];0.0102179414;[-0.0007235262,0.0032910436];0.0098330983;0.6530899045;2.7137455281;0.0033696377
8;169;[-0.0007235262,0.0068876442];[-0.0007235262,0.0068876442];[-0.0007235262,0.0068876442];0.0208650708;[-0.0007235262,0.0032910436];0.0098330983;0.6361722213;2.6797768748;0.0033696377
8;170;[0.0010940234,0.0049290623];[0.0010940234,0.0049290623];[0.0010940234,0.0049290623];0.0149594559;[-0.0007235262,0.0032910436];0.0098330983;0.6203951148;2.6469849847;0.0033696377
8;171;[-0.0002186836,9.3063103519];[-0.0002186836,4.3645801847];[-0.0002186836,4.3645801847];10.7440089736;[-0.0007235262,0.0032910436];0.0098330983;0.6052592234;2.6153969077;0.0033696377
8;172;[-0.0007235262,0.0044298953];[-0.0005764092,0.0044298953];[-0.0005764092,0.0044298953];0.0131665742;[-0.0007235262,0.0032910436];0.0098330983;0.8525458026;3.0198494113;0.0033696377
8;173;[-0.0008497289,-0.0053393622];[0.0009746957,0.0019807912];[0.0009746957,0.0019807912];0.0063738497;[-0.0007235262,0.0032910436];0.0098330983;0.8325605829;2.9864252060;0.0033696377
8;174;[0.0018591519,0.0030203974];[0.0018591519,0.0030203974];[0.0018591519,0.0030203974];0.0103665843;[-0.0007235262,0.0032910436];0.0098330983;0.8133469379;2.9541205039;0.0033696377
8;175;[-0.0075019057,0.0047886952];[-0.0075019057,0.0045091411];[-0.0075019057,0.0045091411];0.0267955036;[-0.0007235262,0.0032910436];0.0098330983;0.7950973845;2.9228089126;0.0033696377
8;176;[-24.6646504070,0.0032588859];[-17.6538680767,0.0032588859];[-17.6538680767,0.0032588859];19.8300441290;[-0.0007235262,0.0032910436];0.0098330983;0.7780240093;2.8923688700;0.0033696377
8;138;[0.0002819316,0.0083140348];[0.0007699133,0.0075053647];[0.0007699133,0.0075053647];0.0228548467;[-0.0007235262,0.0032910436];0.0098330983;1.1921436638;3.9879039550;0.0033696377
8;142;[-0.0006745969,0.0091310684];[0.0002597820,0.0054473713];[0.0002597820,0.0054473713];0.0162167733;[-0.0007235262,0.0032910436];0.0098330983;1.1918847304;3.9879799117;0.0033696377
8;144;[-0.0043560586,-0.0063768544];[-0.0013717188,-0.0038763950];[-0.0013717188,-0.0038763950];0.0120804989;[-0.0007235262,0.0032910436];0.0098330983;1.1916379924;3.9880525473;0.0033696377
8;145;[-0.0036227864,-0.0051398759];[-0.0031561035,-0.0050060341];[-0.0031561035,-0.0050060341];0.0176706445;[-0.0007235262,0.0032910436];0.0098330983;1.1916125994;3.9880600185;0.0033696377
8;155;[-0.0007235262,0.0070395338];[0.0003675929,0.0056167122];[0.0003675929,0.0056167122];0.0167638837;[-0.0007235262,0.0032910436];0.0098330983;1.1915129303;3.9880893215;0.0033696377
8;157;[-0.0001923357,0.0055849904];[-0.0001320089,0.0033988147];[-0.0001320089,0.0033988147];0.0099285920;[-0.0007235262,0.0032910436];0.0098330983;1.1913670851;3.9881324067;0.0033696377
8;153;[-0.0007235262,0.0032910436];[-0.0000011659,0.0021020870];[-0.0000011659,0.0021020870];0.0060632612;[-0.0007235262,0.0032910436];0.0098330983;1.1912851321;3.9881567241;0.0033696377
8;118;[0.0157014259,0.0158199257];[0.0033559819,0.0110234473];[0.0033559819,0.0110234473];0.0361239582;[-0.0007235262,0.0032910436];0.0098330983;1.1904132857;3.9884047659;0.0033696377
8;133;[-0.0091086423,0.0015118765];[-0.0079321182,0.0019327303];[-0.0079321182,0.0019327303];0.0248657598;[-0.0007235262,0.0032910436];0.0098330983;1.1903367979;3.9884270837;0.0033696377
8;161;[-0.0026564179,3.3568563258];[-0.0003741147,3.2638307466];[-0.0003741147,3.2638307466];8.5337818483;[-0.0007235262,0.0032910436];0.0098330983;1.1786944301;3.9661303337;0.0033696377
8;162;[-0.0008497289,-0.0080550408];[-0.0004956786,-0.0039430409];[-0.0004956786,-0.0039430409];0.0116608754;[-0.0007235262,0.0032910436];0.0098330983;1.1784119371;3.9662129835;0.0033696377
8;163;[-0.0008497289,-0.0067271281];[0.0000008857,-0.0024087925];[0.0000008857,-0.0024087925];0.0069675925;[-0.0007235262,0.0032910436];0.0098330983;1.1781198805;3.9662987378;0.0033696377
8;164;[-0.0059383110,-0.0053393622];[-0.0051689072,-0.0037102600];[-0.0051689072,-0.0037102600];0.0190740807;[-0.0007235262,0.0032910436];0.0098330983;1.1780066090;3.9663317623;0.0033696377
8;165;[-0.0036270613,0.0080297088];[0.0004019686,0.0031869290];[0.0004019686,0.0031869290];0.0093601460;[-0.0007235262,0.0032910436];0.0098330983;1.1776234165;3.9664437952;0.0033696377
8;166;[0.0037925601,0.0028979737];[0.0032468827,0.0028226153];[0.0032468827,0.0028226153];0.0126614320;[-0.0007235262,0.0032910436];0.0098330983;1.1775919976;3.9664530172;0.0033696377
8;167;[7.3350028180,0.0054221333];[2.9408026683,0.0038344098];[2.9408026683,0.0038344098];6.8967250246;[-0.0007235262,0.0032910436];0.0098330983;1.0155119068;3.5558608537;0.0033696377
8;168;[0.0011876381,0.0032896192];[0.0010996373,0.0031300670];[0.0010996373,0.0031300670];0.0096766734;[-0.0007235262,0.0032910436];0.0098330983;1.0155001401;3.5558641812;0.0033696377
8;169;[-0.0007235262,0.0068876442];[-0.0007235262,0.0068876442];[-0.0007235262,0.0068876442];0.0208650708;[-0.0007235262,0.0032910436];0.0098330983;1.0155001401;3.5558641812;0.0033696377
8;170;[0.0010940234,0.0049290623];[0.0010687138,0.0029114635];[0.0010687138,0.0029114635];0.0090282372;[-0.0007235262,0.0032910436];0.0098330983;1.0153712005;3.5559005669;0.0033696377
8;171;[-0.0002186836,4.3645801847];[1.7502613321,2.1291540488];[1.7502613321,2.1291540488];7.7622373766;[-0.0007235262,0.0032910436];0.0098330983;0.9505500789;3.4018034067;0.0033696377
8;172;[-0.0005764092,0.0044298953];[-0.0005764092,0.0044298953];[-0.0005764092,0.0044298953];0.0131665742;[-0.0007235262,0.0032910436];0.0098330983;0.9505500789;3.4018034067;0.0033696377
8;173;[0.0009746957,0.0019807912];[0.0009746957,0.0019807912];[0.0009746957,0.0019807912];0.0063738497;[-0.0007235262,0.0032910436];0.0098330983;0.9505500789;3.4018034067;0.0033696377
8;174;[0.0018591519,0.0030203974];[0.0011929892,0.0021456716];[0.0011929892,0.0021456716];0.0071043348;[-0.0007235262,0.0032910436];0.0098330983;0.9504791604;3.4018230402;0.0033696377
8;175;[-0.0075019057,0.0045091411];[0.0005697977,0.0040047940];[0.0005697977,0.0040047940];0.0118770078;[-0.0007235262,0.0032910436];0.0098330983;0.9501548453;3.4019117947;0.0033696377
8;176;[-17.6538680767,0.0032588859];[-8.6309910094,0.0033743350];[-8.6309910094,0.0033743350];15.6438767670;[-0.0007235262,0.0032910436];0.0098330983;0.8591512070;2.9170878331;0.0033696377
9;52;[-0.0026564179,-0.0099519900];[0.0001059229,0.0019137865];[0.0001059229,0.0019137865];0.0055191146;[-0.0000011659,0.0021020870];0.0060632612;0.0135076854;0.0063157674;0.0021020873
9;74;[0.0023439372,0.0052104790];[0.0000283397,-0.0009788771];[0.0000283397,-0.0009788771];0.0027953793;[-0.0000011659,0.0021020870];0.0060632612;0.0130332311;0.0065632007;0.0021020873
9;83;[-0.0012666673,-0.0052800586];[0.0008588685,0.0011272094];[0.0008588685,0.0011272094];0.0040617235;[-0.0000011659,0.0021020870];0.0060632612;0.0126305252;0.0067285978;0.0021020873
9;124;[0.0038695201,-0.0094997669];[-0.0008949747,0.0011474202];[-0.0008949747,0.0011474202];0.0041722607;[-0.0000011659,0.0021020870];0.0060632612;0.0117091826;0.0058774917;0.0021020873
9;153;[-0.0000011659,0.0021020870];[-0.0000011659,0.0021020870];[-0.0000011659,0.0021020870];0.0060632612;[-0.0000011659,0.0021020870];0.0060632612;0.0117091826;0.0058774917;0.0021020873
9;134;[-0.0008497289,-0.0053393622];[-0.0008497289,-0.0053393622];[-0.0008497289,-0.0053393622];0.0160702302;[-0.0000011659,0.0021020870];0.0060632612;0.0117091826;0.0058774917;0.0021020873
9;22;[0.0030132734,0.0034680193];[0.0023026631,0.0033681426];[0.0023026631,0.0033681426];0.0119832897;[-0.0000011659,0.0021020870];0.0060632612;0.0116567449;0.0058677867;0.0021020873
9;43;[0.0037925601,0.0028979737];[-0.0011507765,0.0034303120];[-0.0011507765,0.0034303120];0.0105823637;[-0.0000011659,0.0021020870];0.0060632612;0.0115392670;0.0058528215;0.0021020873
9;130;[-0.0009333556,0.0034344531];[0.0011374390,0.0031514139];[0.0011374390,0.0031514139];0.0097752438;[-0.0000011659,0.0021020870];0.0060632612;0.0115183190;0.0058579708;0.0021020873
9;151;[0.0011876381,0.0032896192];[0.0007529265,0.0032013305];[0.0007529265,0.0032013305];0.0095897639;[-0.0000011659,0.0021020870];0.0060632612;0.0114973797;0.0058637015;0.0021020873
9;165;[0.0004019686,0.0031869290];[0.0004019686,0.0031869290];[0.0004019686,0.0031869290];0.0093601460;[-0.0000011659,0.0021020870];0.0060632612;0.0114973797;0.0058637015;0.0021020873
9;168;[0.0010996373,0.0031300670];[0.0010996373,0.0031300670];[0.0010996373,0.0031300670];0.0096766734;[-0.0000011659,0.0021020870];0.0060632612;0.0114973797;0.0058637015;0.0021020873
9;32;[-0.0001265561,0.0047270522];[-0.0001265561,0.0047270522];[-0.0001265561,0.0047270522];0.0139702422;[-0.0000011659,0.0021020870];0.0060632612;0.0114973797;0.0058637015;0.0021020873
9;90;[0.0010940234,0.0049290623];[-0.0020618913,-0.0039359208];[-0.0020618913,-0.0039359208];0.0130931823;[-0.0000011659,0.0021020870];0.0060632612;0.0114351706;0.0058364783;0.0021020873
9;95;[0.0012917743,0.0041604345];[-0.0017717081,-0.0030731428];[-0.0017717081,-0.0030731428];0.0103682471;[-0.0000011659,0.0021020870];0.0060632612;0.0113532144;0.0058336215;0.0021020873
9;154;[-0.0002186836,0.0044298953];[-0.0005951620,0.0020594808];[-0.0005951620,0.0020594808];0.0061858216;[-0.0000011659,0.0021020870];0.0060632612;0.0111237873;0.0058966498;0.0021020873
9;164;[-0.0051689072,-0.0037102600];[-0.0001448512,0.0012118891];[-0.0001448512,0.0012118891];0.0034918048;[-0.0000011659,0.0021020870];0.0060632612;0.0106043781;0.0058596381;0.0021020873
9;144;[-0.0013717188,-0.0038763950];[-0.0013717188,-0.0038763950];[-0.0013717188,-0.0038763950];0.0120804989;[-0.0000011659,0.0021020870];0.0060632612;0.0106043781;0.0058596381;0.0021020873
9;135;[0.0018591519,0.0030203974];[0.0018591519,0.0030203974];[0.0018591519,0.0030203974];0.0103665843;[-0.0000011659,0.0021020870];0.0060632612;0.0106043781;0.0058596381;0.0021020873
9;172;[-0.0005764092,0.0044298953];[-0.0005764092,0.0044298953];[-0.0005764092,0.0044298953];0.0131665742;[-0.0000011659,0.0021020870];0.0060632612;0.0106043781;0.0058596381;0.0021020873
9;131;[-0.0042823861,0.0047886952];[-0.0034439954,0.0020247239];[-0.0034439954,0.0020247239];0.0117247318;[-0.0000011659,0.0021020870];0.0060632612;0.0103529003;0.0056401593;0.0021020873
9;156;[-0.0018286774,0.0049969026];[-0.0025961873,0.0016258555];[-0.0025961873,0.0016258555];0.0089140765;[-0.0000011659,0.0021020870];0.0060632612;0.0101232413;0.0055531283;0.0021020873
9;112;[-0.0059383110,-0.0089863279];[-0.0025293508,0.0025784246];[-0.0025293508,0.0025784246];0.0105633835;[-0.0000011659,0.0021020870];0.0060632612;0.0093569436;0.0034581931;0.0021020873
9;147;[-0.0008497289,-0.0053393622];[-0.0008497289,-0.0053393622];[-0.0008497289,-0.0053393622];0.0160702302;[-0.0000011659,0.0021020870];0.0060632612;0.0093569436;0.0034581931;0.0021020873
9;177;[-0.0008497289,-0.0053393622];[-0.0006138159,-0.0016650710];[-0.0006138159,-0.0016650710];0.0051032048;[-0.0000011659,0.0021020870];0.0060632612;0.0093569436;0.0034581931;0.0021020873
9;178;[0.0008588685,0.0011272094];[0.0008588685,0.0011272094];[0.0008588685,0.0011272094];0.0040617235;[-0.0000011659,0.0021020870];0.0060632612;0.0092197262;0.0034839892;0.0021020873
9;179;[-0.0008497289,0.0011474202];[-0.0008497289,0.0007183328];[-0.0008497289,0.0007183328];0.0031800811;[-0.0000011659,0.0021020870];0.0060632612;0.0090585387;0.0035446138;0.0021020873
9;180;[-0.0008949747,-0.0053393622];[-0.0008949747,-0.0023103571];[-0.0008949747,-0.0023103571];0.0071712982;[-0.0000011659,0.0021020870];0.0060632612;0.0088804036;0.0036330398;0.0021020873
9;181;[0.0023026631,0.0031300670];[0.0023026631,0.0031300670];[0.0023026631,0.0031300670];0.0113927879;[-0.0000011659,0.0021020870];0.0060632612;0.0088301358;0.0035908438;0.0021020873
9;182;[0.0010996373,0.0033681426];[0.0010996373,0.0031427050];[0.0010996373,0.0031427050];0.0097125163;[-0.0000011659,0.0021020870];0.0060632612;0.0089033544;0.0035648321;0.0021020873
9;183;[0.0007529265,-28.4778155559];[0.0007529265,-11.8475243983];[0.0007529265,-11.8475243983];16.7759384193;[-0.0000011659,0.0021020870];0.0060632612;0.0089258311;0.0035174862;0.0021020873
9;184;[0.0010996373,0.0032013305];[0.0010996373,0.0031688020];[0.0010996373,0.0031688020];0.0097866044;[-0.0000011659,0.0021020870];0.0060632612;0.4620883335;2.7189772281;0.0021020873
9;185;[-0.0013717188,-0.0039359208];[-0.0013717188,-0.0039359208];[-0.0013717188,-0.0039359208];0.0122517326;[-0.0000011659,0.0021020870];0.0060632612;0.4501856564;2.6839394084;0.0021020873
9;186;[-0.0020618913,-0.0038763950];[-0.0020618913,-0.0038763950];[-0.0020618913,-0.0038763950];0.0129319093;[-0.0000011659,0.0021020870];0.0060632612;0.4389565815;2.6502106203;0.0021020873
9;187;[-0.0013717188,0.0020594808];[-0.0013717188,0.0011506807];[-0.0013717188,0.0011506807];0.0051494916;[-0.0000011659,0.0021020870];0.0060632612;0.4283059647;2.6177184558;0.0021020873
9;188;[-31.2843883645,-0.0038763950];[-1.7542314608,-0.0038763950];[-1.7542314608,-0.0038763950];5.4418967902;[-0.0000011659,0.0021020870];0.0060632612;0.4179850751;2.5864218178;0.0021020873
9;189;[-0.0005764092,0.0030203974];[-0.0005764092,0.0030203974];[-0.0005764092,0.0030203974];0.0089489016;[-0.0000011659,0.0021020870];0.0060632612;0.5376020207;2.6677591566;0.0021020873
9;190;[-19.1037880156,0.0044298953];[-1.4981373740,0.0031661047];[-1.4981373740,0.0031661047];5.5369344345;[-0.0000011659,0.0021020870];0.0060632612;0.5253077621;2.6377598374;0.0021020873
9;191;[-0.0025961873,-0.0053393622];[-0.0008592669,-0.0053393622];[-0.0008592669,-0.0053393622];0.0160749273;[-0.0000011659,0.0021020870];0.0060632612;0.6392083683;2.7124711303;0.0021020873
9;192;[-0.0008497289,0.0016258555];[-0.0008497289,0.0016258555];[-0.0008497289,0.0016258555];0.0052784061;[-0.0000011659,0.0021020870];0.0060632612;0.6253609585;2.6837355821;0.0021020873
9;193;[-0.0008497289,-0.0053393622];[-0.0008497289,-0.0053393622];[-0.0008497289,-0.0053393622];0.0160702302;[-0.0000011659,0.0021020870];0.0060632612;0.6118809030;2.6559440882;0.0021020873
9;194;[-0.0025293508,0.0025784246];[-0.0025293508,0.0025784246];[-0.0025293508,0.0025784246];0.0105633835;[-0.0000011659,0.0021020870];0.0060632612;0.5992040802;2.6289437704;0.0021020873
9;157;[-0.0001320089,0.0033988147];[-0.0003844748,0.0016445087];[-0.0003844748,0.0016445087];0.0048527506;[-0.0000011659,0.0021020870];0.0060632612;0.5868349856;2.6027965464;0.0021020873
9;162;[-0.0004956786,-0.0039430409];[-0.0006489020,-0.0031049610];[-0.0006489020,-0.0031049610];0.0092398020;[-0.0000011659,0.0021020870];0.0060632612;0.5867845466;2.6028077156;0.0021020873
9;163;[0.0000008857,-0.0024087925];[-0.0003191994,-0.0007965231];[-0.0003191994,-0.0007965231];0.0024466836;[-0.0000011659,0.0021020870];0.0060632612;0.5866903610;2.6028287769;0.0021020873
9;170;[0.0010687138,0.0029114635];[-0.0007737473,0.0024888989];[-0.0007737473,0.0024888989];0.0075528875;[-0.0000011659,0.0021020870];0.0060632612;0.5866596245;2.6028356070;0.0021020873
9;173;[0.0009746957,0.0019807912];[0.0009506293,0.0015183009];[0.0009506293,0.0015183009];0.0051521489;[-0.0000011659,0.0021020870];0.0060632612;0.5866341724;2.6028412872;0.0021020873
9;174;[0.0011929892,0.0021456716];[-0.0004207973,0.0010895756];[-0.0004207973,0.0010895756];0.0033399560;[-0.0000011659,0.0021020870];0.0060632612;0.5865557479;2.6028588041;0.0021020873
9;177;[-0.0006138159,-0.0016650710];[-0.0007927757,0.0002628328];[-0.0007927757,0.0002628328];0.0023809036;[-0.0000011659,0.0021020870];0.0060632612;0.5864990333;2.6028715026;0.0021020873
9;178;[0.0008588685,0.0011272094];[-0.0006306769,-0.0005625325];[-0.0006306769,-0.0005625325];0.0024093251;[-0.0000011659,0.0021020870];0.0060632612;0.5864646083;2.6028792165;0.0021020873
9;179;[-0.0008497289,0.0007183328];[-0.0008497289,0.0007183328];[-0.0008497289,0.0007183328];0.0031800811;[-0.0000011659,0.0021020870];0.0060632612;0.5864646083;2.6028792165;0.0021020873
9;180;[-0.0008949747,-0.0023103571];[-0.0008777676,-0.0005069984];[-0.0008777676,-0.0005069984];0.0028944479;[-0.0000011659,0.0021020870];0.0060632612;0.5863755073;2.6028991183;0.0021020873
9;181;[0.0023026631,0.0031300670];[-0.0001064548,0.0029133896];[-0.0001064548,0.0029133896];0.0084721127;[-0.0000011659,0.0021020870];0.0060632612;0.5863146599;2.6029125929;0.0021020873
9;182;[0.0010996373,0.0031427050];[-0.0001048735,0.0026306053];[-0.0001048735,0.0026306053];0.0076309388;[-0.0000011659,0.0021020870];0.0060632612;0.5862712937;2.6029222164;0.0021020873
9;183;[0.0007529265,-11.8475243983];[-0.1084457629,-3.4049844536];[-0.1084457629,-3.4049844536];9.3894922059;[-0.0000011659,0.0021020870];0.0060632612;0.4323869975;1.7045558673;0.0021020873
9;184;[0.0010996373,0.0031688020];[0.0003654092,0.0009092612];[0.0003654092,0.0009092612];0.0027972557;[-0.0000011659,0.0021020870];0.0060632612;0.4322413861;1.7045922598;0.0021020873
9;185;[-0.0013717188,-0.0039359208];[-0.0010168234,-0.0027089543];[-0.0010168234,-0.0027089543];0.0084069927;[-0.0000011659,0.0021020870];0.0060632612;0.4321612874;1.7046120834;0.0021020873
9;186;[-0.0020618913,-0.0038763950];[-0.0003938222,-0.0022376008];[-0.0003938222,-0.0022376008];0.0065636162;[-0.0000011659,0.0021020870];0.0060632612;0.4320286146;1.7046449551;0.0021020873
9;187;[-0.0013717188,0.0011506807];[-0.0013717188,0.0011506807];[-0.0013717188,0.0011506807];0.0051494916;[-0.0000011659,0.0021020870];0.0060632612;0.4320286146;1.7046449551;0.0021020873
9;188;[-1.7542314608,-0.0038763950];[-1.3594003785,-0.0027774540];[-1.3594003785,-0.0027774540];5.0158352229;[-0.0000011659,0.0021020870];0.0060632612;0.4231523319;1.6794580868;0.0021020873
9;189;[-0.0005764092,0.0030203974];[-0.0004924994,0.0024659538];[-0.0004924994,0.0024659538];0.0072808908;[-0.0000011659,0.0021020870];0.0060632612;0.4231175817;1.6794666741;0.0021020873
9;190;[-1.4981373740,0.0031661047];[-0.5857915726,0.0013045269];[-0.5857915726,0.0013045269];3.2349245674;[-0.0000011659,0.0021020870];0.0060632612;0.3751590428;1.5614758880;0.0021020873
9;191;[-0.0008592669,-0.0053393622];[-0.0008584906,-0.0004334480];[-0.0008584906,-0.0004334480];0.0027447505;[-0.0000011659,0.0021020870];0.0060632612;0.3748813308;1.5615409113;0.0021020873
9;192;[-0.0008497289,0.0016258555];[-0.0007362403,0.0000820941];[-0.0007362403,0.0000820941];0.0021099209;[-0.0000011659,0.0021020870];0.0060632612;0.3748153207;1.5615566008;0.0021020873
9;193;[-0.0008497289,-0.0053393622];[-0.0007825794,-0.0032503503];[-0.0007825794,-0.0032503503];0.0097536958;[-0.0000011659,0.0021020870];0.0060632612;0.3746837262;1.5615870931;0.0021020873
9;194;[-0.0025293508,0.0025784246];[-0.0013471729,0.0023479663];[-0.0013471729,0.0023479663];0.0078516552;[-0.0000011659,0.0021020870];0.0060632612;0.3746272319;1.5616003140;0.0021020873
10;52;[0.0001059229,0.0019137865];[-0.0004247442,0.0000595810];[-0.0004247442,0.0000595810];0.0012180185;[-0.0007362403,0.0000820941];0.0021099209;0.0063789716;0.0036482835;0.0007408031
10;74;[0.0000283397,-0.0009788771];[0.0000283397,-0.0009788771];[0.0000283397,-0.0009788771];0.0027953793;[-0.0007362403,0.0000820941];0.0021099209;0.0063789716;0.0036482835;0.0007408031
10;83;[0.0008588685,0.0011272094];[0.0003115572,0.0009372564];[0.0003115572,0.0009372564];0.0028195653;[-0.0007362403,0.0000820941];0.0021099209;0.0063375664;0.0036812474;0.0007408031
10;124;[-0.0008949747,0.0011474202];[-0.0001798452,0.0009872300];[-0.0001798452,0.0009872300];0.0028650771;[-0.0007362403,0.0000820941];0.0021099209;0.0062939936;0.0037142076;0.0007408031
10;153;[-0.0000011659,0.0021020870];[-0.0004048419,-0.0001931454];[-0.0004048419,-0.0001931454];0.0012740644;[-0.0007362403,0.0000820941];0.0021099209;0.0061343537;0.0038220503;0.0007408031
10;22;[0.0023026631,0.0033681426];[-0.0009131105,-0.0000540410];[-0.0009131105,-0.0000540410];0.0026094652;[-0.0007362403,0.0000820941];0.0021099209;0.0058218929;0.0037127164;0.0007408031
10;192;[-0.0007362403,0.0000820941];[-0.0007362403,0.0000820941];[-0.0007362403,0.0000820941];0.0021099209;[-0.0007362403,0.0000820941];0.0021099209;0.0058218929;0.0037127164;0.0007408031
10;43;[-0.0011507765,0.0034303120];[-0.0000236000,0.0026335918];[-0.0000236000,0.0026335918];0.0076339152;[-0.0007362403,0.0000820941];0.0021099209;0.0057236112;0.0036233477;0.0007408031
10;130;[0.0011374390,0.0031514139];[-0.0006971007,0.0005899078];[-0.0006971007,0.0005899078];0.0026051359;[-0.0007362403,0.0000820941];0.0021099209;0.0054846077;0.0035844801;0.0007408031
10;151;[0.0007529265,0.0032013305];[-0.0007133729,0.0005751510];[-0.0007133729,0.0005751510];0.0026141924;[-0.0007362403,0.0000820941];0.0021099209;0.0052520886;0.0035365706;0.0007408031
10;165;[0.0004019686,0.0031869290];[-0.0007796989,0.0002438508];[-0.0007796989,0.0002438508];0.0023284313;[-0.0007362403,0.0000820941];0.0021099209;0.0050176981;0.0034892378;0.0007408031
10;177;[-0.0007927757,0.0002628328];[-0.0007927757,0.0002628328];[-0.0007927757,0.0002628328];0.0023809036;[-0.0007362403,0.0000820941];0.0021099209;0.0050176981;0.0034892378;0.0007408031
10;168;[0.0010996373,0.0031300670];[0.0010996373,0.0031300670];[0.0010996373,0.0031300670];0.0096766734;[-0.0007362403,0.0000820941];0.0021099209;0.0050176981;0.0034892378;0.0007408031
10;95;[-0.0017717081,-0.0030731428];[0.0001905299,0.0006720826];[0.0001905299,0.0006720826];0.0019888419;[-0.0007362403,0.0000820941];0.0021099209;0.0047383846;0.0033835314;0.0007408031
10;154;[-0.0005951620,0.0020594808];[-0.0006004360,0.0008329714];[-0.0006004360,0.0008329714];0.0029323688;[-0.0007362403,0.0000820941];0.0021099209;0.0046299362;0.0033875376;0.0007408031
10;164;[-0.0001448512,0.0012118891];[-0.0001448512,0.0012118891];[-0.0001448512,0.0012118891];0.0034918048;[-0.0007362403,0.0000820941];0.0021099209;0.0046299362;0.0033875376;0.0007408031
10;163;[-0.0003191994,-0.0007965231];[-0.0003191994,-0.0007965231];[-0.0003191994,-0.0007965231];0.0024466836;[-0.0007362403,0.0000820941];0.0021099209;0.0046299362;0.0033875376;0.0007408031
10;144;[-0.0013717188,-0.0038763950];[-0.0013717188,-0.0038763950];[-0.0013717188,-0.0038763950];0.0120804989;[-0.0007362403,0.0000820941];0.0021099209;0.0046299362;0.0033875376;0.0007408031
10;135;[0.0018591519,0.0030203974];[-0.0000112384,0.0003288559];[-0.0000112384,0.0003288559];0.0009335711;[-0.0007362403,0.0000820941];0.0021099209;0.0043155024;0.0032764322;0.0007408031
10;178;[-0.0006306769,-0.0005625325];[-0.0006306769,-0.0005625325];[-0.0006306769,-0.0005625325];0.0024093251;[-0.0007362403,0.0000820941];0.0021099209;0.0043155024;0.0032764322;0.0007408031
10;131;[-0.0034439954,0.0020247239];[0.0005239335,0.0007381722];[0.0005239335,0.0007381722];0.0025821386;[-0.0007362403,0.0000820941];0.0021099209;0.0040107493;0.0029853637;0.0007408031
10;156;[-0.0025961873,0.0016258555];[0.0010622220,0.0001922597];[0.0010622220,0.0001922597];0.0030842628;[-0.0007362403,0.0000820941];0.0021099209;0.0038164222;0.0028463705;0.0007408031
10;112;[-0.0025293508,0.0025784246];[-0.0013058012,0.0011195724];[-0.0013058012,0.0011195724];0.0049438056;[-0.0007362403,0.0000820941];0.0021099209;0.0036291029;0.0025674345;0.0007408031
10;162;[-0.0006489020,-0.0031049610];[-0.0003059802,-0.0007885993];[-0.0003059802,-0.0007885993];0.0024115623;[-0.0007362403,0.0000820941];0.0021099209;0.0034014949;0.0023537198;0.0007408031
10;184;[0.0003654092,0.0009092612];[0.0003654092,0.0009092612];[0.0003654092,0.0009092612];0.0027972557;[-0.0007362403,0.0000820941];0.0021099209;0.0034014949;0.0023537198;0.0007408031
10;195;[-0.0007362403,0.0000820941];[-0.0004307726,0.0000676690];[-0.0004307726,0.0000676690];0.0012384135;[-0.0007362403,0.0000820941];0.0021099209;0.0034014949;0.0023537198;0.0007408031
10;196;[-0.0004048419,-0.0001931454];[-0.0004048419,-0.0001931454];[-0.0004048419,-0.0001931454];0.0012740644;[-0.0007362403,0.0000820941];0.0021099209;0.0033317181;0.0023467747;0.0007408031
10;197;[-0.0007362403,7.8154760628];[-0.0001853464,6.4725104841];[-0.0001853464,6.4725104841];13.7032950553;[-0.0007362403,0.0000820941];0.0021099209;0.0032674164;0.0023373965;0.0007408031
10;198;[0.0000283397,-0.0009788771];[0.0000283397,-0.0009788771];[0.0000283397,-0.0009788771];0.0027953793;[-0.0007362403,0.0000820941];0.0021099209;0.4184197691;2.3484574785;0.0007408031
10;199;[-0.0007362403,0.0009872300];[-0.0007362403,0.0004925840];[-0.0007362403,0.0004925840];0.0025263909;[-0.0007362403,0.0000820941];0.0021099209;0.4061955224;2.3147290298;0.0007408031
10;200;[-4.7631801826,0.0000820941];[-1.9664121765,0.0003985188];[-1.9664121765,0.0003985188];4.8854588896;[-0.0007362403,0.0000820941];0.0021099209;0.3946621186;2.2824128176;0.0007408031
10;201;[-0.0007927757,0.0031300670];[0.0005950140,0.0031300670];[0.0005950140,0.0031300670];0.0092820008;[-0.0007362403,0.0000820941];0.0021099209;0.5194064734;2.3684051335;0.0007408031
10;202;[0.0010996373,0.0002628328];[0.0010996373,0.0002628328];[0.0010996373,0.0002628328];0.0032318916;[-0.0007362403,0.0000820941];0.0021099209;0.5056193255;2.3376445604;0.0007408031
10;203;[0.0010996373,0.0002438508];[0.0010996373,0.0002438508];[0.0010996373,0.0002438508];0.0032195824;[-0.0007362403,0.0000820941];0.0021099209;0.4923986035;2.3080824154;0.0007408031
10;204;[-0.0007796989,0.0031300670];[-0.0007796989,0.0008452586];[-0.0007796989,0.0008452586];0.0032877718;[-0.0007362403,0.0000820941];0.0021099209;0.4798555517;2.2796111279;0.0007408031
10;205;[-0.0013717188,-0.0038763950];[-0.0006987734,0.0000003969];[-0.0006987734,0.0000003969];0.0019894322;[-0.0007362403,0.0000820941];0.0021099209;0.4679413572;2.2521650018;0.0007408031
10;206;[-0.0006004360,0.0008329714];[-0.0006004360,0.0008329714];[-0.0006004360,0.0008329714];0.0029323688;[-0.0007362403,0.0000820941];0.0021099209;0.4565766761;2.2256909238;0.0007408031
10;207;[0.0001905299,-0.0038763950];[0.0001905299,-0.0038763950];[0.0001905299,-0.0038763950];0.0113783833;[-0.0007362403,0.0000820941];0.0021099209;0.4457756212;2.2001222744;0.0007408031
10;208;[-0.0013717188,0.0006720826];[-0.0013717188,0.0006720826];[-0.0013717188,0.0006720826];0.0043826008;[-0.0007362403,0.0000820941];0.0021099209;0.4356733598;2.1753743837;0.0007408031
10;209;[-0.0000112384,-0.0005625325];[-0.0000112384,0.0003252737];[-0.0000112384,0.0003252737];0.0009233827;[-0.0007362403,0.0000820941];0.0021099209;0.4258712971;2.1514725068;0.0007408031
10;210;[-0.0006306769,0.0003288559];[-0.0001177732,0.0003288559];[-0.0001177732,0.0003288559];0.0009912440;[-0.0007362403,0.0000820941];0.0021099209;0.4164280101;2.1283549282;0.0007408031
10;211;[-31.8424601012,0.0009092612];[-14.6921523156,0.0009092612];[-14.6921523156,0.0009092612];18.8339283896;[-0.0007362403,0.0000820941];0.0021099209;0.4073967761;2.1059651165;0.0007408031
10;212;[-0.0013058012,0.0011195724];[0.0000871636,0.0010668250];[0.0000871636,0.0010668250];0.0030579996;[-0.0007362403,0.0000820941];0.0021099209;0.7994506402;3.3780485733;0.0007408031
10;213;[0.0003654092,0.0009092612];[-0.0001790746,0.0006588263];[-0.0001790746,0.0006588263];0.0019434630;[-0.0007362403,0.0000820941];0.0021099209;0.7828591268;3.3446100905;0.0007408031
10;214;[-0.0003059802,-0.0007885993];[-0.0003059802,-0.0007885993];[-0.0003059802,-0.0007885993];0.0024115623;[-0.0007362403,0.0000820941];0.0021099209;0.7669220725;3.3121464258;0.0007408031
10;157;[-0.0003844748,0.0016445087];[-0.0000293001,0.0012537712];[-0.0000293001,0.0012537712];0.0035890493;[-0.0007362403,0.0000820941];0.0021099209;0.7516065883;3.2806098796;0.0007408031
10;174;[-0.0004207973,0.0010895756];[-0.0002984897,0.0004330128];[-0.0002984897,0.0004330128];0.0014949035;[-0.0007362403,0.0000820941];0.0021099209;0.7515696872;3.2806183065;0.0007408031
10;179;[-0.0008497289,0.0007183328];[-0.0000777474,0.0003448611];[-0.0000777474,0.0003448611];0.0010032232;[-0.0007362403,0.0000820941];0.0021099209;0.7515261500;3.2806282525;0.0007408031
10;180;[-0.0008777676,-0.0005069984];[-0.0005633849,-0.0004611930];[-0.0005633849,-0.0004611930];0.0020734390;[-0.0007362403,0.0000820941];0.0021099209;0.7515097299;3.2806320016;0.0007408031
10;191;[-0.0008584906,-0.0004334480];[-0.0004161435,0.0002907302];[-0.0004161435,0.0002907302];0.0014426880;[-0.0007362403,0.0000820941];0.0021099209;0.7514836886;3.2806379502;0.0007408031
10;195;[-0.0004307726,0.0000676690];[-0.0004307726,0.0000676690];[-0.0004307726,0.0000676690];0.0012384135;[-0.0007362403,0.0000820941];0.0021099209;0.7514836886;3.2806379502;0.0007408031
10;196;[-0.0004048419,-0.0001931454];[-0.0004048419,-0.0001931454];[-0.0004048419,-0.0001931454];0.0012740644;[-0.0007362403,0.0000820941];0.0021099209;0.7514836886;3.2806379502;0.0007408031
10;197;[-0.0001853464,6.4725104841];[-0.0002278623,3.7647632068];[-0.0002278623,3.7647632068];9.2477377842;[-0.0007362403,0.0000820941];0.0021099209;0.6623725432;2.9737825885;0.0007408031
10;198;[0.0000283397,-0.0009788771];[-0.0003133444,0.0005395421];[-0.0003133444,0.0005395421];0.0017751107;[-0.0007362403,0.0000820941];0.0021099209;0.6623521378;2.9737871178;0.0007408031
10;199;[-0.0007362403,0.0004925840];[-0.0003548443,0.0003721100];[-0.0003548443,0.0003721100];0.0014613587;[-0.0007362403,0.0000820941];0.0021099209;0.6623308372;2.9737918477;0.0007408031
10;200;[-1.9664121765,0.0003985188];[-0.6975915225,0.0003873354];[-0.6975915225,0.0003873354];3.1945874212;[-0.0007362403,0.0000820941];0.0021099209;0.6285134078;2.9349351939;0.0007408031
10;201;[0.0005950140,0.0031300670];[0.0004790432,0.0005763543];[0.0004790432,0.0005763543];0.0021347047;[-0.0007362403,0.0000820941];0.0021099209;0.6283704619;2.9349655240;0.0007408031
10;202;[0.0010996373,0.0002628328];[0.0002631174,0.0003196929];[0.0002631174,0.0003196929];0.0011756647;[-0.0007362403,0.0000820941];0.0021099209;0.6283293374;2.9349742975;0.0007408031
10;203;[0.0010996373,0.0002438508];[0.0002827242,0.0002785319];[0.0002827242,0.0002785319];0.0011267377;[-0.0007362403,0.0000820941];0.0021099209;0.6282874805;2.9349832270;0.0007408031
10;204;[-0.0007796989,0.0008452586];[-0.0005227929,0.0003334488];[-0.0005227929,0.0003334488];0.0017640928;[-0.0007362403,0.0000820941];0.0021099209;0.6282570069;2.9349897241;0.0007408031
10;205;[-0.0006987734,0.0000003969];[-0.0006987734,0.0000003969];[-0.0006987734,0.0000003969];0.0019894322;[-0.0007362403,0.0000820941];0.0021099209;0.6282570069;2.9349897241;0.0007408031
10;206;[-0.0006004360,0.0008329714];[-0.0003176004,0.0005326861];[-0.0003176004,0.0005326861];0.0017643788;[-0.0007362403,0.0000820941];0.0021099209;0.6282336471;2.9349947056;0.0007408031
10;207;[0.0001905299,-0.0038763950];[0.0000464033,0.0001484935];[0.0000464033,0.0001484935];0.0004406770;[-0.0007362403,0.0000820941];0.0021099209;0.6280148929;2.9350410808;0.0007408031
10;208;[-0.0013717188,0.0006720826];[-0.0003486514,0.0004507136];[-0.0003486514,0.0004507136];0.0016203549;[-0.0007362403,0.0000820941];0.0021099209;0.6279596480;2.9350528446;0.0007408031
10;209;[-0.0000112384,0.0003252737];[-0.0000112384,0.0003252737];[-0.0000112384,0.0003252737];0.0009233827;[-0.0007362403,0.0000820941];0.0021099209;0.6279596480;2.9350528446;0.0007408031
10;210;[-0.0001177732,0.0003288559];[-0.0000376581,0.0003275156];[-0.0000376581,0.0003275156];0.0009353514;[-0.0007362403,0.0000820941];0.0021099209;0.6279585302;2.9350530834;0.0007408031
10;211;[-14.6921523156,0.0009092612];[-7.4252297169,-0.0006860232];[-7.4252297169,-0.0006860232];14.6644704531;[-0.0007362403,0.0000820941];0.0021099209;0.5445693714;2.4328808889;0.0007408031
10;212;[0.0000871636,0.0010668250];[0.0000491980,0.0005208089];[0.0000491980,0.0005208089];0.0014869151;[-0.0007362403,0.0000820941];0.0021099209;0.5445379498;2.4328878927;0.0007408031
10;213;[-0.0001790746,0.0006588263];[-0.0001790746,0.0006588263];[-0.0001790746,0.0006588263];0.0019434630;[-0.0007362403,0.0000820941];0.0021099209;0.5445379498;2.4328878927;0.0007408031
10;214;[-0.0003059802,-0.0007885993];[-0.0005755411,-0.0000966198];[-0.0005755411,-0.0000966198];0.0016597245;[-0.0007362403,0.0000820941];0.0021099209;0.5445229130;2.4328912456;0.0007408031
11;52;[-0.0004247442,0.0000595810];[-0.0003214247,0.0000612911];[-0.0003214247,0.0000612911];0.0009283581;[0.0000464033,0.0001484935];0.0004406770;0.0020520010;0.0012875218;0.0001555750
11;74;[0.0000283397,-0.0009788771];[-0.0001622789,0.0001276012];[-0.0001622789,0.0001276012];0.0005850286;[0.0000464033,0.0001484935];0.0004406770;0.0019783226;0.0013059851;0.0001555750
11;83;[0.0003115572,0.0009372564];[0.0001312331,0.0005402419];[0.0001312331,0.0005402419];0.0015807021;[0.0000464033,0.0001484935];0.0004406770;0.0019370272;0.0012982959;0.0001555750
11;153;[-0.0004048419,-0.0001931454];[-0.0001734106,0.0000124834];[-0.0001734106,0.0000124834];0.0004925535;[0.0000464033,0.0001484935];0.0004406770;0.0019109768;0.0013190121;0.0001555750
11;22;[-0.0009131105,-0.0000540410];[-0.0000149549,0.0000719146];[-0.0000149549,0.0000719146];0.0002079005;[0.0000464033,0.0001484935];0.0004406770;0.0018309247;0.0013467754;0.0001555750
11;207;[0.0000464033,0.0001484935];[-0.0000564566,0.0001043239];[-0.0000564566,0.0001043239];0.0003358842;[0.0000464033,0.0001484935];0.0004406770;0.0018274316;0.0013505075;0.0001555750
11;192;[-0.0007362403,0.0000820941];[-0.0007362403,0.0000820941];[-0.0007362403,0.0000820941];0.0021099209;[0.0000464033,0.0001484935];0.0004406770;0.0018274316;0.0013505075;0.0001555750
11;43;[-0.0000236000,0.0026335918];[-0.0003360172,0.0011329875];[-0.0003360172,0.0011329875];0.0033797237;[0.0000464033,0.0001484935];0.0004406770;0.0016856252;0.0008719175;0.0001555750
11;130;[-0.0006971007,0.0005899078];[-0.0001569807,0.0005341412];[-0.0001569807,0.0005341412];0.0015829275;[0.0000464033,0.0001484935];0.0004406770;0.0016515516;0.0008551300;0.0001555750
11;151;[-0.0007133729,0.0005751510];[-0.0003067071,0.0005011626];[-0.0003067071,0.0005011626];0.0016710791;[0.0000464033,0.0001484935];0.0004406770;0.0016201145;0.0008362909;0.0001555750
11;165;[-0.0007796989,0.0002438508];[-0.0005145842,0.0005152428];[-0.0005145842,0.0005152428];0.0020737746;[0.0000464033,0.0001484935];0.0004406770;0.0016116259;0.0008303294;0.0001555750
11;177;[-0.0007927757,0.0002628328];[-0.0000580005,0.0005196321];[-0.0000580005,0.0005196321];0.0014861484;[0.0000464033,0.0001484935];0.0004406770;0.0015818007;0.0008181417;0.0001555750
11;206;[-0.0003176004,0.0005326861];[-0.0003176004,0.0005326861];[-0.0003176004,0.0005326861];0.0017643788;[0.0000464033,0.0001484935];0.0004406770;0.0015818007;0.0008181417;0.0001555750
11;209;[-0.0000112384,0.0003252737];[-0.0000112384,0.0003252737];[-0.0000112384,0.0003252737];0.0009233827;[0.0000464033,0.0001484935];0.0004406770;0.0015818007;0.0008181417;0.0001555750
11;154;[-0.0006004360,0.0008329714];[-0.0000124319,0.0002979042];[-0.0000124319,0.0002979042];0.0008457009;[0.0000464033,0.0001484935];0.0004406770;0.0015122451;0.0007885291;0.0001555750
11;163;[-0.0003191994,-0.0007965231];[0.0001485274,0.0006482614];[0.0001485274,0.0006482614];0.0018928482;[0.0000464033,0.0001484935];0.0004406770;0.0014937840;0.0007727614;0.0001555750
11;203;[0.0002827242,0.0002785319];[0.0002827242,0.0002785319];[0.0002827242,0.0002785319];0.0011267377;[0.0000464033,0.0001484935];0.0004406770;0.0014937840;0.0007727614;0.0001555750
11;135;[-0.0000112384,0.0003288559];[-0.0000203393,0.0003167863];[-0.0000203393,0.0003167863];0.0009005352;[0.0000464033,0.0001484935];0.0004406770;0.0014926828;0.0007735820;0.0001555750
11;196;[-0.0004048419,-0.0001931454];[-0.0004048419,-0.0001931454];[-0.0004048419,-0.0001931454];0.0012740644;[0.0000464033,0.0001484935];0.0004406770;0.0014926828;0.0007735820;0.0001555750
11;131;[0.0005239335,0.0007381722];[0.0000548508,0.0003354032];[0.0000548508,0.0003354032];0.0009643411;[0.0000464033,0.0001484935];0.0004406770;0.0014387562;0.0007518391;0.0001555750
11;156;[0.0010622220,0.0001922597];[-0.0000849990,0.0003263274];[-0.0000849990,0.0003263274];0.0009568180;[0.0000464033,0.0001484935];0.0004406770;0.0013678414;0.0006911721;0.0001555750
11;162;[-0.0003059802,-0.0007885993];[0.0001452816,0.0005406245];[0.0001452816,0.0005406245];0.0015917123;[0.0000464033,0.0001484935];0.0004406770;0.0013405130;0.0006650796;0.0001555750
11;210;[-0.0000376581,0.0003275156];[-0.0000376581,0.0003275156];[-0.0000376581,0.0003275156];0.0009353514;[0.0000464033,0.0001484935];0.0004406770;0.0013405130;0.0006650796;0.0001555750
11;184;[0.0003654092,0.0009092612];[0.0003654092,0.0009092612];[0.0003654092,0.0009092612];0.0027972557;[0.0000464033,0.0001484935];0.0004406770;0.0013405130;0.0006650796;0.0001555750
11;215;[-0.0003548443,-24.7588239490];[-0.0003548443,-17.8712942518];[-0.0003548443,-17.8712942518];18.7924245191;[0.0000464033,0.0001484935];0.0004406770;0.0013405130;0.0006650796;0.0001555750
11;216;[-0.0001734106,0.0000124834];[-0.0001734106,0.0000124834];[-0.0001734106,0.0000124834];0.0004925535;[0.0000464033,0.0001484935];0.0004406770;0.6075045132;3.3200970290;0.0001555750
11;217;[-0.0003548443,0.0003721100];[-0.0003143906,0.0001433904];[-0.0003143906,0.0001433904];0.0009805320;[0.0000464033,0.0001484935];0.0004406770;0.5885353895;3.2695150719;0.0001555750
11;218;[-0.0001622789,0.0001276012];[-0.0001622789,0.0001276012];[-0.0001622789,0.0001276012];0.0005850286;[0.0000464033,0.0001484935];0.0004406770;0.5707306968;3.2211708828;0.0001555750
11;219;[-0.0000149549,0.0003721100];[-0.0000149549,0.0003721100];[-0.0000149549,0.0003721100];0.0010570289;[0.0000464033,0.0001484935];0.0004406770;0.5539617066;3.1749089221;0.0001555750
11;220;[-0.0003548443,0.0000719146];[-0.0003548443,0.0000719146];[-0.0003548443,0.0000719146];0.0010275460;[0.0000464033,0.0001484935];0.0004406770;0.5381644301;3.1305798448;0.0001555750
11;221;[-0.0003360172,0.0003252737];[-0.0000544574,0.0003252737];[-0.0000544574,0.0003252737];0.0009357140;[0.0000464033,0.0001484935];0.0004406770;0.5232439611;3.0880552018;0.0001555750
11;222;[-0.0000112384,0.0011329875];[-0.0000112384,0.0011329875];[-0.0000112384,0.0011329875];0.0032389150;[0.0000464033,0.0001484935];0.0004406770;0.5091275220;3.0472162318;0.0001555750
11;223;[-0.0000112384,0.0005341412];[-0.0000112384,0.0005341412];[-0.0000112384,0.0005341412];0.0015187145;[0.0000464033,0.0001484935];0.0004406770;0.4958146639;3.0079442127;0.0001555750
11;224;[-0.0001569807,0.0003252737];[-0.0000217256,0.0003252737];[-0.0000217256,0.0003252737];0.0009248928;[0.0000464033,0.0001484935];0.0004406770;0.4831404088;2.9701581688;0.0001555750
11;225;[-0.0000112384,0.0003252737];[-0.0000112384,0.0003252737];[-0.0000112384,0.0003252737];0.0009233827;[0.0000464033,0.0001484935];0.0004406770;0.4710850209;2.9337623492;0.0001555750
11;226;[-0.0000580005,0.0005196321];[-0.0000580005,0.0005196321];[-0.0000580005,0.0005196321];0.0014861484;[0.0000464033,0.0001484935];0.0004406770;0.4596176638;2.8986713580;0.0001555750
11;227;[0.0002827242,0.0006482614];[0.0002645963,0.0006482614];[0.0002645963,0.0006482614];0.0019934668;[0.0000464033,0.0001484935];0.0004406770;0.4487097706;2.8648070181;0.0001555750
11;228;[0.0001485274,0.0002785319];[0.0001485274,0.0002785319];[0.0001485274,0.0002785319];0.0008954709;[0.0000464033,0.0001484935];0.0004406770;0.4383210194;2.8320997354;0.0001555750
11;229;[-0.0004048419,-0.0001931454];[-0.0001797389,-0.0000938773];[-0.0001797389,-0.0000938773];0.0005746385;[0.0000464033,0.0001484935];0.0004406770;0.4283795296;2.8004906860;0.0001555750
11;230;[-0.0000203393,0.0003167863];[-0.0000374438,-0.0000574828];[-0.0000374438,-0.0000574828];0.0001941627;[0.0000464033,0.0001484935];0.0004406770;0.4188727543;2.7699172294;0.0001555750
11;231;[-0.0007362403,0.0000820941];[-0.0007362403,0.0000820941];[-0.0007362403,0.0000820941];0.0021099209;[0.0000464033,0.0001484935];0.0004406770;0.4097710458;2.7403242695;0.0001555750
11;232;[0.0000548508,0.0003354032];[0.0000548508,0.0003354032];[0.0000548508,0.0003354032];0.0009643411;[0.0000464033,0.0001484935];0.0004406770;0.4010974048;2.7116533324;0.0001555750
11;233;[-0.0007362403,0.0000820941];[-0.0005066080,0.0003530511];[-0.0005066080,0.0003530511];0.0017566851;[0.0000464033,0.0001484935];0.0004406770;0.3927612993;2.6838668050;0.0001555750
11;234;[0.0001452816,0.0005406245];[0.0001452816,0.0005406245];[0.0001452816,0.0005406245];0.0015917123;[0.0000464033,0.0001484935];0.0004406770;0.3847816133;2.6569144825;0.0001555750
11;179;[-0.0000777474,0.0003448611];[-0.0000424821,-0.0000375664];[-0.0000424821,-0.0000375664];0.0001604843;[0.0000464033,0.0001484935];0.0004406770;0.3771009605;2.6307605982;0.0001555750
11;191;[-0.0004161435,0.0002907302];[-0.0002258749,0.0002420282];[-0.0002258749,0.0002420282];0.0009392822;[0.0000464033,0.0001484935];0.0004406770;0.3770908924;2.6307620368;0.0001555750
11;195;[-0.0004307726,0.0000676690];[-0.0001590820,0.0000122277];[-0.0001590820,0.0000122277];0.0004519568;[0.0000464033,0.0001484935];0.0004406770;0.3770751633;2.6307642863;0.0001555750
11;202;[0.0002631174,0.0003196929];[0.0000666472,0.0002864676];[0.0000666472,0.0002864676];0.0008341955;[0.0000464033,0.0001484935];0.0004406770;0.3770683339;2.6307652625;0.0001555750
11;212;[0.0000491980,0.0005208089];[0.0000416436,0.0000114615];[0.0000416436,0.0000114615];0.0001222153;[0.0000464033,0.0001484935];0.0004406770;0.3770410399;2.6307691661;0.0001555750
11;184;[0.0003654092,0.0009092612];[-0.0000087934,0.0004389920];[-0.0000087934,0.0004389920];0.0012470395;[0.0000464033,0.0001484935];0.0004406770;0.3770100356;2.6307735856;0.0001555750
11;215;[-0.0003548443,-17.8712942518];[-0.0002030773,-4.7600172915];[-0.0002030773,-4.7600172915];10.8150859016;[0.0000464033,0.0001484935];0.0004406770;0.2174632632;1.5139462440;0.0001555750
11;216;[-0.0001734106,0.0000124834];[-0.0001734106,0.0000124834];[-0.0001734106,0.0000124834];0.0004925535;[0.0000464033,0.0001484935];0.0004406770;0.2174632632;1.5139462440;0.0001555750
11;217;[-0.0003143906,0.0001433904];[-0.0003143906,0.0001433904];[-0.0003143906,0.0001433904];0.0009805320;[0.0000464033,0.0001484935];0.0004406770;0.2174632632;1.5139462440;0.0001555750
11;218;[-0.0001622789,0.0001276012];[-0.0000551414,-0.0000468846];[-0.0000551414,-0.0000468846];0.0002048586;[0.0000464033,0.0001484935];0.0004406770;0.2174556598;1.5139473342;0.0001555750
11;219;[-0.0000149549,0.0003721100];[-0.0000368005,0.0002435973];[-0.0000368005,0.0002435973];0.0006984314;[0.0000464033,0.0001484935];0.0004406770;0.2174484879;1.5139483601;0.0001555750
11;220;[-0.0003548443,0.0000719146];[-0.0002444753,0.0001137558];[-0.0002444753,0.0001137558];0.0007646080;[0.0000464033,0.0001484935];0.0004406770;0.2174432291;1.5139491123;0.0001555750
11;221;[-0.0000544574,0.0003252737];[-0.0000540898,0.0000083854];[-0.0000540898,0.0000083854];0.0001548963;[0.0000464033,0.0001484935];0.0004406770;0.2174276127;1.5139513495;0.0001555750
11;222;[-0.0000112384,0.0011329875];[-0.0000348424,0.0011017686];[-0.0000348424,0.0011017686];0.0031501862;[0.0000464033,0.0001484935];0.0004406770;0.2174258382;1.5139516007;0.0001555750
11;223;[-0.0000112384,0.0005341412];[-0.0000453324,0.0004732207];[-0.0000453324,0.0004732207];0.0013506154;[0.0000464033,0.0001484935];0.0004406770;0.2174224762;1.5139520803;0.0001555750
11;224;[-0.0000217256,0.0003252737];[-0.0000345332,0.0002814561];[-0.0000345332,0.0002814561];0.0008041889;[0.0000464033,0.0001484935];0.0004406770;0.2174200621;1.5139524256;0.0001555750
11;225;[-0.0000112384,0.0003252737];[-0.0000112384,0.0003252737];[-0.0000112384,0.0003252737];0.0009233827;[0.0000464033,0.0001484935];0.0004406770;0.2174200621;1.5139524256;0.0001555750
11;226;[-0.0000580005,0.0005196321];[-0.0000371151,0.0004955628];[-0.0000371151,0.0004955628];0.0014121651;[0.0000464033,0.0001484935];0.0004406770;0.2174185824;1.5139526367;0.0001555750
11;227;[0.0002645963,0.0006482614];[-0.0000601310,0.0000444814];[-0.0000601310,0.0000444814];0.0002117020;[0.0000464033,0.0001484935];0.0004406770;0.2173829471;1.5139577279;0.0001555750
11;228;[0.0001485274,0.0002785319];[0.0000369418,-0.0000265675];[0.0000369418,-0.0000265675];0.0001287572;[0.0000464033,0.0001484935];0.0004406770;0.2173676129;1.5139599244;0.0001555750
11;229;[-0.0001797389,-0.0000938773];[-0.0001797389,-0.0000938773];[-0.0001797389,-0.0000938773];0.0005746385;[0.0000464033,0.0001484935];0.0004406770;0.2173676129;1.5139599244;0.0001555750
11;230;[-0.0000374438,-0.0000574828];[-0.0000374438,-0.0000574828];[-0.0000374438,-0.0000574828];0.0001941627;[0.0000464033,0.0001484935];0.0004406770;0.2173676129;1.5139599244;0.0001555750
11;231;[-0.0007362403,0.0000820941];[-0.0002666904,0.0002866703];[-0.0002666904,0.0002866703];0.0011115248;[0.0000464033,0.0001484935];0.0004406770;0.2173476449;1.5139627699;0.0001555750
11;232;[0.0000548508,0.0003354032];[-0.0000317382,-0.0000008370];[-0.0000317382,-0.0000008370];0.0000898272;[0.0000464033,0.0001484935];0.0004406770;0.2173301547;1.5139652747;0.0001555750
11;233;[-0.0005066080,0.0003530511];[-0.0000652471,0.0005017788];[-0.0000652471,0.0005017788];0.0014380107;[0.0000464033,0.0001484935];0.0004406770;0.2173237812;1.5139661829;0.0001555750
11;234;[0.0001452816,0.0005406245];[0.0001315303,0.0004126585];[0.0001315303,0.0004126585];0.0012300251;[0.0000464033,0.0001484935];0.0004406770;0.2173165474;1.5139672145;0.0001555750
12;52;[-0.0003214247,0.0000612911];[-0.0001571288,0.0000780080];[-0.0001571288,0.0000780080];0.0004970026;[-0.0000317382,-0.0000008370];0.0000898272;0.0007547267;0.0005633896;0.0000317492
12;74;[-0.0001622789,0.0001276012];[-0.0000592016,0.0000179199];[-0.0000592016,0.0000179199];0.0001750522;[-0.0000317382,-0.0000008370];0.0000898272;0.0007410608;0.0005722429;0.0000317492
12;153;[-0.0001734106,0.0000124834];[-0.0001277974,0.0000652330];[-0.0001277974,0.0000652330];0.0004063807;[-0.0000317382,-0.0000008370];0.0000898272;0.0007381884;0.0005736975;0.0000317492
12;22;[-0.0000149549,0.0000719146];[-0.0000149549,0.0000719146];[-0.0000149549,0.0000719146];0.0002079005;[-0.0000317382,-0.0000008370];0.0000898272;0.0007381884;0.0005736975;0.0000317492
12;207;[-0.0000564566,0.0001043239];[-0.0000564566,0.0001043239];[-0.0000564566,0.0001043239];0.0003358842;[-0.0000317382,-0.0000008370];0.0000898272;0.0007381884;0.0005736975;0.0000317492
12;232;[-0.0000317382,-0.0000008370];[-0.0000317382,-0.0000008370];[-0.0000317382,-0.0000008370];0.0000898272;[-0.0000317382,-0.0000008370];0.0000898272;0.0007381884;0.0005736975;0.0000317492
12;191;[-0.0002258749,0.0002420282];[-0.0000334243,-0.0000409059];[-0.0000334243,-0.0000409059];0.0001494858;[-0.0000317382,-0.0000008370];0.0000898272;0.0007118619;0.0005819280;0.0000317492
12;199;[-0.0003548443,0.0003721100];[-0.0003548443,0.0003721100];[-0.0003548443,0.0003721100];0.0014613587;[-0.0000317382,-0.0000008370];0.0000898272;0.0007118619;0.0005819280;0.0000317492
12;130;[-0.0001569807,0.0005341412];[-0.0000647146,0.0002768133];[-0.0000647146,0.0002768133];0.0008062094;[-0.0000317382,-0.0000008370];0.0000898272;0.0006859713;0.0005594415;0.0000317492
12;151;[-0.0003067071,0.0005011626];[-0.0001880031,0.0003430939];[-0.0001880031,0.0003430939];0.0011106329;[-0.0000317382,-0.0000008370];0.0000898272;0.0006672897;0.0005350599;0.0000317492
12;165;[-0.0005145842,0.0005152428];[0.0001826914,0.0000400625];[0.0001826914,0.0000400625];0.0005299392;[-0.0000317382,-0.0000008370];0.0000898272;0.0006158286;0.0004672576;0.0000317492
12;206;[-0.0003176004,0.0005326861];[-0.0000843465,0.0002080082];[-0.0000843465,0.0002080082];0.0006362068;[-0.0000317382,-0.0000008370];0.0000898272;0.0005782228;0.0004158811;0.0000317492
12;212;[0.0000416436,0.0000114615];[0.0000402380,0.0000136425];[0.0000402380,0.0000136425];0.0001202216;[-0.0000317382,-0.0000008370];0.0000898272;0.0005781564;0.0004159541;0.0000317492
12;209;[-0.0000112384,0.0003252737];[-0.0000112384,0.0003252737];[-0.0000112384,0.0003252737];0.0009233827;[-0.0000317382,-0.0000008370];0.0000898272;0.0005781564;0.0004159541;0.0000317492
12;154;[-0.0000124319,0.0002979042];[0.0000324585,0.0001610484];[0.0000324585,0.0001610484];0.0004653918;[-0.0000317382,-0.0000008370];0.0000898272;0.0005654794;0.0004133944;0.0000317492
12;228;[0.0000369418,-0.0000265675];[0.0000412922,-0.0000126226];[0.0000412922,-0.0000126226];0.0001221767;[-0.0000317382,-0.0000008370];0.0000898272;0.0005652600;0.0004136278;0.0000317492
12;203;[0.0002827242,0.0002785319];[0.0002827242,0.0002785319];[0.0002827242,0.0002785319];0.0011267377;[-0.0000317382,-0.0000008370];0.0000898272;0.0005652600;0.0004136278;0.0000317492
12;135;[-0.0000203393,0.0003167863];[-0.0000615221,0.0000349619];[-0.0000615221,0.0000349619];0.0002002794;[-0.0000317382,-0.0000008370];0.0000898272;0.0005419182;0.0004138073;0.0000317492
12;227;[-0.0000601310,0.0000444814];[-0.0000601310,0.0000444814];[-0.0000601310,0.0000444814];0.0002117020;[-0.0000317382,-0.0000008370];0.0000898272;0.0005419182;0.0004138073;0.0000317492
12;131;[0.0000548508,0.0003354032];[-0.0000801810,-0.0000156672];[-0.0000801810,-0.0000156672];0.0002312527;[-0.0000317382,-0.0000008370];0.0000898272;0.0005174819;0.0004097663;0.0000317492
12;156;[-0.0000849990,0.0003263274];[-0.0000002069,-0.0000190383];[-0.0000002069,-0.0000190383];0.0000538614;[-0.0000317382,-0.0000008370];0.0000898272;0.0004873834;0.0004095527;0.0000317492
12;162;[0.0001452816,0.0005406245];[-0.0001761651,-0.0002593731];[-0.0001761651,-0.0002593731];0.0008894483;[-0.0000317382,-0.0000008370];0.0000898272;0.0004639746;0.0003632115;0.0000317492
12;210;[-0.0000376581,0.0003275156];[-0.0000258170,0.0000615012];[-0.0000258170,0.0000615012];0.0001887752;[-0.0000317382,-0.0000008370];0.0000898272;0.0004390887;0.0003555576;0.0000317492
12;230;[-0.0000374438,-0.0000574828];[-0.0000374438,-0.0000574828];[-0.0000374438,-0.0000574828];0.0001941627;[-0.0000317382,-0.0000008370];0.0000898272;0.0004390887;0.0003555576;0.0000317492
12;216;[-0.0001734106,0.0000124834];[-0.0001734106,0.0000124834];[-0.0001734106,0.0000124834];0.0004925535;[-0.0000317382,-0.0000008370];0.0000898272;0.0004390887;0.0003555576;0.0000317492
12;235;[-0.0001797389,-0.0000938773];[-0.0001797389,-0.0000938773];[-0.0001797389,-0.0000938773];0.0005746385;[-0.0000317382,-0.0000008370];0.0000898272;0.0004390887;0.0003555576;0.0000317492
12;236;[-0.0001277974,0.0000652330];[-0.0001277974,0.0000652330];[-0.0001277974,0.0000652330];0.0004063807;[-0.0000317382,-0.0000008370];0.0000898272;0.0004434613;0.0003505948;0.0000317492
12;237;[-0.0001797389,-0.0000938773];[-0.0001797389,-0.0000938773];[-0.0001797389,-0.0000938773];0.0005746385;[-0.0000317382,-0.0000008370];0.0000898272;0.0004423025;0.0003451336;0.0000317492
12;238;[-0.0000334243,-0.0000409059];[-0.0000334243,-0.0000409059];[-0.0000334243,-0.0000409059];0.0001494858;[-0.0000317382,-0.0000008370];0.0000898272;0.0004463127;0.0003406203;0.0000317492
12;239;[-0.0001797389,-18.2775773546];[-0.0001012719,-14.0376707175];[-0.0001012719,-14.0376707175];17.2906414219;[-0.0000317382,-0.0000008370];0.0000898272;0.0004375825;0.0003393006;0.0000317492
12;240;[12.1555304086,16.4937007768];[6.1778808250,14.1384009978];[6.1778808250,14.1384009978];18.7434979987;[-0.0000317382,-0.0000008370];0.0000898272;0.4944434065;2.8805242148;0.0000317492
12;241;[-0.0000112384,0.0003252737];[-0.0000112384,0.0003252737];[-0.0000112384,0.0003252737];0.0009233827;[-0.0000317382,-0.0000008370];0.0000898272;1.0013615896;4.1304657635;0.0000317492
12;242;[0.0000402380,0.0000136425];[0.0000402380,0.0000136425];[0.0000402380,0.0000136425];0.0001202216;[-0.0000317382,-0.0000008370];0.0000898272;0.9743227191;4.0774950350;0.0000317492
12;243;[-0.0000112384,0.0003430939];[-0.0000112384,0.0003430939];[-0.0000112384,0.0003430939];0.0009740745;[-0.0000317382,-0.0000008370];0.0000898272;0.9486858113;4.0265070016;0.0000317492
12;244;[-0.0001880031,0.0003252737];[-0.0000361015,0.0003252737];[-0.0000361015,0.0003252737];0.0009285142;[-0.0000317382,-0.0000008370];0.0000898272;0.9243855103;3.9773717515;0.0000317492
12;245;[-30.4005663403,0.0002785319];[-20.3760152139,0.0002286411];[-20.3760152139,0.0002286411];20.4422727312;[-0.0000317382,-0.0000008370];0.0000898272;0.9012990854;3.9299853990;0.0000317492
12;246;[0.0000324585,0.0001610484];[0.0000324585,0.0001610484];[0.0000324585,0.0001610484];0.0004653918;[-0.0000317382,-0.0000008370];0.0000898272;1.3779081988;4.9147057931;0.0000317492
12;247;[-0.0000601310,0.0000444814];[-0.0000601310,0.0000444814];[-0.0000601310,0.0000444814];0.0002117020;[-0.0000317382,-0.0000008370];0.0000898272;1.3451119414;4.8603836515;0.0000317492
12;248;[-0.0000615221,-7.9893173995];[-0.0000615221,-5.6895575715];[-0.0000615221,-5.6895575715];12.4033946183;[-0.0000317382,-0.0000008370];0.0000898272;1.3138351917;4.8078098302;0.0000317492
12;249;[-0.0001734106,0.0000124834];[-0.0001734106,0.0000124834];[-0.0001734106,0.0000124834];0.0004925535;[-0.0000317382,-0.0000008370];0.0000898272;1.5658706332;5.0320109095;0.0000317492
12;250;[30.7832079459,-0.0002593731];[22.0143738150,-0.0000758662];[22.0143738150,-0.0000758662];19.1164556818;[-0.0000317382,-0.0000008370];0.0000898272;1.5310844537;4.9811329410;0.0000317492
12;251;[-0.0001734106,0.0000124834];[-0.0001625223,0.0000407022];[-0.0001625223,0.0000407022];0.0004746266;[-0.0000317382,-0.0000008370];0.0000898272;1.9133751325;5.5541766494;0.0000317492
12;252;[-0.0000258170,-6.9509974440];[-0.0000559573,-2.6696664411];[-0.0000559573,-2.6696664411];7.7128691891;[-0.0000317382,-0.0000008370];0.0000898272;1.8726751218;5.5017013479;0.0000317492
12;179;[-0.0000424821,-0.0000375664];[-0.0000224928,0.0000107503];[-0.0000224928,0.0000107503];0.0000705286;[-0.0000317382,-0.0000008370];0.0000898272;1.9943439574;5.5076223278;0.0000317492
12;195;[-0.0001590820,0.0000122277];[-0.0000535223,0.0000128389];[-0.0000535223,0.0000128389];0.0001557590;[-0.0000317382,-0.0000008370];0.0000898272;1.9943377866;5.5076245619;0.0000317492
12;218;[-0.0000551414,-0.0000468846];[-0.0000478613,-0.0000253954];[-0.0000478613,-0.0000253954];0.0001533264;[-0.0000317382,-0.0000008370];0.0000898272;1.9943367130;5.5076249506;0.0000317492
12;221;[-0.0000540898,0.0000083854];[0.0000148547,0.0000095704];[0.0000148547,0.0000095704];0.0000499887;[-0.0000317382,-0.0000008370];0.0000898272;1.9943345275;5.5076257420;0.0000317492
12;199;[-0.0003548443,0.0003721100];[-0.0003548443,0.0003721100];[-0.0003548443,0.0003721100];0.0014613587;[-0.0000317382,-0.0000008370];0.0000898272;1.9943345275;5.5076257420;0.0000317492
12;235;[-0.0001797389,-0.0000938773];[-0.0001797389,-0.0000938773];[-0.0001797389,-0.0000938773];0.0005746385;[-0.0000317382,-0.0000008370];0.0000898272;1.9943345275;5.5076257420;0.0000317492
12;236;[-0.0001277974,0.0000652330];[-0.0000805616,0.0000216252];[-0.0000805616,0.0000216252];0.0002361144;[-0.0000317382,-0.0000008370];0.0000898272;1.9943309803;5.5076270263;0.0000317492
12;237;[-0.0001797389,-0.0000938773];[-0.0001505841,-0.0000201576];[-0.0001505841,-0.0000201576];0.0004303299;[-0.0000317382,-0.0000008370];0.0000898272;1.9943279738;5.5076281146;0.0000317492
12;238;[-0.0000334243,-0.0000409059];[-0.0000334243,-0.0000409059];[-0.0000334243,-0.0000409059];0.0001494858;[-0.0000317382,-0.0000008370];0.0000898272;1.9943279738;5.5076281146;0.0000317492
12;239;[-0.0001012719,-14.0376707175];[-0.0001012719,-14.0376707175];[-0.0001012719,-14.0376707175];17.2906414219;[-0.0000317382,-0.0000008370];0.0000898272;1.9943279738;5.5076281146;0.0000317492
12;240;[6.1778808250,14.1384009978];[1.0312950053,8.3791221459];[1.0312950053,8.3791221459];15.5214156929;[-0.0000317382,-0.0000008370];0.0000898272;1.9272012591;5.3195033356;0.0000317492
12;241;[-0.0000112384,0.0003252737];[0.0000023599,0.0000770726];[0.0000023599,0.0000770726];0.0002182547;[-0.0000317382,-0.0000008370];0.0000898272;1.9271865690;5.3195086561;0.0000317492
12;242;[0.0000402380,0.0000136425];[0.0000402380,0.0000136425];[0.0000402380,0.0000136425];0.0001202216;[-0.0000317382,-0.0000008370];0.0000898272;1.9271865690;5.3195086561;0.0000317492
12;243;[-0.0000112384,0.0003430939];[0.0000097942,0.0001110897];[0.0000097942,0.0001110897];0.0003157592;[-0.0000317382,-0.0000008370];0.0000898272;1.9271728541;5.3195136231;0.0000317492
12;244;[-0.0000361015,0.0003252737];[-0.0000073730,0.0001743203];[-0.0000073730,0.0001743203];0.0004943036;[-0.0000317382,-0.0000008370];0.0000898272;1.9271638080;5.3195168991;0.0000317492
12;245;[-20.3760152139,0.0002286411];[-19.7253484929,0.0000781882];[-19.7253484929,0.0000781882];19.9630212432;[-0.0000317382,-0.0000008370];0.0000898272;1.9171794020;5.2850941963;0.0000317492
12;246;[0.0000324585,0.0001610484];[0.0000076228,0.0000893505];[0.0000076228,0.0000893505];0.0002538535;[-0.0000317382,-0.0000008370];0.0000898272;1.9171749950;5.2850957947;0.0000317492
12;247;[-0.0000601310,0.0000444814];[-0.0000601310,0.0000444814];[-0.0000601310,0.0000444814];0.0002117020;[-0.0000317382,-0.0000008370];0.0000898272;1.9171749950;5.2850957947;0.0000317492
12;248;[-0.0000615221,-5.6895575715];[-0.0000546672,-3.5588592433];[-0.0000546672,-3.5588592433];9.5932357122;[-0.0000317382,-0.0000008370];0.0000898272;1.8586300177;5.1831939725;0.0000317492
12;249;[-0.0001734106,0.0000124834];[-0.0001396178,0.0000126422];[-0.0001396178,0.0000126422];0.0003970377;[-0.0000317382,-0.0000008370];0.0000898272;1.8586280278;5.1831946858;0.0000317492
12;250;[22.0143738150,-0.0000758662];[13.2585002660,0.0000692165];[13.2585002660,0.0000692165];18.0459939352;[-0.0000317382,-0.0000008370];0.0000898272;1.8363267414;5.1106886976;0.0000317492
12;251;[-0.0001625223,0.0000407022];[-0.0001299533,0.0000354904];[-0.0001299533,0.0000354904];0.0003815074;[-0.0000317382,-0.0000008370];0.0000898272;1.8363248015;5.1106893945;0.0000317492
12;252;[-0.0000559573,-2.6696664411];[-0.0000281699,-2.3542491730];[-0.0000281699,-2.3542491730];7.1662198822;[-0.0000317382,-0.0000008370];0.0000898272;1.8249362742;5.0981753155;0.0000317492
13;52;[-0.0001571288,0.0000780080];[-0.0000196817,-0.0000030102];[-0.0000196817,-0.0000030102];0.0000563263;[0.0000148547,0.0000095704];0.0000499887;0.6656817886;3.5834259821;0.0000176707
13;74;[-0.0000592016,0.0000179199];[-0.0000393151,0.0000167121];[-0.0000393151,0.0000167121];0.0001208780;[0.0000148547,0.0000095704];0.0000499887;0.6656799828;3.5834263175;0.0000176707
13;153;[-0.0001277974,0.0000652330];[-0.0000205536,0.0000003817];[-0.0000205536,0.0000003817];0.0000581556;[0.0000148547,0.0000095704];0.0000499887;0.6656683753;3.5834284730;0.0000176707
13;22;[-0.0000149549,0.0000719146];[-0.0000247237,0.0000539591];[-0.0000247237,0.0000539591];0.0001679711;[0.0000148547,0.0000095704];0.0000499887;0.6656670443;3.5834287202;0.0000176707
13;207;[-0.0000564566,0.0001043239];[-0.0000462588,0.0000512150];[-0.0000462588,0.0000512150];0.0001953262;[0.0000148547,0.0000095704];0.0000499887;0.6656623590;3.5834295902;0.0000176707
13;232;[-0.0000317382,-0.0000008370];[-0.0000317382,-0.0000008370];[-0.0000317382,-0.0000008370];0.0000898272;[0.0000148547,0.0000095704];0.0000499887;0.6656623590;3.5834295902;0.0000176707
13;191;[-0.0000334243,-0.0000409059];[-0.0000401039,-0.0000081373];[-0.0000401039,-0.0000081373];0.0001157870;[0.0000148547,0.0000095704];0.0000499887;0.6656612357;3.5834297988;0.0000176707
13;242;[0.0000402380,0.0000136425];[0.0000402380,0.0000136425];[0.0000402380,0.0000136425];0.0001202216;[0.0000148547,0.0000095704];0.0000499887;0.6656612357;3.5834297988;0.0000176707
13;130;[-0.0000647146,0.0002768133];[0.0000394809,-0.0000372646];[0.0000394809,-0.0000372646];0.0001536336;[0.0000148547,0.0000095704];0.0000499887;0.6656394832;3.5834338366;0.0000176707
13;206;[-0.0000843465,0.0002080082];[0.0000246206,0.0000332869];[0.0000246206,0.0000332869];0.0001171505;[0.0000148547,0.0000095704];0.0000499887;0.6656221813;3.5834370487;0.0000176707
13;212;[0.0000402380,0.0000136425];[0.0000402380,0.0000136425];[0.0000402380,0.0000136425];0.0001202216;[0.0000148547,0.0000095704];0.0000499887;0.6656221813;3.5834370487;0.0000176707
13;221;[0.0000148547,0.0000095704];[0.0000148547,0.0000095704];[0.0000148547,0.0000095704];0.0000499887;[0.0000148547,0.0000095704];0.0000499887;0.6656221813;3.5834370487;0.0000176707
13;209;[-0.0000112384,0.0003252737];[-0.0000112384,0.0003252737];[-0.0000112384,0.0003252737];0.0009233827;[0.0000148547,0.0000095704];0.0000499887;0.6656221813;3.5834370487;0.0000176707
13;154;[0.0000324585,0.0001610484];[0.0000294785,-0.0000333785];[0.0000294785,-0.0000333785];0.0001260086;[0.0000148547,0.0000095704];0.0000499887;0.6656108686;3.5834391491;0.0000176707
13;228;[0.0000412922,-0.0000126226];[0.0000203924,0.0000237456];[0.0000203924,0.0000237456];0.0000885565;[0.0000148547,0.0000095704];0.0000499887;0.6656097479;3.5834393572;0.0000176707
13;238;[-0.0000334243,-0.0000409059];[-0.0000334243,-0.0000409059];[-0.0000334243,-0.0000409059];0.0001494858;[0.0000148547,0.0000095704];0.0000499887;0.6656097479;3.5834393572;0.0000176707
13;227;[-0.0000601310,0.0000444814];[-0.0000601310,0.0000444814];[-0.0000601310,0.0000444814];0.0002117020;[0.0000148547,0.0000095704];0.0000499887;0.6656097479;3.5834393572;0.0000176707
13;131;[-0.0000801810,-0.0000156672];[-0.0000801810,-0.0000156672];[-0.0000801810,-0.0000156672];0.0002312527;[0.0000148547,0.0000095704];0.0000499887;0.6656097479;3.5834393572;0.0000176707
13;156;[-0.0000002069,-0.0000190383];[-0.0000002069,-0.0000190383];[-0.0000002069,-0.0000190383];0.0000538614;[0.0000148547,0.0000095704];0.0000499887;0.6656097479;3.5834393572;0.0000176707
13;210;[-0.0000258170,0.0000615012];[-0.0000258170,0.0000615012];[-0.0000258170,0.0000615012];0.0001887752;[0.0000148547,0.0000095704];0.0000499887;0.6656097479;3.5834393572;0.0000176707
13;230;[-0.0000374438,-0.0000574828];[-0.0000374438,-0.0000574828];[-0.0000374438,-0.0000574828];0.0001941627;[0.0000148547,0.0000095704];0.0000499887;0.6656097479;3.5834393572;0.0000176707
13;179;[-0.0000224928,0.0000107503];[-0.0000224928,0.0000107503];[-0.0000224928,0.0000107503];0.0000705286;[0.0000148547,0.0000095704];0.0000499887;0.6656097479;3.5834393572;0.0000176707
13;245;[-19.7253484929,0.0000781882];[-6.5253168731,0.0000160121];[-6.5253168731,0.0000160121];13.7640066586;[0.0000148547,0.0000095704];0.0000499887;0.4589759284;2.4706821861;0.0000176707
13;216;[-0.0001734106,0.0000124834];[-0.0001734106,0.0000124834];[-0.0001734106,0.0000124834];0.0004925535;[0.0000148547,0.0000095704];0.0000499887;0.4589759284;2.4706821861;0.0000176707
13;253;[-0.0000196817,0.0000136425];[-0.0000196817,0.0000015917];[-0.0000196817,0.0000015917];0.0000558605;[0.0000148547,0.0000095704];0.0000499887;0.4589759284;2.4706821861;0.0000176707
13;254;[0.0000402380,-0.0000030102];[0.0000402380,-0.0000022941];[0.0000402380,-0.0000022941];0.0001140382;[0.0000148547,0.0000095704];0.0000499887;0.4441720552;2.4318579634;0.0000176707
13;255;[0.0000402380,0.0000003817];[0.0000402380,0.0000003817];[0.0000402380,0.0000003817];0.0001138584;[0.0000148547,0.0000095704];0.0000499887;0.4302952422;2.3948052713;0.0000176707
13;256;[32.1024695691,17.7159672711];[32.1024695691,17.7159672711];[32.1024695691,17.7159672711];21.2648192632;[0.0000148547,0.0000095704];0.0000499887;0.4172594427;2.3593938709;0.0000176707
13;257;[0.0000402380,0.0000136425];[0.0000402380,0.0000136425];[0.0000402380,0.0000136425];0.0001202216;[0.0000148547,0.0000095704];0.0000499887;1.0304229668;4.2201902267;0.0000176707
13;258;[-0.0000317382,-0.0000008370];[-0.0000317382,-0.0000008370];[-0.0000317382,-0.0000008370];0.0000898272;[0.0000148547,0.0000095704];0.0000499887;1.0009857455;4.1630050382;0.0000176707
13;259;[-0.0000601310,0.0000444814];[0.0000180734,0.0000421785];[0.0000180734,0.0000421785];0.0001298460;[0.0000148547,0.0000095704];0.0000499887;0.9731830811;4.1080725010;0.0000176707
13;260;[0.0000246206,0.0000332869];[0.0000246206,0.0000332869];[0.0000246206,0.0000332869];0.0001171505;[0.0000148547,0.0000095704];0.0000499887;0.9468843451;4.0552488202;0.0000176707
13;261;[0.0000148547,0.0000444814];[0.0000027853,0.0000444814];[0.0000027853,0.0000444814];0.0001261118;[0.0000148547,0.0000095704];0.0000499887;0.9219694189;4.0044033995;0.0000176707
13;262;[-0.0000601310,0.0000095704];[0.0000116033,0.0000095704];[0.0000116033,0.0000095704];0.0000425482;[0.0000148547,0.0000095704];0.0000499887;0.8983324110;3.9554162014;0.0000176707
13;263;[-0.0000334243,-0.0000409059];[-0.0000334243,-0.0000409059];[-0.0000334243,-0.0000409059];0.0001494858;[0.0000148547,0.0000095704];0.0000499887;0.8758751644;3.9081777316;0.0000176707
13;264;[0.0000203924,0.0000237456];[0.0000203924,0.0000237456];[0.0000203924,0.0000237456];0.0000885565;[0.0000148547,0.0000095704];0.0000499887;0.8545160015;3.8625857571;0.0000176707
13;265;[-0.0000002069,21.8090482199];[-0.0000002069,2.3282785384];[-0.0000002069,2.3282785384];7.0273155156;[0.0000148547,0.0000095704];0.0000499887;0.8341724909;3.8185480355;0.0000176707
13;266;[-0.0000805616,-0.0000190383];[-0.0000713947,-0.0000190383];[-0.0000713947,-0.0000190383];0.0002091366;[0.0000148547,0.0000095704];0.0000499887;0.9781990729;3.8876011181;0.0000176707
13;267;[-6.5253168731,0.0000216252];[-0.6262493434,0.0000216252];[-0.6262493434,0.0000216252];3.2524668066;[0.0000148547,0.0000095704];0.0000499887;0.9559720289;3.8459327748;0.0000176707
13;268;[-0.0000805616,0.0000160121];[-0.0000805616,0.0000160121];[-0.0000805616,0.0000160121];0.0002324995;[0.0000148547,0.0000095704];0.0000499887;1.0070052462;3.8179966903;0.0000176707
13;269;[-0.0000801810,0.0000216252];[-0.0000801810,0.0000042871];[-0.0000801810,0.0000042871];0.0002272818;[0.0000148547,0.0000095704];0.0000499887;0.9851188821;3.7791217046;0.0000176707
13;270;[-0.0000805616,-0.0000156672];[-0.0000805616,0.0000083108];[-0.0000805616,0.0000083108];0.0002292466;[0.0000148547,0.0000095704];0.0000499887;0.9641637417;3.7414025485;0.0000176707
13;195;[-0.0000535223,0.0000128389];[-0.0000369696,0.0000116551];[-0.0000369696,0.0000116551];0.0001096791;[0.0000148547,0.0000095704];0.0000499887;0.9440808130;3.7047837077;0.0000176707
13;218;[-0.0000478613,-0.0000253954];[-0.0000461263,-0.0000209762];[-0.0000461263,-0.0000209762];0.0001433901;[0.0000148547,0.0000095704];0.0000499887;0.9440806060;3.7047837605;0.0000176707
13;241;[0.0000023599,0.0000770726];[0.0000031772,0.0000446559];[0.0000031772,0.0000446559];0.0001266786;[0.0000148547,0.0000095704];0.0000499887;0.9440786982;3.7047842466;0.0000176707
13;135;[-0.0000615221,0.0000349619];[-0.0000369212,0.0000109391];[-0.0000369212,0.0000109391];0.0001089556;[0.0000148547,0.0000095704];0.0000499887;0.9440767956;3.7047847313;0.0000176707
13;209;[-0.0000112384,0.0003252737];[-0.0001285244,0.0002337983];[-0.0001285244,0.0002337983];0.0007565088;[0.0000148547,0.0000095704];0.0000499887;0.9440733191;3.7047856164;0.0000176707
13;216;[-0.0001734106,0.0000124834];[-0.0000245248,0.0000077426];[-0.0000245248,0.0000077426];0.0000727589;[0.0000148547,0.0000095704];0.0000499887;0.9440645734;3.7047878444;0.0000176707
13;253;[-0.0000196817,0.0000015917];[-0.0000182471,0.0000070584];[-0.0000182471,0.0000070584];0.0000553475;[0.0000148547,0.0000095704];0.0000499887;0.9440645627;3.7047878471;0.0000176707
13;254;[0.0000402380,-0.0000022941];[-0.0000189103,-0.0000014984];[-0.0000189103,-0.0000014984];0.0000536636;[0.0000148547,0.0000095704];0.0000499887;0.9440633049;3.7047881676;0.0000176707
13;255;[0.0000402380,0.0000003817];[0.0000300023,0.0000013777];[0.0000300023,0.0000013777];0.0000849728;[0.0000148547,0.0000095704];0.0000499887;0.9440627031;3.7047883209;0.0000176707
13;256;[32.1024695691,17.7159672711];[26.0707337075,14.8448705963];[26.0707337075,14.8448705963];20.3514152705;[0.0000148547,0.0000095704];0.0000499887;0.9250334532;3.6012634278;0.0000176707
13;257;[0.0000402380,0.0000136425];[0.0000193257,0.0000134529];[0.0000193257,0.0000134529];0.0000666157;[0.0000148547,0.0000095704];0.0000499887;0.9250323365;3.6012637146;0.0000176707
13;258;[-0.0000317382,-0.0000008370];[-0.0000317382,-0.0000008370];[-0.0000317382,-0.0000008370];0.0000898272;[0.0000148547,0.0000095704];0.0000499887;0.9250323365;3.6012637146;0.0000176707
13;259;[0.0000180734,0.0000421785];[0.0000160239,0.0000254529];[0.0000160239,0.0000254529];0.0000850942;[0.0000148547,0.0000095704];0.0000499887;0.9250314041;3.6012639540;0.0000176707
13;260;[0.0000246206,0.0000332869];[0.0000131995,0.0000148993];[0.0000131995,0.0000148993];0.0000563108;[0.0000148547,0.0000095704];0.0000499887;0.9250301366;3.6012642796;0.0000176707
13;261;[0.0000027853,0.0000444814];[0.0000027853,0.0000444814];[0.0000027853,0.0000444814];0.0001261118;[0.0000148547,0.0000095704];0.0000499887;0.9250301366;3.6012642796;0.0000176707
13;262;[0.0000116033,0.0000095704];[0.0000116033,0.0000095704];[0.0000116033,0.0000095704];0.0000425482;[0.0000148547,0.0000095704];0.0000499887;0.9250301366;3.6012642796;0.0000176707
13;263;[-0.0000334243,-0.0000409059];[-0.0000257330,-0.0000385507];[-0.0000257330,-0.0000385507];0.0001311554;[0.0000148547,0.0000095704];0.0000499887;0.9250297548;3.6012643777;0.0000176707
13;264;[0.0000203924,0.0000237456];[0.0000198604,0.0000130639];[0.0000198604,0.0000130639];0.0000672519;[0.0000148547,0.0000095704];0.0000499887;0.9250293109;3.6012644917;0.0000176707
13;265;[-0.0000002069,2.3282785384];[0.0000094334,0.8476986585];[0.0000094334,0.8476986585];2.7787694997;[0.0000148547,0.0000095704];0.0000499887;0.8365179356;3.5010102595;0.0000176707
13;266;[-0.0000713947,-0.0000190383];[-0.0000713947,-0.0000190383];[-0.0000713947,-0.0000190383];0.0002091366;[0.0000148547,0.0000095704];0.0000499887;0.8365179356;3.5010102595;0.0000176707
13;267;[-0.6262493434,0.0000216252];[-0.1285858198,0.0000187272];[-0.1285858198,0.0000187272];0.7495516149;[0.0000148547,0.0000095704];0.0000499887;0.7843738691;3.4832328680;0.0000176707
13;268;[-0.0000805616,0.0000160121];[-0.0000496471,0.0000007166];[-0.0000496471,0.0000007166];0.0001405035;[0.0000148547,0.0000095704];0.0000499887;0.7843719525;3.4832332994;0.0000176707
13;269;[-0.0000801810,0.0000042871];[-0.0000426628,0.0000065814];[-0.0000426628,0.0000065814];0.0001221457;[0.0000148547,0.0000095704];0.0000499887;0.7843697622;3.4832337926;0.0000176707
13;270;[-0.0000805616,0.0000083108];[-0.0000805616,0.0000083108];[-0.0000805616,0.0000083108];0.0002292466;[0.0000148547,0.0000095704];0.0000499887;0.7843697622;3.4832337926;0.0000176707
14;52;[-0.0000196817,-0.0000030102];[-0.0000196817,-0.0000030102];[-0.0000196817,-0.0000030102];0.0000563263;[0.0000116033,0.0000095704];0.0000425482;0.6784810351;3.6531721762;0.0000150409
14;153;[-0.0000205536,0.0000003817];[-0.0000205536,0.0000003817];[-0.0000205536,0.0000003817];0.0000581556;[0.0000116033,0.0000095704];0.0000425482;0.6784810351;3.6531721762;0.0000150409
14;22;[-0.0000247237,0.0000539591];[-0.0000185316,0.0000395987];[-0.0000185316,0.0000395987];0.0001237111;[0.0000116033,0.0000095704];0.0000425482;0.6784795597;3.6531724501;0.0000150409
14;232;[-0.0000317382,-0.0000008370];[-0.0000317382,-0.0000008370];[-0.0000317382,-0.0000008370];0.0000898272;[0.0000116033,0.0000095704];0.0000425482;0.6784795597;3.6531724501;0.0000150409
14;262;[0.0000116033,0.0000095704];[0.0000018349,0.0000109600];[0.0000018349,0.0000109600];0.0000314342;[0.0000116033,0.0000095704];0.0000425482;0.6784791893;3.6531725189;0.0000150409
14;242;[0.0000402380,0.0000136425];[0.0000402380,0.0000136425];[0.0000402380,0.0000136425];0.0001202216;[0.0000116033,0.0000095704];0.0000425482;0.6784791893;3.6531725189;0.0000150409
14;130;[0.0000394809,-0.0000372646];[0.0000394809,-0.0000372646];[0.0000394809,-0.0000372646];0.0001536336;[0.0000116033,0.0000095704];0.0000425482;0.6784791893;3.6531725189;0.0000150409
14;206;[0.0000246206,0.0000332869];[0.0000246206,0.0000332869];[0.0000246206,0.0000332869];0.0001171505;[0.0000116033,0.0000095704];0.0000425482;0.6784791893;3.6531725189;0.0000150409
14;212;[0.0000402380,0.0000136425];[0.0000402380,0.0000136425];[0.0000402380,0.0000136425];0.0001202216;[0.0000116033,0.0000095704];0.0000425482;0.6784791893;3.6531725189;0.0000150409
14;221;[0.0000148547,0.0000095704];[0.0000148547,0.0000095704];[0.0000148547,0.0000095704];0.0000499887;[0.0000116033,0.0000095704];0.0000425482;0.6784791893;3.6531725189;0.0000150409
14;256;[26.0707337075,14.8448705963];[-17.2058220776,-9.7971285218];[-17.2058220776,-9.7971285218];20.1751887310;[0.0000116033,0.0000095704];0.0000425482;0.6726049713;3.6215388870;0.0000150409
14;254;[-0.0000189103,-0.0000014984];[-0.0000189103,-0.0000014984];[-0.0000189103,-0.0000014984];0.0000536636;[0.0000116033,0.0000095704];0.0000425482;0.6726049713;3.6215388870;0.0000150409
14;154;[0.0000294785,-0.0000333785];[-0.0000319533,0.0000259089];[-0.0000319533,0.0000259089];0.0001163992;[0.0000116033,0.0000095704];0.0000425482;0.6726046510;3.6215389464;0.0000150409
14;228;[0.0000203924,0.0000237456];[0.0000075972,0.0000004349];[0.0000075972,0.0000004349];0.0000215247;[0.0000116033,0.0000095704];0.0000425482;0.6726024166;3.6215393614;0.0000150409
14;216;[-0.0000245248,0.0000077426];[-0.0000245248,0.0000077426];[-0.0000245248,0.0000077426];0.0000727589;[0.0000116033,0.0000095704];0.0000425482;0.6726024166;3.6215393614;0.0000150409
14;258;[-0.0000317382,-0.0000008370];[-0.0000317382,-0.0000008370];[-0.0000317382,-0.0000008370];0.0000898272;[0.0000116033,0.0000095704];0.0000425482;0.6726024166;3.6215393614;0.0000150409
14;131;[-0.0000801810,-0.0000156672];[-0.0000290866,-0.0000020798];[-0.0000290866,-0.0000020798];0.0000825021;[0.0000116033,0.0000095704];0.0000425482;0.6725974582;3.6215402820;0.0000150409
14;156;[-0.0000002069,-0.0000190383];[-0.0000002069,-0.0000190383];[-0.0000002069,-0.0000190383];0.0000538614;[0.0000116033,0.0000095704];0.0000425482;0.6725974582;3.6215402820;0.0000150409
14;210;[-0.0000258170,0.0000615012];[-0.0000087056,-0.0000473115];[-0.0000087056,-0.0000473115];0.0001361252;[0.0000116033,0.0000095704];0.0000425482;0.6725957032;3.6215406079;0.0000150409
14;230;[-0.0000374438,-0.0000574828];[-0.0000162216,-0.0000035860];[-0.0000162216,-0.0000035860];0.0000469966;[0.0000116033,0.0000095704];0.0000425482;0.6725907977;3.6215415188;0.0000150409
14;179;[-0.0000224928,0.0000107503];[-0.0000178478,-0.0000134505];[-0.0000178478,-0.0000134505];0.0000632247;[0.0000116033,0.0000095704];0.0000425482;0.6725905542;3.6215415640;0.0000150409
14;253;[-0.0000182471,0.0000070584];[-0.0000155940,-0.0000049178];[-0.0000155940,-0.0000049178];0.0000462550;[0.0000116033,0.0000095704];0.0000425482;0.6725902512;3.6215416203;0.0000150409
14;236;[-0.0000805616,0.0000216252];[-0.0000805616,0.0000216252];[-0.0000805616,0.0000216252];0.0002361144;[0.0000116033,0.0000095704];0.0000425482;0.6725902512;3.6215416203;0.0000150409
14;271;[0.0000402380,0.0000136425];[0.0000347555,0.0000002121];[0.0000347555,0.0000002121];0.0000983373;[0.0000116033,0.0000095704];0.0000425482;0.6725902512;3.6215416203;0.0000150409
14;272;[-0.0000317382,-0.0000008370];[-0.0000317382,-0.0000008370];[-0.0000317382,-0.0000008370];0.0000898272;[0.0000116033,0.0000095704];0.0000425482;0.6508969636;3.5646316737;0.0000150409
14;273;[0.0000018349,0.0000136425];[0.0000018349,0.0000128696];[0.0000018349,0.0000128696];0.0000367734;[0.0000116033,0.0000095704];0.0000425482;0.6305592406;3.5103190829;0.0000150409
14;274;[0.0000402380,0.0000109600];[0.0000047547,0.0000109600];[0.0000047547,0.0000109600];0.0000337947;[0.0000116033,0.0000095704];0.0000425482;0.6114524992;3.4584126390;0.0000150409
14;275;[-0.0000189103,0.0000095704];[0.0000065123,0.0000095704];[0.0000065123,0.0000095704];0.0000327454;[0.0000116033,0.0000095704];0.0000425482;0.5934695961;3.4087397668;0.0000150409
14;276;[0.0000148547,-0.0000014984];[0.0000148547,-0.0000014984];[0.0000148547,-0.0000014984];0.0000422345;[0.0000116033,0.0000095704];0.0000425482;0.5765142575;3.3611449431;0.0000150409
14;277;[-0.0000189103,0.0000136425];[-0.0000189103,0.0000031016];[-0.0000189103,0.0000031016];0.0000542108;[0.0000116033,0.0000095704];0.0000425482;0.5605011458;3.3154873338;0.0000150409
14;278;[0.0000402380,-0.0000014984];[0.0000402380,-0.0000014984];[0.0000402380,-0.0000014984];0.0001139322;[0.0000116033,0.0000095704];0.0000425482;0.5453539313;3.2716391335;0.0000150409
14;279;[-0.0000319533,0.0000077426];[-0.0000247398,0.0000077426];[-0.0000247398,0.0000077426];0.0000733393;[0.0000116033,0.0000095704];0.0000425482;0.5310055103;3.2294838282;0.0000150409
14;280;[-0.0000245248,0.0000259089];[-0.0000245248,0.0000128709];[-0.0000245248,0.0000128709];0.0000783595;[0.0000116033,0.0000095704];0.0000425482;0.5173918649;3.1889157442;0.0000150409
14;281;[-0.0000290866,0.0000216252];[-0.0000290866,0.0000216252];[-0.0000290866,0.0000216252];0.0001025505;[0.0000116033,0.0000095704];0.0000425482;0.5044590272;3.1498376317;0.0000150409
14;282;[-0.0000805616,-0.0000020798];[-0.0000805616,-0.0000020798];[-0.0000805616,-0.0000020798];0.0002281115;[0.0000116033,0.0000095704];0.0000425482;0.4921576497;3.1121604739;0.0000150409
14;283;[-0.0000805616,0.0000216252];[-0.0000409998,-0.0000050563];[-0.0000409998,-0.0000050563];0.0001168889;[0.0000116033,0.0000095704];0.0000425482;0.4804450417;3.0758022117;0.0000150409
14;284;[-0.0000178478,-0.0000134505];[-0.0000178478,-0.0000134505];[-0.0000178478,-0.0000134505];0.0000632247;[0.0000116033,0.0000095704];0.0000425482;0.4692746195;3.0406885618;0.0000150409
14;285;[-0.0000805616,0.0000216252];[-0.0000805616,0.0000216252];[-0.0000805616,0.0000216252];0.0002361144;[0.0000116033,0.0000095704];0.0000425482;0.4586107242;3.0067499582;0.0000150409
14;286;[-0.0000002069,-0.0000190383];[-0.0000002069,-0.0000190383];[-0.0000002069,-0.0000190383];0.0000538614;[0.0000116033,0.0000095704];0.0000425482;0.4484246218;2.9739215858;0.0000150409
14;195;[-0.0000369696,0.0000116551];[0.0000003512,0.0000099426];[0.0000003512,0.0000099426];0.0000281421;[0.0000116033,0.0000095704];0.0000425482;0.4386756588;2.9421456583;0.0000150409
14;135;[-0.0000369212,0.0000109391];[-0.0000181433,0.0000100627];[-0.0000181433,0.0000100627];0.0000586927;[0.0000116033,0.0000095704];0.0000425482;0.4386745661;2.9421458212;0.0000150409
14;255;[0.0000300023,0.0000013777];[0.0000175743,0.0000037643];[0.0000175743,0.0000037643];0.0000508436;[0.0000116033,0.0000095704];0.0000425482;0.4386738242;2.9421459318;0.0000150409
14;257;[0.0000193257,0.0000134529];[0.0000149535,0.0000106616];[0.0000149535,0.0000106616];0.0000519533;[0.0000116033,0.0000095704];0.0000425482;0.4386735054;2.9421459793;0.0000150409
14;259;[0.0000160239,0.0000254529];[0.0000066626,0.0000186361];[0.0000066626,0.0000186361];0.0000559886;[0.0000116033,0.0000095704];0.0000425482;0.4386728727;2.9421460736;0.0000150409
14;260;[0.0000131995,0.0000148993];[0.0000094338,0.0000131567];[0.0000094338,0.0000131567];0.0000457974;[0.0000116033,0.0000095704];0.0000425482;0.4386726441;2.9421461077;0.0000150409
14;264;[0.0000198604,0.0000130639];[0.0000082989,0.0000120286];[0.0000082989,0.0000120286];0.0000413394;[0.0000116033,0.0000095704];0.0000425482;0.4386720808;2.9421461917;0.0000150409
14;271;[0.0000347555,0.0000002121];[0.0000306583,0.0000047784];[0.0000306583,0.0000047784];0.0000877873;[0.0000116033,0.0000095704];0.0000425482;0.4386718515;2.9421462259;0.0000150409
14;272;[-0.0000317382,-0.0000008370];[0.0000144965,0.0000028975];[0.0000144965,0.0000028975];0.0000418190;[0.0000116033,0.0000095704];0.0000425482;0.4386708078;2.9421463815;0.0000150409
14;273;[0.0000018349,0.0000128696];[0.0000018349,0.0000128696];[0.0000018349,0.0000128696];0.0000367734;[0.0000116033,0.0000095704];0.0000425482;0.4386708078;2.9421463815;0.0000150409
14;274;[0.0000047547,0.0000109600];[0.0000047547,0.0000109600];[0.0000047547,0.0000109600];0.0000337947;[0.0000116033,0.0000095704];0.0000425482;0.4386708078;2.9421463815;0.0000150409
14;275;[0.0000065123,0.0000095704];[0.0000065123,0.0000095704];[0.0000065123,0.0000095704];0.0000327454;[0.0000116033,0.0000095704];0.0000425482;0.4386708078;2.9421463815;0.0000150409
14;276;[0.0000148547,-0.0000014984];[0.0000072417,0.0000008687];[0.0000072417,0.0000008687];0.0000206308;[0.0000116033,0.0000095704];0.0000425482;0.4386703382;2.9421464515;0.0000150409
14;277;[-0.0000189103,0.0000031016];[-0.0000003087,0.0000074669];[-0.0000003087,0.0000074669];0.0000211390;[0.0000116033,0.0000095704];0.0000425482;0.4386696192;2.9421465587;0.0000150409
14;278;[0.0000402380,-0.0000014984];[0.0000014437,0.0000045796];[0.0000014437,0.0000045796];0.0000135821;[0.0000116033,0.0000095704];0.0000425482;0.4386674377;2.9421468839;0.0000150409
14;279;[-0.0000247398,0.0000077426];[0.0000048615,0.0000090388];[0.0000048615,0.0000090388];0.0000290317;[0.0000116033,0.0000095704];0.0000425482;0.4386664745;2.9421470275;0.0000150409
14;280;[-0.0000245248,0.0000128709];[-0.0000224118,-0.0000010918];[-0.0000224118,-0.0000010918];0.0000634786;[0.0000116033,0.0000095704];0.0000425482;0.4386661510;2.9421470757;0.0000150409
14;281;[-0.0000290866,0.0000216252];[-0.0000233131,0.0000185884];[-0.0000233131,0.0000185884];0.0000843576;[0.0000116033,0.0000095704];0.0000425482;0.4386657555;2.9421471347;0.0000150409
14;282;[-0.0000805616,-0.0000020798];[-0.0000483202,-0.0000020208];[-0.0000483202,-0.0000020208];0.0001368520;[0.0000116033,0.0000095704];0.0000425482;0.4386637716;2.9421474303;0.0000150409
14;283;[-0.0000409998,-0.0000050563];[0.0000008606,0.0000073646];[0.0000008606,0.0000073646];0.0000209735;[0.0000116033,0.0000095704];0.0000425482;0.4386616865;2.9421477412;0.0000150409
14;284;[-0.0000178478,-0.0000134505];[0.0000049654,0.0000020042];[0.0000049654,0.0000020042];0.0000151460;[0.0000116033,0.0000095704];0.0000425482;0.4386606413;2.9421478970;0.0000150409
14;285;[-0.0000805616,0.0000216252];[-0.0000141801,0.0000193451];[-0.0000141801,0.0000193451];0.0000678568;[0.0000116033,0.0000095704];0.0000425482;0.4386569835;2.9421484422;0.0000150409
14;286;[-0.0000002069,-0.0000190383];[0.0000013395,-0.0000098866];[0.0000013395,-0.0000098866];0.0000282216;[0.0000116033,0.0000095704];0.0000425482;0.4386564261;2.9421485253;0.0000150409
15;52;[-0.0000196817,-0.0000030102];[0.0000042050,0.0000029626];[0.0000042050,0.0000029626];0.0000145497;[0.0000014437,0.0000045796];0.0000135821;0.0000532514;0.0000382282;0.0000048018
15;153;[-0.0000205536,0.0000003817];[0.0000065407,0.0000036862];[0.0000065407,0.0000036862];0.0000212371;[0.0000014437,0.0000045796];0.0000135821;0.0000520208;0.0000386425;0.0000048018
15;262;[0.0000018349,0.0000109600];[0.0000044386,-0.0000020340];[0.0000044386,-0.0000020340];0.0000138103;[0.0000014437,0.0000045796];0.0000135821;0.0000514333;0.0000390825;0.0000048018
15;284;[0.0000049654,0.0000020042];[0.0000036404,0.0000030302];[0.0000036404,0.0000030302];0.0000133976;[0.0000014437,0.0000045796];0.0000135821;0.0000513751;0.0000391378;0.0000048018
15;242;[0.0000402380,0.0000136425];[0.0000402380,0.0000136425];[0.0000402380,0.0000136425];0.0001202216;[0.0000014437,0.0000045796];0.0000135821;0.0000513751;0.0000391378;0.0000048018
15;130;[0.0000394809,-0.0000372646];[0.0000094828,0.0000005397];[0.0000094828,0.0000005397];0.0000268673;[0.0000014437,0.0000045796];0.0000135821;0.0000471495;0.0000344292;0.0000048018
15;206;[0.0000246206,0.0000332869];[0.0000113772,-0.0000044731];[0.0000113772,-0.0000044731];0.0000345812;[0.0000014437,0.0000045796];0.0000135821;0.0000443972;0.0000319331;0.0000048018
15;212;[0.0000402380,0.0000136425];[0.0000151251,0.0000034105];[0.0000151251,0.0000034105];0.0000438606;[0.0000014437,0.0000045796];0.0000135821;0.0000418518;0.0000286638;0.0000048018
15;221;[0.0000148547,0.0000095704];[0.0000140467,0.0000020946];[0.0000140467,0.0000020946];0.0000401747;[0.0000014437,0.0000045796];0.0000135821;0.0000415247;0.0000286250;0.0000048018
15;276;[0.0000072417,0.0000008687];[0.0000072417,0.0000008687];[0.0000072417,0.0000008687];0.0000206308;[0.0000014437,0.0000045796];0.0000135821;0.0000415247;0.0000286250;0.0000048018
15;254;[-0.0000189103,-0.0000014984];[-0.0000189103,-0.0000014984];[-0.0000189103,-0.0000014984];0.0000536636;[0.0000014437,0.0000045796];0.0000135821;0.0000415247;0.0000286250;0.0000048018
15;228;[0.0000075972,0.0000004349];[0.0000075972,0.0000004349];[0.0000075972,0.0000004349];0.0000215247;[0.0000014437,0.0000045796];0.0000135821;0.0000415247;0.0000286250;0.0000048018
15;283;[0.0000008606,0.0000073646];[0.0000000426,0.0000070772];[0.0000000426,0.0000070772];0.0000200191;[0.0000014437,0.0000045796];0.0000135821;0.0000414929;0.0000286484;0.0000048018
15;216;[-0.0000245248,0.0000077426];[-0.0000245248,0.0000077426];[-0.0000245248,0.0000077426];0.0000727589;[0.0000014437,0.0000045796];0.0000135821;0.0000414929;0.0000286484;0.0000048018
15;278;[0.0000014437,0.0000045796];[0.0000014437,0.0000045796];[0.0000014437,0.0000045796];0.0000135821;[0.0000014437,0.0000045796];0.0000135821;0.0000414929;0.0000286484;0.0000048018
15;131;[-0.0000290866,-0.0000020798];[-0.0000234423,-0.0000032308];[-0.0000234423,-0.0000032308];0.0000669465;[0.0000014437,0.0000045796];0.0000135821;0.0000409744;0.0000280356;0.0000048018
15;210;[-0.0000087056,-0.0000473115];[-0.0000136456,-0.0000147734];[-0.0000136456,-0.0000147734];0.0000568936;[0.0000014437,0.0000045796];0.0000135821;0.0000383333;0.0000220381;0.0000048018
15;179;[-0.0000178478,-0.0000134505];[-0.0000055496,0.0000011549];[-0.0000055496,0.0000011549];0.0000160339;[0.0000014437,0.0000045796];0.0000135821;0.0000367603;0.0000218890;0.0000048018
15;253;[-0.0000155940,-0.0000049178];[-0.0000114467,-0.0000031825];[-0.0000114467,-0.0000031825];0.0000336080;[0.0000014437,0.0000045796];0.0000135821;0.0000363387;0.0000218238;0.0000048018
15;277;[-0.0000003087,0.0000074669];[-0.0000003087,0.0000074669];[-0.0000003087,0.0000074669];0.0000211390;[0.0000014437,0.0000045796];0.0000135821;0.0000363387;0.0000218238;0.0000048018
15;287;[0.0000144965,0.0000036862];[0.0000144965,0.0000033380];[0.0000144965,0.0000033380];0.0000420810;[0.0000014437,0.0000045796];0.0000135821;0.0000363387;0.0000218238;0.0000048018
15;288;[0.0000065407,0.0000028975];[0.0000065407,0.0000028975];[0.0000065407,0.0000028975];0.0000202352;[0.0000014437,0.0000045796];0.0000135821;0.0000365240;0.0000214928;0.0000048018
15;289;[0.0000144965,0.0000028975];[0.0000144965,0.0000028975];[0.0000144965,0.0000028975];0.0000418190;[0.0000014437,0.0000045796];0.0000135821;0.0000360149;0.0000213434;0.0000048018
15;290;[0.0000036404,0.0000030302];[0.0000036404,0.0000030302];[0.0000036404,0.0000030302];0.0000133976;[0.0000014437,0.0000045796];0.0000135821;0.0000361908;0.0000210410;0.0000048018
15;291;[0.0000013395,-0.0000098866];[0.0000065935,-0.0000009971];[0.0000065935,-0.0000009971];0.0000188625;[0.0000014437,0.0000045796];0.0000135821;0.0000355204;0.0000210840;0.0000048018
15;292;[0.0000072417,0.0000008687];[0.0000072417,0.0000008687];[0.0000072417,0.0000008687];0.0000206308;[0.0000014437,0.0000045796];0.0000135821;0.0000350445;0.0000209651;0.0000048018
15;293;[0.0000113772,-0.0000098866];[0.0000113772,-0.0000050386];[0.0000113772,-0.0000050386];0.0000351981;[0.0000014437,0.0000045796];0.0000135821;0.0000346441;0.0000208071;0.0000048018
15;294;[0.0000013395,-0.0000044731];[0.0000013395,-0.0000044731];[0.0000013395,-0.0000044731];0.0000132075;[0.0000014437,0.0000045796];0.0000135821;0.0000346591;0.0000205242;0.0000048018
15;295;[0.0000075972,0.0000109600];[0.0000073463,0.0000109600];[0.0000073463,0.0000109600];0.0000373237;[0.0000014437,0.0000045796];0.0000135821;0.0000340946;0.0000205414;0.0000048018
15;296;[0.0000047547,0.0000004349];[0.0000047547,0.0000004349];[0.0000047547,0.0000004349];0.0000135050;[0.0000014437,0.0000045796];0.0000135821;0.0000341774;0.0000202828;0.0000048018
15;297;[-0.0000003087,0.0000074669];[-0.0000003087,0.0000074669];[-0.0000003087,0.0000074669];0.0000211390;[0.0000014437,0.0000045796];0.0000135821;0.0000336606;0.0000202860;0.0000048018
15;298;[-0.0000055496,0.0000011549];[-0.0000055496,0.0000011549];[-0.0000055496,0.0000011549];0.0000160339;[0.0000014437,0.0000045796];0.0000135821;0.0000333552;0.0000201300;0.0000048018
15;299;[-0.0000003087,0.0000074669];[-0.0000003087,0.0000074669];[-0.0000003087,0.0000074669];0.0000211390;[0.0000014437,0.0000045796];0.0000135821;0.0000329427;0.0000200634;0.0000048018
15;300;[-0.0000136456,-0.0000147734];[-0.0000136456,-0.0000147734];[-0.0000136456,-0.0000147734];0.0000568936;[0.0000014437,0.0000045796];0.0000135821;0.0000326682;0.0000199084;0.0000048018
15;195;[0.0000003512,0.0000099426];[0.0000005059,0.0000022758];[0.0000005059,0.0000022758];0.0000065943;[0.0000014437,0.0000045796];0.0000135821;0.0000327291;0.0000203877;0.0000048018
15;260;[0.0000094338,0.0000131567];[0.0000076008,-0.0000027005];[0.0000076008,-0.0000027005];0.0000228165;[0.0000014437,0.0000045796];0.0000135821;0.0000322068;0.0000203405;0.0000048018
15;264;[0.0000082989,0.0000120286];[0.0000023651,0.0000041132];[0.0000023651,0.0000041132];0.0000134205;[0.0000014437,0.0000045796];0.0000135821;0.0000315723;0.0000204807;0.0000048018
15;273;[0.0000018349,0.0000128696];[0.0000015443,0.0000125475];[0.0000015443,0.0000125475];0.0000357616;[0.0000014437,0.0000045796];0.0000135821;0.0000315493;0.0000204754;0.0000048018
15;275;[0.0000065123,0.0000095704];[0.0000055883,0.0000063111];[0.0000055883,0.0000063111];0.0000238444;[0.0000014437,0.0000045796];0.0000135821;0.0000313470;0.0000205065;0.0000048018
15;279;[0.0000048615,0.0000090388];[0.0000023496,-0.0000025848];[0.0000023496,-0.0000025848];0.0000098803;[0.0000014437,0.0000045796];0.0000135821;0.0000309117;0.0000207528;0.0000048018
15;230;[-0.0000162216,-0.0000035860];[-0.0000089991,-0.0000038098];[-0.0000089991,-0.0000038098];0.0000276429;[0.0000014437,0.0000045796];0.0000135821;0.0000304719;0.0000206119;0.0000048018
15;242;[0.0000402380,0.0000136425];[0.0000228955,0.0000077225];[0.0000228955,0.0000077225];0.0000683581;[0.0000014437,0.0000045796];0.0000135821;0.0000292932;0.0000165231;0.0000048018
15;254;[-0.0000189103,-0.0000014984];[0.0000095703,0.0000011042];[0.0000095703,0.0000011042];0.0000272509;[0.0000014437,0.0000045796];0.0000135821;0.0000286929;0.0000161012;0.0000048018
15;216;[-0.0000245248,0.0000077426];[-0.0000183725,0.0000077002];[-0.0000183725,0.0000077002];0.0000563554;[0.0000014437,0.0000045796];0.0000135821;0.0000283201;0.0000152437;0.0000048018
15;287;[0.0000144965,0.0000033380];[0.0000057173,0.0000026029];[0.0000057173,0.0000026029];0.0000177691;[0.0000014437,0.0000045796];0.0000135821;0.0000277675;0.0000151753;0.0000048018
15;288;[0.0000065407,0.0000028975];[0.0000015184,-0.0000019943];[0.0000015184,-0.0000019943];0.0000070898;[0.0000014437,0.0000045796];0.0000135821;0.0000274688;0.0000154476;0.0000048018
15;289;[0.0000144965,0.0000028975];[0.0000029398,0.0000015180];[0.0000029398,0.0000015180];0.0000093583;[0.0000014437,0.0000045796];0.0000135821;0.0000267310;0.0000155196;0.0000048018
15;290;[0.0000036404,0.0000030302];[0.0000044741,0.0000014217];[0.0000044741,0.0000014217];0.0000132787;[0.0000014437,0.0000045796];0.0000135821;0.0000267283;0.0000155220;0.0000048018
15;291;[0.0000065935,-0.0000009971];[0.0000023318,-0.0000026497];[0.0000023318,-0.0000026497];0.0000099835;[0.0000014437,0.0000045796];0.0000135821;0.0000265265;0.0000156798;0.0000048018
15;292;[0.0000072417,0.0000008687];[0.0000044253,0.0000005613];[0.0000044253,0.0000005613];0.0000126175;[0.0000014437,0.0000045796];0.0000135821;0.0000263444;0.0000157934;0.0000048018
15;293;[0.0000113772,-0.0000050386];[0.0000036221,-0.0000023769];[0.0000036221,-0.0000023769];0.0000122543;[0.0000014437,0.0000045796];0.0000135821;0.0000258229;0.0000158710;0.0000048018
15;294;[0.0000013395,-0.0000044731];[0.0000014215,-0.0000022603];[0.0000014215,-0.0000022603];0.0000075525;[0.0000014437,0.0000045796];0.0000135821;0.0000256944;0.0000159951;0.0000048018
15;295;[0.0000073463,0.0000109600];[0.0000072826,0.0000023664];[0.0000072826,0.0000023664];0.0000216599;[0.0000014437,0.0000045796];0.0000135821;0.0000253384;0.0000159063;0.0000048018
15;296;[0.0000047547,0.0000004349];[0.0000033924,-0.0000006959];[0.0000033924,-0.0000006959];0.0000097952;[0.0000014437,0.0000045796];0.0000135821;0.0000252541;0.0000159785;0.0000048018
15;297;[-0.0000003087,0.0000074669];[-0.0000000857,0.0000015772];[-0.0000000857,0.0000015772];0.0000044677;[0.0000014437,0.0000045796];0.0000135821;0.0000248752;0.0000162667;0.0000048018
15;298;[-0.0000055496,0.0000011549];[-0.0000004565,0.0000008855];[-0.0000004565,0.0000008855];0.0000028179;[0.0000014437,0.0000045796];0.0000135821;0.0000245749;0.0000165467;0.0000048018
15;299;[-0.0000003087,0.0000074669];[0.0000012240,0.0000011148];[0.0000012240,0.0000011148];0.0000046828;[0.0000014437,0.0000045796];0.0000135821;0.0000242008;0.0000168042;0.0000048018
15;300;[-0.0000136456,-0.0000147734];[-0.0000053647,-0.0000040200];[-0.0000053647,-0.0000040200];0.0000189623;[0.0000014437,0.0000045796];0.0000135821;0.0000233388;0.0000160614;0.0000048018
16;52;[0.0000042050,0.0000029626];[0.0000038810,0.0000018495];[0.0000038810,0.0000018495];0.0000121604;[-0.0000004565,0.0000008855];0.0000028179;0.0000164644;0.0000112261;0.0000009963
16;153;[0.0000065407,0.0000036862];[0.0000030436,0.0000015397];[0.0000030436,0.0000015397];0.0000096477;[-0.0000004565,0.0000008855];0.0000028179;0.0000160780;0.0000112546;0.0000009963
16;262;[0.0000044386,-0.0000020340];[0.0000021666,0.0000023189];[0.0000021666,0.0000023189];0.0000089765;[-0.0000004565,0.0000008855];0.0000028179;0.0000159169;0.0000113203;0.0000009963
16;284;[0.0000036404,0.0000030302];[0.0000029160,0.0000015243];[0.0000029160,0.0000015243];0.0000093069;[-0.0000004565,0.0000008855];0.0000028179;0.0000157806;0.0000113743;0.0000009963
16;299;[0.0000012240,0.0000011148];[0.0000012240,0.0000011148];[0.0000012240,0.0000011148];0.0000046828;[-0.0000004565,0.0000008855];0.0000028179;0.0000157806;0.0000113743;0.0000009963
16;206;[0.0000113772,-0.0000044731];[0.0000071092,-0.0000024443];[0.0000071092,-0.0000024443];0.0000212648;[-0.0000004565,0.0000008855];0.0000028179;0.0000153367;0.0000108811;0.0000009963
16;221;[0.0000140467,0.0000020946];[0.0000039995,0.0000007326];[0.0000039995,0.0000007326];0.0000115011;[-0.0000004565,0.0000008855];0.0000028179;0.0000143809;0.0000098697;0.0000009963
16;276;[0.0000072417,0.0000008687];[0.0000014126,-0.0000001292];[0.0000014126,-0.0000001292];0.0000040122;[-0.0000004565,0.0000008855];0.0000028179;0.0000138269;0.0000099692;0.0000009963
16;298;[-0.0000004565,0.0000008855];[-0.0000004565,0.0000008855];[-0.0000004565,0.0000008855];0.0000028179;[-0.0000004565,0.0000008855];0.0000028179;0.0000138269;0.0000099692;0.0000009963
16;286;[0.0000013395,-0.0000098866];[0.0000013395,-0.0000098866];[0.0000013395,-0.0000098866];0.0000282216;[-0.0000004565,0.0000008855];0.0000028179;0.0000138269;0.0000099692;0.0000009963
16;228;[0.0000075972,0.0000004349];[0.0000027685,-0.0000008235];[0.0000027685,-0.0000008235];0.0000081698;[-0.0000004565,0.0000008855];0.0000028179;0.0000133818;0.0000099136;0.0000009963
16;283;[0.0000000426,0.0000070772];[0.0000010445,0.0000020213];[0.0000010445,0.0000020213];0.0000064353;[-0.0000004565,0.0000008855];0.0000028179;0.0000129290;0.0000099103;0.0000009963
16;294;[0.0000014215,-0.0000022603];[0.0000014215,-0.0000022603];[0.0000014215,-0.0000022603];0.0000075525;[-0.0000004565,0.0000008855];0.0000028179;0.0000129290;0.0000099103;0.0000009963
16;296;[0.0000033924,-0.0000006959];[0.0000033924,-0.0000006959];[0.0000033924,-0.0000006959];0.0000097952;[-0.0000004565,0.0000008855];0.0000028179;0.0000129290;0.0000099103;0.0000009963
16;210;[-0.0000136456,-0.0000147734];[-0.0000056302,-0.0000001173];[-0.0000056302,-0.0000001173];0.0000159288;[-0.0000004565,0.0000008855];0.0000028179;0.0000115635;0.0000056762;0.0000009963
16;179;[-0.0000055496,0.0000011549];[-0.0000055496,0.0000011549];[-0.0000055496,0.0000011549];0.0000160339;[-0.0000004565,0.0000008855];0.0000028179;0.0000115635;0.0000056762;0.0000009963
16;277;[-0.0000003087,0.0000074669];[-0.0000003087,0.0000074669];[-0.0000003087,0.0000074669];0.0000211390;[-0.0000004565,0.0000008855];0.0000028179;0.0000115635;0.0000056762;0.0000009963
16;301;[0.0000029160,0.0000011148];[0.0000029160,0.0000011148];[0.0000029160,0.0000011148];0.0000088301;[-0.0000004565,0.0000008855];0.0000028179;0.0000115635;0.0000056762;0.0000009963
16;302;[0.0000012240,0.0000015243];[0.0000012240,0.0000014404];[0.0000012240,0.0000014404];0.0000053465;[-0.0000004565,0.0000008855];0.0000028179;0.0000114753;0.0000056048;0.0000009963
16;303;[0.0000030436,0.0000011148];[0.0000030436,0.0000011148];[0.0000030436,0.0000011148];0.0000091681;[-0.0000004565,0.0000008855];0.0000028179;0.0000112838;0.0000056186;0.0000009963
16;304;[0.0000012240,0.0000015397];[0.0000012240,0.0000012003];[0.0000012240,0.0000012003];0.0000048489;[-0.0000004565,0.0000008855];0.0000028179;0.0000112197;0.0000055447;0.0000009963
16;305;[0.0000036221,-0.0000023769];[0.0000036221,-0.0000023769];[0.0000036221,-0.0000023769];0.0000122543;[-0.0000004565,0.0000008855];0.0000028179;0.0000110323;0.0000055676;0.0000009963
16;306;[0.0000071092,-0.0000024443];[0.0000047946,-0.0000023943];[0.0000047946,-0.0000023943];0.0000151588;[-0.0000004565,0.0000008855];0.0000028179;0.0000110672;0.0000054913;0.0000009963
16;307;[0.0000036221,-0.0000023769];[0.0000037643,0.0000007103];[0.0000037643,0.0000007103];0.0000108353;[-0.0000004565,0.0000008855];0.0000028179;0.0000111809;0.0000054561;0.0000009963
16;308;[0.0000039995,0.0000007326];[0.0000037454,-0.0000010231];[0.0000037454,-0.0000010231];0.0000109821;[-0.0000004565,0.0000008855];0.0000028179;0.0000111715;0.0000053821;0.0000009963
16;309;[0.0000010445,-0.0000022603];[0.0000010445,-0.0000022603];[0.0000010445,-0.0000022603];0.0000070429;[-0.0000004565,0.0000008855];0.0000028179;0.0000111665;0.0000053109;0.0000009963
16;310;[0.0000014215,0.0000020213];[0.0000014215,-0.0000005769];[0.0000014215,-0.0000005769];0.0000043392;[-0.0000004565,0.0000008855];0.0000028179;0.0000110608;0.0000052828;0.0000009963
16;311;[-0.0000003087,0.0000074669];[-0.0000003087,0.0000074669];[-0.0000003087,0.0000074669];0.0000211390;[-0.0000004565,0.0000008855];0.0000028179;0.0000108928;0.0000053208;0.0000009963
16;312;[-0.0000055496,0.0000011549];[-0.0000055496,0.0000011549];[-0.0000055496,0.0000011549];0.0000160339;[-0.0000004565,0.0000008855];0.0000028179;0.0000111427;0.0000054881;0.0000009963
16;195;[0.0000005059,0.0000022758];[0.0000011749,0.0000002742];[0.0000011749,0.0000002742];0.0000034123;[-0.0000004565,0.0000008855];0.0000028179;0.0000111834;0.0000055588;0.0000009963
16;264;[0.0000023651,0.0000041132];[0.0000015251,0.0000012803];[0.0000015251,0.0000012803];0.0000056323;[-0.0000004565,0.0000008855];0.0000028179;0.0000109979;0.0000056107;0.0000009963
16;279;[0.0000023496,-0.0000025848];[0.0000020775,-0.0000024841];[0.0000020775,-0.0000024841];0.0000091598;[-0.0000004565,0.0000008855];0.0000028179;0.0000109808;0.0000056152;0.0000009963
16;287;[0.0000057173,0.0000026029];[0.0000039733,0.0000012600];[0.0000039733,0.0000012600];0.0000117903;[-0.0000004565,0.0000008855];0.0000028179;0.0000108384;0.0000055162;0.0000009963
16;288;[0.0000015184,-0.0000019943];[0.0000014484,-0.0000011506];[0.0000014484,-0.0000011506];0.0000052322;[-0.0000004565,0.0000008855];0.0000028179;0.0000107942;0.0000055534;0.0000009963
16;289;[0.0000029398,0.0000015180];[0.0000018104,-0.0000003658];[0.0000018104,-0.0000003658];0.0000052241;[-0.0000004565,0.0000008855];0.0000028179;0.0000106958;0.0000056143;0.0000009963
16;290;[0.0000044741,0.0000014217];[0.0000040451,0.0000013676];[0.0000040451,0.0000013676];0.0000120779;[-0.0000004565,0.0000008855];0.0000028179;0.0000106672;0.0000056041;0.0000009963
16;291;[0.0000023318,-0.0000026497];[0.0000021451,-0.0000026421];[0.0000021451,-0.0000026421];0.0000096262;[-0.0000004565,0.0000008855];0.0000028179;0.0000106587;0.0000056054;0.0000009963
16;292;[0.0000044253,0.0000005613];[0.0000015224,-0.0000005633];[0.0000015224,-0.0000005633];0.0000045914;[-0.0000004565,0.0000008855];0.0000028179;0.0000104676;0.0000056718;0.0000009963
16;300;[-0.0000053647,-0.0000040200];[-0.0000018479,-0.0000018245];[-0.0000018479,-0.0000018245];0.0000073452;[-0.0000004565,0.0000008855];0.0000028179;0.0000101910;0.0000055323;0.0000009963
16;278;[0.0000014437,0.0000045796];[0.0000014437,0.0000045796];[0.0000014437,0.0000045796];0.0000135821;[-0.0000004565,0.0000008855];0.0000028179;0.0000101910;0.0000055323;0.0000009963
16;297;[-0.0000000857,0.0000015772];[0.0000008241,0.0000009641];[0.0000008241,0.0000009641];0.0000035875;[-0.0000004565,0.0000008855];0.0000028179;0.0000101700;0.0000055556;0.0000009963
16;286;[0.0000013395,-0.0000098866];[0.0000013395,-0.0000098866];[0.0000013395,-0.0000098866];0.0000282216;[-0.0000004565,0.0000008855];0.0000028179;0.0000101700;0.0000055556;0.0000009963
16;301;[0.0000029160,0.0000011148];[0.0000017696,0.0000009292];[0.0000017696,0.0000009292];0.0000056534;[-0.0000004565,0.0000008855];0.0000028179;0.0000100944;0.0000055948;0.0000009963
16;302;[0.0000012240,0.0000014404];[0.0000012240,0.0000013464];[0.0000012240,0.0000013464];0.0000051466;[-0.0000004565,0.0000008855];0.0000028179;0.0000100896;0.0000055989;0.0000009963
16;303;[0.0000030436,0.0000011148];[0.0000019625,0.0000007616];[0.0000019625,0.0000007616];0.0000059542;[-0.0000004565,0.0000008855];0.0000028179;0.0000100131;0.0000056329;0.0000009963
16;304;[0.0000012240,0.0000012003];[0.0000012240,0.0000012003];[0.0000012240,0.0000012003];0.0000048489;[-0.0000004565,0.0000008855];0.0000028179;0.0000100131;0.0000056329;0.0000009963
16;305;[0.0000036221,-0.0000023769];[0.0000017072,-0.0000013700];[0.0000017072,-0.0000013700];0.0000061913;[-0.0000004565,0.0000008855];0.0000028179;0.0000098688;0.0000056512;0.0000009963
16;306;[0.0000047946,-0.0000023943];[-0.0000006269,-0.0000021687];[-0.0000006269,-0.0000021687];0.0000063853;[-0.0000004565,0.0000008855];0.0000028179;0.0000096599;0.0000056139;0.0000009963
16;307;[0.0000037643,0.0000007103];[0.0000012345,0.0000002166];[0.0000012345,0.0000002166];0.0000035452;[-0.0000004565,0.0000008855];0.0000028179;0.0000094863;0.0000056871;0.0000009963
16;308;[0.0000037454,-0.0000010231];[-0.0000001681,-0.0000017893];[-0.0000001681,-0.0000017893];0.0000050832;[-0.0000004565,0.0000008855];0.0000028179;0.0000093458;0.0000057211;0.0000009963
16;309;[0.0000010445,-0.0000022603];[0.0000011631,-0.0000008298];[0.0000011631,-0.0000008298];0.0000040413;[-0.0000004565,0.0000008855];0.0000028179;0.0000092744;0.0000057680;0.0000009963
16;310;[0.0000014215,-0.0000005769];[0.0000012920,-0.0000007245];[0.0000012920,-0.0000007245];0.0000041896;[-0.0000004565,0.0000008855];0.0000028179;0.0000092708;0.0000057711;0.0000009963
16;311;[-0.0000003087,0.0000074669];[0.0000001000,0.0000013338];[0.0000001000,0.0000013338];0.0000037831;[-0.0000004565,0.0000008855];0.0000028179;0.0000088576;0.0000055225;0.0000009963
16;312;[-0.0000055496,0.0000011549];[0.0000002911,0.0000004961];[0.0000002911,0.0000004961];0.0000016269;[-0.0000004565,0.0000008855];0.0000028179;0.0000085145;0.0000055135;0.0000009963
17;153;[0.0000030436,0.0000015397];[0.0000011050,0.0000002941];[0.0000011050,0.0000002941];0.0000032342;[0.0000002911,0.0000004961];0.0000016269;0.0000058282;0.0000028600;0.0000005752
17;262;[0.0000021666,0.0000023189];[0.0000017708,0.0000009671];[0.0000017708,0.0000009671];0.0000057069;[0.0000002911,0.0000004961];0.0000016269;0.0000057192;0.0000027996;0.0000005752
17;284;[0.0000029160,0.0000015243];[0.0000013225,0.0000007291];[0.0000013225,0.0000007291];0.0000042715;[0.0000002911,0.0000004961];0.0000016269;0.0000055513;0.0000027296;0.0000005752
17;195;[0.0000011749,0.0000002742];[0.0000011749,0.0000002742];[0.0000011749,0.0000002742];0.0000034123;[0.0000002911,0.0000004961];0.0000016269;0.0000055513;0.0000027296;0.0000005752
17;299;[0.0000012240,0.0000011148];[0.0000012240,0.0000011148];[0.0000012240,0.0000011148];0.0000046828;[0.0000002911,0.0000004961];0.0000016269;0.0000055513;0.0000027296;0.0000005752
17;276;[0.0000014126,-0.0000001292];[-0.0000006925,0.0000007069];[-0.0000006925,0.0000007069];0.0000027990;[0.0000002911,0.0000004961];0.0000016269;0.0000055109;0.0000027609;0.0000005752
17;298;[-0.0000004565,0.0000008855];[0.0000000770,0.0000002540];[0.0000000770,0.0000002540];0.0000007509;[0.0000002911,0.0000004961];0.0000016269;0.0000054420;0.0000028515;0.0000005752
17;297;[0.0000008241,0.0000009641];[0.0000008076,0.0000007649];[0.0000008076,0.0000007649];0.0000031463;[0.0000002911,0.0000004961];0.0000016269;0.0000054273;0.0000028622;0.0000005752
17;300;[-0.0000018479,-0.0000018245];[0.0000002193,-0.0000005723];[0.0000002193,-0.0000005723];0.0000017334;[0.0000002911,0.0000004961];0.0000016269;0.0000052402;0.0000029136;0.0000005752
17;293;[0.0000036221,-0.0000023769];[0.0000036221,-0.0000023769];[0.0000036221,-0.0000023769];0.0000122543;[0.0000002911,0.0000004961];0.0000016269;0.0000052402;0.0000029136;0.0000005752
17;283;[0.0000010445,0.0000020213];[0.0000010767,0.0000015493];[0.0000010767,0.0000015493];0.0000053364;[0.0000002911,0.0000004961];0.0000016269;0.0000052036;0.0000029053;0.0000005752
17;309;[0.0000011631,-0.0000008298];[0.0000012022,-0.0000004325];[0.0000012022,-0.0000004325];0.0000036137;[0.0000002911,0.0000004961];0.0000016269;0.0000051894;0.0000029120;0.0000005752
17;294;[0.0000014215,-0.0000022603];[0.0000014215,-0.0000022603];[0.0000014215,-0.0000022603];0.0000075525;[0.0000002911,0.0000004961];0.0000016269;0.0000051894;0.0000029120;0.0000005752
17;312;[0.0000002911,0.0000004961];[0.0000002911,0.0000004961];[0.0000002911,0.0000004961];0.0000016269;[0.0000002911,0.0000004961];0.0000016269;0.0000051894;0.0000029120;0.0000005752
17;210;[-0.0000056302,-0.0000001173];[-0.0000034279,-0.0000000102];[-0.0000034279,-0.0000000102];0.0000096958;[0.0000002911,0.0000004961];0.0000016269;0.0000049816;0.0000022954;0.0000005752
17;307;[0.0000012345,0.0000002166];[0.0000012345,0.0000002166];[0.0000012345,0.0000002166];0.0000035452;[0.0000002911,0.0000004961];0.0000016269;0.0000049816;0.0000022954;0.0000005752
17;313;[-3.5673351741,-0.0000007245];[-3.0173455709,-0.0000001154];[-3.0173455709,-0.0000001154];6.9550887156;[0.0000002911,0.0000004961];0.0000016269;0.0000049816;0.0000022954;0.0000005752
17;314;[0.0000012920,0.0000007291];[0.0000012920,-0.0000005406];[0.0000012920,-0.0000005406];0.0000039613;[0.0000002911,0.0000004961];0.0000016269;0.2243625214;1.2288568550;0.0000005752
17;315;[0.0000012920,0.0000009671];[0.0000012920,0.0000009671];[0.0000012920,0.0000009671];0.0000045647;[0.0000002911,0.0000004961];0.0000016269;0.2173513164;1.2101333606;0.0000005752
17;316;[0.0000017708,-18.6542610341];[0.0000014351,-3.8626186951];[0.0000014351,-3.8626186951];8.8541137738;[0.0000002911,0.0000004961];0.0000016269;0.2107650512;1.1922392494;0.0000005752
17;317;[0.0000012240,0.0000013464];[0.0000012240,0.0000013464];[0.0000012240,0.0000013464];0.0000051466;[0.0000002911,0.0000004961];0.0000016269;0.4649811901;1.8741079017;0.0000005752
17;318;[-0.0000006925,0.0000007069];[-0.0000006925,0.0000007069];[-0.0000006925,0.0000007069];0.0000027990;[0.0000002911,0.0000004961];0.0000016269;0.4516961603;1.8487645297;0.0000005752
17;319;[0.0000012240,0.0000013464];[0.0000010508,0.0000010020];[0.0000010508,0.0000010020];0.0000041068;[0.0000002911,0.0000004961];0.0000016269;0.4391491225;1.8244171025;0.0000005752
17;320;[0.0000008076,0.0000007649];[0.0000008076,0.0000007649];[0.0000008076,0.0000007649];0.0000031463;[0.0000002911,0.0000004961];0.0000016269;0.4272803383;1.8010023915;0.0000005752
17;321;[-0.0000001681,-0.0000004325];[-0.0000001681,-0.0000004325];[-0.0000001681,-0.0000004325];0.0000013125;[0.0000002911,0.0000004961];0.0000016269;0.4160362016;1.7784626504;0.0000005752
17;322;[0.0000012022,-0.0000017893];[0.0000012022,-0.0000009139];[0.0000012022,-0.0000009139];0.0000042713;[0.0000002911,0.0000004961];0.0000016269;0.4053686404;1.7567449804;0.0000005752
17;323;[0.0000012345,-0.0000000102];[0.0000012345,-0.0000000102];[0.0000012345,-0.0000000102];0.0000034920;[0.0000002911,0.0000004961];0.0000016269;0.3952345311;1.7358007977;0.0000005752
17;324;[-0.0000034279,0.0000002166];[-0.0000034279,0.0000000783];[-0.0000034279,0.0000000783];0.0000096983;[0.0000002911,0.0000004961];0.0000016269;0.3855947497;1.7155854722;0.0000005752
17;264;[0.0000015251,0.0000012803];[0.0000003205,0.0000000270];[0.0000003205,0.0000000270];0.0000009097;[0.0000002911,0.0000004961];0.0000016269;0.3764140408;1.6960578487;0.0000005752
17;288;[0.0000014484,-0.0000011506];[0.0000013416,-0.0000005920];[0.0000013416,-0.0000005920];0.0000041476;[0.0000002911,0.0000004961];0.0000016269;0.3764140150;1.6960578544;0.0000005752
17;289;[0.0000018104,-0.0000003658];[0.0000009292,-0.0000003711];[0.0000009292,-0.0000003711];0.0000028301;[0.0000002911,0.0000004961];0.0000016269;0.3764139580;1.6960578671;0.0000005752
17;292;[0.0000015224,-0.0000005633];[-0.0000001227,-0.0000004736];[-0.0000001227,-0.0000004736];0.0000013837;[0.0000002911,0.0000004961];0.0000016269;0.3764138816;1.6960578840;0.0000005752
17;301;[0.0000017696,0.0000009292];[0.0000009122,-0.0000003938];[0.0000009122,-0.0000003938];0.0000028103;[0.0000002911,0.0000004961];0.0000016269;0.3764138139;1.6960578991;0.0000005752
17;303;[0.0000019625,0.0000007616];[0.0000012554,-0.0000002444];[0.0000012554,-0.0000002444];0.0000036174;[0.0000002911,0.0000004961];0.0000016269;0.3764137583;1.6960579114;0.0000005752
17;304;[0.0000012240,0.0000012003];[0.0000013056,-0.0000005458];[0.0000013056,-0.0000005458];0.0000040026;[0.0000002911,0.0000004961];0.0000016269;0.3764137381;1.6960579159;0.0000005752
17;305;[0.0000017072,-0.0000013700];[0.0000000943,-0.0000005024];[0.0000000943,-0.0000005024];0.0000014458;[0.0000002911,0.0000004961];0.0000016269;0.3764136251;1.6960579410;0.0000005752
17;306;[-0.0000006269,-0.0000021687];[-0.0000006269,-0.0000021687];[-0.0000006269,-0.0000021687];0.0000063853;[0.0000002911,0.0000004961];0.0000016269;0.3764136251;1.6960579410;0.0000005752
17;311;[0.0000001000,0.0000013338];[0.0000006239,0.0000001499];[0.0000006239,0.0000001499];0.0000018150;[0.0000002911,0.0000004961];0.0000016269;0.3764135783;1.6960579514;0.0000005752
17;228;[0.0000027685,-0.0000008235];[0.0000017960,-0.0000004518];[0.0000017960,-0.0000004518];0.0000052381;[0.0000002911,0.0000004961];0.0000016269;0.3764135085;1.6960579668;0.0000005752
17;299;[0.0000012240,0.0000011148];[0.0000012240,0.0000011148];[0.0000012240,0.0000011148];0.0000046828;[0.0000002911,0.0000004961];0.0000016269;0.3764135085;1.6960579668;0.0000005752
17;293;[0.0000036221,-0.0000023769];[0.0000018240,-0.0000019756];[0.0000018240,-0.0000019756];0.0000076055;[0.0000002911,0.0000004961];0.0000016269;0.3764133978;1.6960579914;0.0000005752
17;294;[0.0000014215,-0.0000022603];[-0.0000021230,0.0000000301];[-0.0000021230,0.0000000301];0.0000060054;[0.0000002911,0.0000004961];0.0000016269;0.3764133609;1.6960579996;0.0000005752
17;313;[-3.0173455709,-0.0000001154];[-2.9404747647,-0.0000004205];[-2.9404747647,-0.0000004205];6.8967132008;[0.0000002911,0.0000004961];0.0000016269;0.3750234677;1.6906817055;0.0000005752
17;314;[0.0000012920,-0.0000005406];[0.0000012920,-0.0000005406];[0.0000012920,-0.0000005406];0.0000039613;[0.0000002911,0.0000004961];0.0000016269;0.3750234677;1.6906817055;0.0000005752
17;315;[0.0000012920,0.0000009671];[0.0000011123,0.0000009808];[0.0000011123,0.0000009808];0.0000041944;[0.0000002911,0.0000004961];0.0000016269;0.3750234589;1.6906817075;0.0000005752
17;316;[0.0000014351,-3.8626186951];[0.0000013459,-2.4268365778];[0.0000013459,-2.4268365778];7.4751705695;[0.0000002911,0.0000004961];0.0000016269;0.3421914779;1.5316100904;0.0000005752
17;317;[0.0000012240,0.0000013464];[0.0000012465,-0.0000000137];[0.0000012465,-0.0000000137];0.0000035259;[0.0000002911,0.0000004961];0.0000016269;0.3421914393;1.5316100991;0.0000005752
17;318;[-0.0000006925,0.0000007069];[-0.0000006925,0.0000007069];[-0.0000006925,0.0000007069];0.0000027990;[0.0000002911,0.0000004961];0.0000016269;0.3421914393;1.5316100991;0.0000005752
17;319;[0.0000010508,0.0000010020];[0.0000005655,0.0000000421];[0.0000005655,0.0000000421];0.0000016038;[0.0000002911,0.0000004961];0.0000016269;0.3421913797;1.5316101124;0.0000005752
17;320;[0.0000008076,0.0000007649];[0.0000009717,0.0000003326];[0.0000009717,0.0000003326];0.0000029051;[0.0000002911,0.0000004961];0.0000016269;0.3421913739;1.5316101136;0.0000005752
17;321;[-0.0000001681,-0.0000004325];[-0.0000001681,-0.0000004325];[-0.0000001681,-0.0000004325];0.0000013125;[0.0000002911,0.0000004961];0.0000016269;0.3421913739;1.5316101136;0.0000005752
17;322;[0.0000012022,-0.0000009139];[0.0000012022,-0.0000009139];[0.0000012022,-0.0000009139];0.0000042713;[0.0000002911,0.0000004961];0.0000016269;0.3421913739;1.5316101136;0.0000005752
17;323;[0.0000012345,-0.0000000102];[0.0000004907,0.0000002378];[0.0000004907,0.0000002378];0.0000015423;[0.0000002911,0.0000004961];0.0000016269;0.3421913275;1.5316101240;0.0000005752
17;324;[-0.0000034279,0.0000000783];[-0.0000029995,-0.0000003855];[-0.0000029995,-0.0000003855];0.0000085539;[0.0000002911,0.0000004961];0.0000016269;0.3421913003;1.5316101301;0.0000005752
18;153;[0.0000011050,0.0000002941];[0.0000007406,0.0000000843];[0.0000007406,0.0000000843];0.0000021083;[0.0000000770,0.0000002540];0.0000007509;0.0000029880;0.0000015452;0.0000002655
18;284;[0.0000013225,0.0000007291];[0.0000011932,0.0000006152];[0.0000011932,0.0000006152];0.0000037972;[0.0000000770,0.0000002540];0.0000007509;0.0000029722;0.0000015344;0.0000002655
18;195;[0.0000011749,0.0000002742];[0.0000002946,-0.0000000810];[0.0000002946,-0.0000000810];0.0000008643;[0.0000000770,0.0000002540];0.0000007509;0.0000028873;0.0000015776;0.0000002655
18;264;[0.0000003205,0.0000000270];[0.0000003205,0.0000000270];[0.0000003205,0.0000000270];0.0000009097;[0.0000000770,0.0000002540];0.0000007509;0.0000028873;0.0000015776;0.0000002655
18;310;[0.0000012920,-0.0000007245];[0.0000012920,-0.0000007245];[0.0000012920,-0.0000007245];0.0000041896;[0.0000000770,0.0000002540];0.0000007509;0.0000028873;0.0000015776;0.0000002655
18;276;[-0.0000006925,0.0000007069];[0.0000000219,0.0000002584];[0.0000000219,0.0000002584];0.0000007336;[0.0000000770,0.0000002540];0.0000007509;0.0000028184;0.0000016243;0.0000002655
18;298;[0.0000000770,0.0000002540];[0.0000000610,0.0000001918];[0.0000000610,0.0000001918];0.0000005692;[0.0000000770,0.0000002540];0.0000007509;0.0000028124;0.0000016323;0.0000002655
18;297;[0.0000008076,0.0000007649];[-0.0000000835,0.0000001099];[-0.0000000835,0.0000001099];0.0000003903;[0.0000000770,0.0000002540];0.0000007509;0.0000027205;0.0000016876;0.0000002655
18;300;[0.0000002193,-0.0000005723];[0.0000000835,0.0000000397];[0.0000000835,0.0000000397];0.0000002616;[0.0000000770,0.0000002540];0.0000007509;0.0000026715;0.0000017362;0.0000002655
18;321;[-0.0000001681,-0.0000004325];[-0.0000001681,-0.0000004325];[-0.0000001681,-0.0000004325];0.0000013125;[0.0000000770,0.0000002540];0.0000007509;0.0000026715;0.0000017362;0.0000002655
18;309;[0.0000012022,-0.0000004325];[0.0000010959,-0.0000004399];[0.0000010959,-0.0000004399];0.0000033401;[0.0000000770,0.0000002540];0.0000007509;0.0000026623;0.0000017320;0.0000002655
18;292;[-0.0000001227,-0.0000004736];[-0.0000001227,-0.0000004736];[-0.0000001227,-0.0000004736];0.0000013837;[0.0000000770,0.0000002540];0.0000007509;0.0000026623;0.0000017320;0.0000002655
18;324;[-0.0000029995,-0.0000003855];[0.0000010071,-0.0000007667];[0.0000010071,-0.0000007667];0.0000035800;[0.0000000770,0.0000002540];0.0000007509;0.0000024965;0.0000013577;0.0000002655
18;308;[-0.0000001681,-0.0000017893];[-0.0000001681,-0.0000017893];[-0.0000001681,-0.0000017893];0.0000050832;[0.0000000770,0.0000002540];0.0000007509;0.0000024965;0.0000013577;0.0000002655
18;323;[0.0000004907,0.0000002378];[0.0000004907,0.0000002378];[0.0000004907,0.0000002378];0.0000015423;[0.0000000770,0.0000002540];0.0000007509;0.0000024965;0.0000013577;0.0000002655
18;307;[0.0000012345,0.0000002166];[0.0000012345,0.0000002166];[0.0000012345,0.0000002166];0.0000035452;[0.0000000770,0.0000002540];0.0000007509;0.0000024965;0.0000013577;0.0000002655
18;325;[0.0000003205,0.0000004961];[0.0000003205,0.0000003325];[0.0000003205,0.0000003325];0.0000013062;[0.0000000770,0.0000002540];0.0000007509;0.0000024965;0.0000013577;0.0000002655
18;326;[0.0000002911,0.0000000270];[0.0000002911,0.0000000270];[0.0000002911,0.0000000270];0.0000008270;[0.0000000770,0.0000002540];0.0000007509;0.0000024581;0.0000013521;0.0000002655
18;327;[0.0000002911,18.2732895215];[0.0000002911,4.7028093402];[0.0000002911,4.7028093402];11.0089846646;[0.0000000770,0.0000002540];0.0000007509;0.0000024072;0.0000013607;0.0000002655
18;328;[1.4932361687,0.0000006152];[1.1452817005,0.0000005611];[1.1452817005,0.0000005611];3.4705183052;[0.0000000770,0.0000002540];0.0000007509;0.3336079301;1.8871578202;0.0000002655
18;329;[-0.0000001681,-0.0000004325];[-0.0000001246,-0.0000003116];[-0.0000001246,-0.0000003116];0.0000009491;[0.0000000770,0.0000002540];0.0000007509;0.4258700000;1.9332677451;0.0000002655
18;330;[0.0000000835,0.0000000397];[-0.0000000630,-0.0000000160];[-0.0000000630,-0.0000000160];0.0000001839;[0.0000000770,0.0000002540];0.0000007509;0.4137023128;1.9067699279;0.0000002655
18;331;[-0.0000000835,-0.0000004325];[-0.0000000835,-0.0000004325];[-0.0000000835,-0.0000004325];0.0000012459;[0.0000000770,0.0000002540];0.0000007509;0.4022105870;1.8813293160;0.0000002655
18;332;[-0.0000001681,0.0000001099];[-0.0000001428,0.0000001099];[-0.0000001428,0.0000001099];0.0000005095;[0.0000000770,0.0000002540];0.0000007509;0.3913400643;1.8568776463;0.0000002655
18;333;[0.0000011123,-0.0000007667];[0.0000011123,0.0000000342];[0.0000011123,0.0000000342];0.0000031475;[0.0000000770,0.0000002540];0.0000007509;0.3810416549;1.8333526696;0.0000002655
18;334;[0.0000010071,0.0000009808];[0.0000010071,0.0000009808];[0.0000010071,0.0000009808];0.0000039762;[0.0000000770,0.0000002540];0.0000007509;0.3712714368;1.8106974428;0.0000002655
18;335;[32.2342947856,18.8750904946];[1.9517194491,10.9414175579];[1.9517194491,10.9414175579];15.9953403865;[0.0000000770,0.0000002540];0.0000007509;0.3619897503;1.7888598148;0.0000002655
18;336;[0.0000010959,0.0000009808];[0.0000010959,0.0000009808];[0.0000010959,0.0000009808];0.0000041598;[0.0000000770,0.0000002540];0.0000007509;0.7432909853;2.9895811506;0.0000002655
18;288;[0.0000013416,-0.0000005920];[0.0000002053,-0.0000004674];[0.0000002053,-0.0000004674];0.0000014440;[0.0000000770,0.0000002540];0.0000007509;0.7255936156;2.9559493630;0.0000002655
18;289;[0.0000009292,-0.0000003711];[0.0000003531,-0.0000001846];[0.0000003531,-0.0000001846];0.0000011271;[0.0000000770,0.0000002540];0.0000007509;0.7255935750;2.9559493730;0.0000002655
18;301;[0.0000009122,-0.0000003938];[0.0000005736,-0.0000001781];[0.0000005736,-0.0000001781];0.0000016987;[0.0000000770,0.0000002540];0.0000007509;0.7255935486;2.9559493795;0.0000002655
18;303;[0.0000012554,-0.0000002444];[0.0000007244,-0.0000001074];[0.0000007244,-0.0000001074];0.0000020712;[0.0000000770,0.0000002540];0.0000007509;0.7255935117;2.9559493885;0.0000002655
18;304;[0.0000013056,-0.0000005458];[0.0000006651,-0.0000004751];[0.0000006651,-0.0000004751];0.0000023119;[0.0000000770,0.0000002540];0.0000007509;0.7255934715;2.9559493984;0.0000002655
18;311;[0.0000006239,0.0000001499];[0.0000006239,0.0000001499];[0.0000006239,0.0000001499];0.0000018150;[0.0000000770,0.0000002540];0.0000007509;0.7255934715;2.9559493984;0.0000002655
18;314;[0.0000012920,-0.0000005406];[0.0000008429,-0.0000003965];[0.0000008429,-0.0000003965];0.0000026346;[0.0000000770,0.0000002540];0.0000007509;0.7255934399;2.9559494061;0.0000002655
18;317;[0.0000012465,-0.0000000137];[0.0000006525,-0.0000001214];[0.0000006525,-0.0000001214];0.0000018771;[0.0000000770,0.0000002540];0.0000007509;0.7255934006;2.9559494158;0.0000002655
18;318;[-0.0000006925,0.0000007069];[-0.0000001132,0.0000005738];[-0.0000001132,0.0000005738];0.0000016543;[0.0000000770,0.0000002540];0.0000007509;0.7255933734;2.9559494225;0.0000002655
18;319;[0.0000005655,0.0000000421];[0.0000001380,0.0000000085];[0.0000001380,0.0000000085];0.0000003910;[0.0000000770,0.0000002540];0.0000007509;0.7255933445;2.9559494296;0.0000002655
18;320;[0.0000009717,0.0000003326];[0.0000006495,0.0000003325];[0.0000006495,0.0000003325];0.0000020638;[0.0000000770,0.0000002540];0.0000007509;0.7255933245;2.9559494345;0.0000002655
18;305;[0.0000000943,-0.0000005024];[0.0000000439,-0.0000001378];[0.0000000439,-0.0000001378];0.0000004090;[0.0000000770,0.0000002540];0.0000007509;0.7255932998;2.9559494405;0.0000002655
18;310;[0.0000012920,-0.0000007245];[0.0000012920,-0.0000007245];[0.0000012920,-0.0000007245];0.0000041896;[0.0000000770,0.0000002540];0.0000007509;0.7255932998;2.9559494405;0.0000002655
18;308;[-0.0000001681,-0.0000017893];[-0.0000001499,-0.0000013201];[-0.0000001499,-0.0000013201];0.0000037579;[0.0000000770,0.0000002540];0.0000007509;0.7255932682;2.9559494483;0.0000002655
18;325;[0.0000003205,0.0000003325];[0.0000002844,0.0000002155];[0.0000002844,0.0000002155];0.0000010094;[0.0000000770,0.0000002540];0.0000007509;0.7255932612;2.9559494500;0.0000002655
18;326;[0.0000002911,0.0000000270];[-0.0000000178,-0.0000000017];[-0.0000000178,-0.0000000017];0.0000000506;[0.0000000770,0.0000002540];0.0000007509;0.7255932427;2.9559494546;0.0000002655
18;327;[0.0000002911,4.7028093402];[0.0000000580,1.0041773352];[0.0000000580,1.0041773352];2.6482532828;[0.0000000770,0.0000002540];0.0000007509;0.5265282098;2.5036398013;0.0000002655
18;328;[1.1452817005,0.0000005611];[0.5042676031,0.0000001374];[0.5042676031,0.0000001374];3.0947167734;[0.0000000770,0.0000002540];0.0000007509;0.5175805543;2.4937544222;0.0000002655
18;329;[-0.0000001246,-0.0000003116];[-0.0000001246,-0.0000003116];[-0.0000001246,-0.0000003116];0.0000009491;[0.0000000770,0.0000002540];0.0000007509;0.5175805543;2.4937544222;0.0000002655
18;330;[-0.0000000630,-0.0000000160];[-0.0000000630,-0.0000000160];[-0.0000000630,-0.0000000160];0.0000001839;[0.0000000770,0.0000002540];0.0000007509;0.5175805543;2.4937544222;0.0000002655
18;331;[-0.0000000835,-0.0000004325];[0.0000000602,0.0000000852];[0.0000000602,0.0000000852];0.0000002951;[0.0000000770,0.0000002540];0.0000007509;0.5175805316;2.4937544269;0.0000002655
18;332;[-0.0000001428,0.0000001099];[-0.0000000632,0.0000000770];[-0.0000000632,0.0000000770];0.0000002816;[0.0000000770,0.0000002540];0.0000007509;0.5175805262;2.4937544281;0.0000002655
18;333;[0.0000011123,0.0000000342];[0.0000006872,0.0000001381];[0.0000006872,0.0000001381];0.0000019825;[0.0000000770,0.0000002540];0.0000007509;0.5175804985;2.4937544338;0.0000002655
18;334;[0.0000010071,0.0000009808];[0.0000004287,0.0000009141];[0.0000004287,0.0000009141];0.0000028558;[0.0000000770,0.0000002540];0.0000007509;0.5175804718;2.4937544393;0.0000002655
18;335;[1.9517194491,10.9414175579];[0.2839287839,4.1011547993];[0.2839287839,4.1011547993];10.1904967140;[0.0000000770,0.0000002540];0.0000007509;0.3793699082;1.6503393337;0.0000002655
18;336;[0.0000010959,0.0000009808];[0.0000001087,0.0000001721];[0.0000001087,0.0000001721];0.0000005757;[0.0000000770,0.0000002540];0.0000007509;0.3793698228;1.6503393534;0.0000002655
19;153;[0.0000007406,0.0000000843];[0.0000003420,0.0000000435];[0.0000003420,0.0000000435];0.0000009751;[-0.0000000178,-0.0000000017];0.0000000506;0.0000011343;0.0000007646;0.0000000179
19;195;[0.0000002946,-0.0000000810];[0.0000000325,0.0000001634];[0.0000000325,0.0000001634];0.0000004713;[-0.0000000178,-0.0000000017];0.0000000506;0.0000011212;0.0000007725;0.0000000179
19;264;[0.0000003205,0.0000000270];[0.0000002737,0.0000000373];[0.0000002737,0.0000000373];0.0000007812;[-0.0000000178,-0.0000000017];0.0000000506;0.0000011169;0.0000007740;0.0000000179
19;326;[-0.0000000178,-0.0000000017];[-0.0000000178,-0.0000000017];[-0.0000000178,-0.0000000017];0.0000000506;[-0.0000000178,-0.0000000017];0.0000000506;0.0000011169;0.0000007740;0.0000000179
19;312;[0.0000002911,0.0000004961];[0.0000002911,0.0000004961];[0.0000002911,0.0000004961];0.0000016269;[-0.0000000178,-0.0000000017];0.0000000506;0.0000011169;0.0000007740;0.0000000179
19;276;[0.0000000219,0.0000002584];[-0.0000000595,-0.0000000093];[-0.0000000595,-0.0000000093];0.0000001704;[-0.0000000178,-0.0000000017];0.0000000506;0.0000010981;0.0000007897;0.0000000179
19;298;[0.0000000610,0.0000001918];[-0.0000000342,0.0000000399];[-0.0000000342,0.0000000399];0.0000001486;[-0.0000000178,-0.0000000017];0.0000000506;0.0000010841;0.0000008026;0.0000000179
19;297;[-0.0000000835,0.0000001099];[-0.0000000592,0.0000000613];[-0.0000000592,0.0000000613];0.0000002410;[-0.0000000178,-0.0000000017];0.0000000506;0.0000010791;0.0000008073;0.0000000179
19;300;[0.0000000835,0.0000000397];[-0.0000000588,0.0000000092];[-0.0000000588,0.0000000092];0.0000001684;[-0.0000000178,-0.0000000017];0.0000000506;0.0000010760;0.0000008107;0.0000000179
19;330;[-0.0000000630,-0.0000000160];[-0.0000000630,-0.0000000160];[-0.0000000630,-0.0000000160];0.0000001839;[-0.0000000178,-0.0000000017];0.0000000506;0.0000010760;0.0000008107;0.0000000179
19;292;[-0.0000001227,-0.0000004736];[-0.0000000272,-0.0000003548];[-0.0000000272,-0.0000003548];0.0000010065;[-0.0000000178,-0.0000000017];0.0000000506;0.0000010634;0.0000008087;0.0000000179
19;324;[0.0000010071,-0.0000007667];[0.0000005817,-0.0000004573];[0.0000005817,-0.0000004573];0.0000020928;[-0.0000000178,-0.0000000017];0.0000000506;0.0000010139;0.0000006898;0.0000000179
19;331;[0.0000000602,0.0000000852];[0.0000000602,0.0000000852];[0.0000000602,0.0000000852];0.0000002951;[-0.0000000178,-0.0000000017];0.0000000506;0.0000010139;0.0000006898;0.0000000179
19;303;[0.0000007244,-0.0000001074];[0.0000002558,-0.0000002201];[0.0000002558,-0.0000002201];0.0000009545;[-0.0000000178,-0.0000000017];0.0000000506;0.0000009766;0.0000006612;0.0000000179
19;329;[-0.0000001246,-0.0000003116];[-0.0000001246,-0.0000003116];[-0.0000001246,-0.0000003116];0.0000009491;[-0.0000000178,-0.0000000017];0.0000000506;0.0000009766;0.0000006612;0.0000000179
19;321;[-0.0000001681,-0.0000004325];[-0.0000001681,-0.0000004325];[-0.0000001681,-0.0000004325];0.0000013125;[-0.0000000178,-0.0000000017];0.0000000506;0.0000009766;0.0000006612;0.0000000179
19;337;[0.0000002911,0.0000004961];[0.0000002911,0.0000004961];[0.0000002911,0.0000004961];0.0000016269;[-0.0000000178,-0.0000000017];0.0000000506;0.0000009766;0.0000006612;0.0000000179
19;338;[0.0000003420,0.0000000435];[0.0000003420,0.0000000435];[0.0000003420,0.0000000435];0.0000009751;[-0.0000000178,-0.0000000017];0.0000000506;0.0000009976;0.0000006605;0.0000000179
19;339;[0.0000002911,0.0000004961];[0.0000002911,0.0000004961];[0.0000002911,0.0000004961];0.0000016269;[-0.0000000178,-0.0000000017];0.0000000506;0.0000009969;0.0000006502;0.0000000179
19;340;[0.0000002737,0.0000000373];[0.0000002737,0.0000000373];[0.0000002737,0.0000000373];0.0000007812;[-0.0000000178,-0.0000000017];0.0000000506;0.0000010160;0.0000006493;0.0000000179
19;341;[24.3993779586,-0.0000000160];[6.9206380636,0.0000000483];[6.9206380636,0.0000000483];12.6447728498;[-0.0000000178,-0.0000000017];0.0000000506;0.0000010091;0.0000006409;0.0000000179
19;342;[-0.0000000592,0.0000000613];[-0.0000000624,-0.0000000126];[-0.0000000624,-0.0000000126];0.0000001802;[-0.0000000178,-0.0000000017];0.0000000506;0.3612802046;2.1066016093;0.0000000179
19;343;[-0.0000000595,-0.0000000160];[-0.0000000595,-0.0000000141];[-0.0000000595,-0.0000000141];0.0000001730;[-0.0000000178,-0.0000000017];0.0000000506;0.3512446483;2.0779855330;0.0000000179
19;344;[-0.0000000630,-0.0000000093];[-0.0000000630,-0.0000000093];[-0.0000000630,-0.0000000093];0.0000001802;[-0.0000000178,-0.0000000017];0.0000000506;0.3417515544;2.0505035492;0.0000000179
19;345;[0.0000000602,1.1297313508];[0.0000000602,0.9766710452];[0.0000000602,0.9766710452];2.5946899664;[-0.0000000178,-0.0000000017];0.0000000506;0.3327580972;2.0240827570;0.0000000179
19;346;[0.0000005817,-0.0000004573];[0.0000005817,-0.0000004573];[0.0000005817,-0.0000004573];0.0000020928;[-0.0000000178,-0.0000000017];0.0000000506;0.3907563502;2.0297010387;0.0000000179
19;347;[24.4061125180,-0.0000003116];[8.0053872532,-0.0000002907];[8.0053872532,-0.0000002907];13.5538774354;[-0.0000000178,-0.0000000017];0.0000000506;0.3809874938;2.0050974891;0.0000000179
19;348;[21.7127452539,-0.0000002201];[8.1437061753,-0.0000002201];[8.1437061753,-0.0000002201];14.1491320540;[-0.0000000178,-0.0000000017];0.0000000506;0.7022774924;2.8375072762;0.0000000179
19;288;[0.0000002053,-0.0000004674];[0.0000001574,-0.0000002022];[0.0000001574,-0.0000002022];0.0000007248;[-0.0000000178,-0.0000000017];0.0000000506;1.0224406791;3.4731009209;0.0000000179
19;289;[0.0000003531,-0.0000001846];[-0.0000000489,-0.0000001214];[-0.0000000489,-0.0000001214];0.0000003701;[-0.0000000178,-0.0000000017];0.0000000506;1.0224406611;3.4731009262;0.0000000179
19;301;[0.0000005736,-0.0000001781];[0.0000002466,-0.0000000691];[0.0000002466,-0.0000000691];0.0000007243;[-0.0000000178,-0.0000000017];0.0000000506;1.0224406379;3.4731009330;0.0000000179
19;311;[0.0000006239,0.0000001499];[0.0000003543,-0.0000000319];[0.0000003543,-0.0000000319];0.0000010061;[-0.0000000178,-0.0000000017];0.0000000506;1.0224406186;3.4731009387;0.0000000179
19;317;[0.0000006525,-0.0000001214];[0.0000003603,-0.0000000874];[0.0000003603,-0.0000000874];0.0000010486;[-0.0000000178,-0.0000000017];0.0000000506;1.0224405989;3.4731009445;0.0000000179
19;318;[-0.0000001132,0.0000005738];[-0.0000001107,0.0000003365];[-0.0000001107,0.0000003365];0.0000010021;[-0.0000000178,-0.0000000017];0.0000000506;1.0224405834;3.4731009491;0.0000000179
19;319;[0.0000001380,0.0000000085];[-0.0000000145,-0.0000000033];[-0.0000000145,-0.0000000033];0.0000000421;[-0.0000000178,-0.0000000017];0.0000000506;1.0224405751;3.4731009515;0.0000000179
19;320;[0.0000006495,0.0000003325];[0.0000001135,0.0000001377];[0.0000001135,0.0000001377];0.0000005047;[-0.0000000178,-0.0000000017];0.0000000506;1.0224405379;3.4731009625;0.0000000179
19;305;[0.0000000439,-0.0000001378];[0.0000000065,-0.0000000681];[0.0000000065,-0.0000000681];0.0000001934;[-0.0000000178,-0.0000000017];0.0000000506;1.0224405328;3.4731009640;0.0000000179
19;325;[0.0000002844,0.0000002155];[0.0000000227,0.0000002088];[0.0000000227,0.0000002088];0.0000005942;[-0.0000000178,-0.0000000017];0.0000000506;1.0224405229;3.4731009669;0.0000000179
19;332;[-0.0000000632,0.0000000770];[-0.0000000610,0.0000000474];[-0.0000000610,0.0000000474];0.0000002185;[-0.0000000178,-0.0000000017];0.0000000506;1.0224405214;3.4731009673;0.0000000179
19;333;[0.0000006872,0.0000001381];[0.0000005535,-0.0000000543];[0.0000005535,-0.0000000543];0.0000015731;[-0.0000000178,-0.0000000017];0.0000000506;1.0224405117;3.4731009702;0.0000000179
19;336;[0.0000001087,0.0000001721];[0.0000001022,0.0000000533];[0.0000001022,0.0000000533];0.0000003261;[-0.0000000178,-0.0000000017];0.0000000506;1.0224405057;3.4731009719;0.0000000179
19;323;[0.0000004907,0.0000002378];[0.0000004907,0.0000002378];[0.0000004907,0.0000002378];0.0000015423;[-0.0000000178,-0.0000000017];0.0000000506;1.0224405057;3.4731009719;0.0000000179
19;337;[0.0000002911,0.0000004961];[0.0000001783,0.0000003480];[0.0000001783,0.0000003480];0.0000011059;[-0.0000000178,-0.0000000017];0.0000000506;1.0224404933;3.4731009756;0.0000000179
19;338;[0.0000003420,0.0000000435];[0.0000002367,0.0000000318];[0.0000002367,0.0000000318];0.0000006754;[-0.0000000178,-0.0000000017];0.0000000506;1.0224404862;3.4731009777;0.0000000179
19;339;[0.0000002911,0.0000004961];[0.0000001883,0.0000004242];[0.0000001883,0.0000004242];0.0000013127;[-0.0000000178,-0.0000000017];0.0000000506;1.0224404787;3.4731009799;0.0000000179
19;340;[0.0000002737,0.0000000373];[0.0000000775,0.0000000755];[0.0000000775,0.0000000755];0.0000003059;[-0.0000000178,-0.0000000017];0.0000000506;1.0224404674;3.4731009832;0.0000000179
19;341;[6.9206380636,0.0000000483];[2.1886545072,0.0000000025];[2.1886545072,0.0000000025];6.0526325981;[-0.0000000178,-0.0000000017];0.0000000506;0.8654847471;3.0698674828;0.0000000179
19;342;[-0.0000000624,-0.0000000126];[-0.0000000596,-0.0000000128];[-0.0000000596,-0.0000000128];0.0000001724;[-0.0000000178,-0.0000000017];0.0000000506;0.8654847469;3.0698674829;0.0000000179
19;343;[-0.0000000595,-0.0000000141];[-0.0000000595,-0.0000000141];[-0.0000000595,-0.0000000141];0.0000001730;[-0.0000000178,-0.0000000017];0.0000000506;0.8654847469;3.0698674829;0.0000000179
19;344;[-0.0000000630,-0.0000000093];[-0.0000000630,-0.0000000093];[-0.0000000630,-0.0000000093];0.0000001802;[-0.0000000178,-0.0000000017];0.0000000506;0.8654847469;3.0698674829;0.0000000179
19;345;[0.0000000602,0.9766710452];[0.0000000602,0.9766710452];[0.0000000602,0.9766710452];2.5946899664;[-0.0000000178,-0.0000000017];0.0000000506;0.8654847469;3.0698674829;0.0000000179
19;346;[0.0000005817,-0.0000004573];[0.0000001283,-0.0000001560];[0.0000001283,-0.0000001560];0.0000005714;[-0.0000000178,-0.0000000017];0.0000000506;0.8654847107;3.0698674931;0.0000000179
19;347;[8.0053872532,-0.0000002907];[4.5835413824,-0.0000000031];[4.5835413824,-0.0000000031];11.1890352047;[-0.0000000178,-0.0000000017];0.0000000506;0.8091789433;2.8504755680;0.0000000179
19;348;[8.1437061753,-0.0000002201];[5.1314782163,-0.0000001513];[5.1314782163,-0.0000001513];10.7248153582;[-0.0000000178,-0.0000000017];0.0000000506;0.7276475934;2.4944947376;0.0000000179
20;153;[0.0000003420,0.0000000435];[0.0000001132,0.0000000349];[0.0000001132,0.0000000349];0.0000003350;[-0.0000000145,-0.0000000033];0.0000000421;0.0864900834;0.4657610255;0.0000000149
20;195;[0.0000000325,0.0000001634];[0.0000000511,-0.0000000047];[0.0000000511,-0.0000000047];0.0000001451;[-0.0000000145,-0.0000000033];0.0000000421;0.0864900725;0.4657610275;0.0000000149
20;264;[0.0000002737,0.0000000373];[0.0000001002,0.0000000151];[0.0000001002,0.0000000151];0.0000002865;[-0.0000000145,-0.0000000033];0.0000000421;0.0864900560;0.4657610306;0.0000000149
20;326;[-0.0000000178,-0.0000000017];[-0.0000000178,-0.0000000017];[-0.0000000178,-0.0000000017];0.0000000506;[-0.0000000145,-0.0000000033];0.0000000421;0.0864900560;0.4657610306;0.0000000149
20;344;[-0.0000000630,-0.0000000093];[-0.0000000630,-0.0000000093];[-0.0000000630,-0.0000000093];0.0000001802;[-0.0000000145,-0.0000000033];0.0000000421;0.0864900560;0.4657610306;0.0000000149
20;276;[-0.0000000595,-0.0000000093];[-0.0000000095,0.0000000182];[-0.0000000095,0.0000000182];0.0000000582;[-0.0000000145,-0.0000000033];0.0000000421;0.0864900523;0.4657610313;0.0000000149
20;300;[-0.0000000588,0.0000000092];[-0.0000000289,0.0000000034];[-0.0000000289,0.0000000034];0.0000000823;[-0.0000000145,-0.0000000033];0.0000000421;0.0864900494;0.4657610318;0.0000000149
20;319;[-0.0000000145,-0.0000000033];[-0.0000000145,-0.0000000033];[-0.0000000145,-0.0000000033];0.0000000421;[-0.0000000145,-0.0000000033];0.0000000421;0.0864900494;0.4657610318;0.0000000149
20;325;[0.0000000227,0.0000002088];[-0.0000000558,-0.0000001035];[-0.0000000558,-0.0000001035];0.0000003326;[-0.0000000145,-0.0000000033];0.0000000421;0.0864900407;0.4657610334;0.0000000149
20;330;[-0.0000000630,-0.0000000160];[-0.0000000630,-0.0000000160];[-0.0000000630,-0.0000000160];0.0000001839;[-0.0000000145,-0.0000000033];0.0000000421;0.0864900407;0.4657610334;0.0000000149
20;292;[-0.0000000272,-0.0000003548];[-0.0000000186,-0.0000001319];[-0.0000000186,-0.0000001319];0.0000003769;[-0.0000000145,-0.0000000033];0.0000000421;0.0864900197;0.4657610373;0.0000000149
20;342;[-0.0000000596,-0.0000000128];[-0.0000000596,-0.0000000128];[-0.0000000596,-0.0000000128];0.0000001724;[-0.0000000145,-0.0000000033];0.0000000421;0.0864900197;0.4657610373;0.0000000149
20;331;[0.0000000602,0.0000000852];[0.0000000602,0.0000000852];[0.0000000602,0.0000000852];0.0000002951;[-0.0000000145,-0.0000000033];0.0000000421;0.0864900197;0.4657610373;0.0000000149
20;343;[-0.0000000595,-0.0000000141];[-0.0000000595,-0.0000000141];[-0.0000000595,-0.0000000141];0.0000001730;[-0.0000000145,-0.0000000033];0.0000000421;0.0864900197;0.4657610373;0.0000000149
20;345;[0.0000000602,0.9766710452];[0.0000000602,0.9766710452];[0.0000000602,0.9766710452];2.5946899664;[-0.0000000145,-0.0000000033];0.0000000421;0.0864900197;0.4657610373;0.0000000149
20;329;[-0.0000001246,-0.0000003116];[-0.0000001246,-0.0000003116];[-0.0000001246,-0.0000003116];0.0000009491;[-0.0000000145,-0.0000000033];0.0000000421;0.0864900197;0.4657610373;0.0000000149
20;340;[0.0000000775,0.0000000755];[0.0000000775,0.0000000755];[0.0000000775,0.0000000755];0.0000003059;[-0.0000000145,-0.0000000033];0.0000000421;0.0864900197;0.4657610373;0.0000000149
20;349;[-0.0000000630,-0.0000000093];[0.0000000502,-0.0000000058];[0.0000000502,-0.0000000058];0.0000001431;[-0.0000000145,-0.0000000033];0.0000000421;0.0864900197;0.4657610373;0.0000000149
20;350;[0.0000000511,-0.0000000047];[0.0000000511,-0.0000000047];[0.0000000511,-0.0000000047];0.0000001451;[-0.0000000145,-0.0000000033];0.0000000421;0.0837000237;0.4584419444;0.0000000149
20;351;[-0.0000000630,-9.4435800003];[-0.0000000209,-2.2209842383];[-0.0000000209,-2.2209842383];6.3041191493;[-0.0000000145,-0.0000000033];0.0000000421;0.0810844024;0.4514568865;0.0000000149
20;352;[-0.0000000178,-0.0000000093];[-0.0000000178,-0.0000000031];[-0.0000000178,-0.0000000031];0.0000000511;[-0.0000000145,-0.0000000033];0.0000000421;0.2696612130;1.1556798821;0.0000000149
20;353;[-0.0000000630,-0.0000000033];[-0.0000000358,-0.0000000033];[-0.0000000358,-0.0000000033];0.0000001016;[-0.0000000145,-0.0000000033];0.0000000421;0.2617300023;1.1394689949;0.0000000149
20;354;[-0.0000000145,-0.0000000160];[-0.0000000145,-0.0000000091];[-0.0000000145,-0.0000000091];0.0000000484;[-0.0000000145,-0.0000000033];0.0000000421;0.2542520052;1.1239190540;0.0000000149
20;355;[-0.0000000630,-3.1458361960];[-0.0000000407,-1.7332864674];[-0.0000000407,-1.7332864674];5.5015916375;[-0.0000000145,-0.0000000033];0.0000000421;0.2471894508;1.1089865216;0.0000000149
20;356;[-0.0000000289,0.0000000034];[-0.0000000289,0.0000000034];[-0.0000000289,0.0000000034];0.0000000823;[-0.0000000145,-0.0000000033];0.0000000421;0.3892003207;1.3865882678;0.0000000149
20;357;[-0.0000000596,0.0000000852];[-0.0000000596,0.0000000511];[-0.0000000596,0.0000000511];0.0000002221;[-0.0000000145,-0.0000000033];0.0000000421;0.3789582092;1.3696397000;0.0000000149
20;358;[0.0000000602,-0.0000000128];[0.0000000602,0.0000000073];[0.0000000602,0.0000000073];0.0000001714;[-0.0000000145,-0.0000000033];0.0000000421;0.3692413377;1.3532924463;0.0000000149
20;359;[0.0000000602,0.0000001377];[0.0000000602,0.0000001377];[0.0000000602,0.0000001377];0.0000004249;[-0.0000000145,-0.0000000033];0.0000000421;0.3600103086;1.3375121301;0.0000000149
20;360;[0.0000001135,-17.0671719816];[0.0000000806,-11.3887192747];[0.0000000806,-11.3887192747];17.5984801636;[-0.0000000145,-0.0000000033];0.0000000421;0.3512295797;1.3222670286;0.0000000149
20;288;[0.0000001574,-0.0000002022];[0.0000000337,-0.0000001251];[0.0000000337,-0.0000001251];0.0000003664;[-0.0000000145,-0.0000000033];0.0000000421;0.7618783946;2.9361015779;0.0000000149
20;289;[-0.0000000489,-0.0000001214];[-0.0000000330,-0.0000000914];[-0.0000000330,-0.0000000914];0.0000002748;[-0.0000000145,-0.0000000033];0.0000000421;0.7618783923;2.9361015785;0.0000000149
20;301;[0.0000002466,-0.0000000691];[0.0000000246,-0.0000000326];[0.0000000246,-0.0000000326];0.0000001155;[-0.0000000145,-0.0000000033];0.0000000421;0.7618783778;2.9361015823;0.0000000149
20;318;[-0.0000001107,0.0000003365];[-0.0000001107,0.0000003365];[-0.0000001107,0.0000003365];0.0000010021;[-0.0000000145,-0.0000000033];0.0000000421;0.7618783778;2.9361015823;0.0000000149
20;305;[0.0000000065,-0.0000000681];[-0.0000000018,-0.0000000381];[-0.0000000018,-0.0000000381];0.0000001079;[-0.0000000145,-0.0000000033];0.0000000421;0.7618783758;2.9361015828;0.0000000149
20;332;[-0.0000000610,0.0000000474];[-0.0000000187,-0.0000000079];[-0.0000000187,-0.0000000079];0.0000000575;[-0.0000000145,-0.0000000033];0.0000000421;0.7618783719;2.9361015838;0.0000000149
20;336;[0.0000001022,0.0000000533];[0.0000000001,0.0000000026];[0.0000000001,0.0000000026];0.0000000073;[-0.0000000145,-0.0000000033];0.0000000421;0.7618783644;2.9361015858;0.0000000149
20;338;[0.0000002367,0.0000000318];[0.0000000292,0.0000000095];[0.0000000292,0.0000000095];0.0000000867;[-0.0000000145,-0.0000000033];0.0000000421;0.7618783503;2.9361015894;0.0000000149
20;346;[0.0000001283,-0.0000001560];[0.0000000957,-0.0000001199];[0.0000000957,-0.0000001199];0.0000004340;[-0.0000000145,-0.0000000033];0.0000000421;0.7618783471;2.9361015902;0.0000000149
20;297;[-0.0000000592,0.0000000613];[-0.0000000354,0.0000000249];[-0.0000000354,0.0000000249];0.0000001225;[-0.0000000145,-0.0000000033];0.0000000421;0.7618783442;2.9361015910;0.0000000149
20;303;[0.0000002558,-0.0000002201];[0.0000000010,-0.0000000227];[0.0000000010,-0.0000000227];0.0000000642;[-0.0000000145,-0.0000000033];0.0000000421;0.7618783230;2.9361015965;0.0000000149
20;298;[-0.0000000342,0.0000000399];[-0.0000000262,0.0000000024];[-0.0000000262,0.0000000024];0.0000000745;[-0.0000000145,-0.0000000033];0.0000000421;0.7618783213;2.9361015969;0.0000000149
20;329;[-0.0000001246,-0.0000003116];[-0.0000000749,-0.0000001774];[-0.0000000749,-0.0000001774];0.0000005447;[-0.0000000145,-0.0000000033];0.0000000421;0.7618783117;2.9361015994;0.0000000149
20;349;[0.0000000502,-0.0000000058];[0.0000000128,-0.0000000155];[0.0000000128,-0.0000000155];0.0000000570;[-0.0000000145,-0.0000000033];0.0000000421;0.7618783096;2.9361016000;0.0000000149
20;350;[0.0000000511,-0.0000000047];[0.0000000511,-0.0000000047];[0.0000000511,-0.0000000047];0.0000001451;[-0.0000000145,-0.0000000033];0.0000000421;0.7618783096;2.9361016000;0.0000000149
20;351;[-0.0000000209,-2.2209842383];[-0.0000000153,-1.5307214378];[-0.0000000153,-1.5307214378];5.6019265072;[-0.0000000145,-0.0000000033];0.0000000421;0.7451594372;2.9063435651;0.0000000149
20;352;[-0.0000000178,-0.0000000031];[-0.0000000171,-0.0000000055];[-0.0000000171,-0.0000000055];0.0000000508;[-0.0000000145,-0.0000000033];0.0000000421;0.7451594372;2.9063435651;0.0000000149
20;353;[-0.0000000358,-0.0000000033];[-0.0000000158,-0.0000000054];[-0.0000000158,-0.0000000054];0.0000000473;[-0.0000000145,-0.0000000033];0.0000000421;0.7451594359;2.9063435655;0.0000000149
20;354;[-0.0000000145,-0.0000000091];[-0.0000000145,-0.0000000091];[-0.0000000145,-0.0000000091];0.0000000484;[-0.0000000145,-0.0000000033];0.0000000421;0.7451594359;2.9063435655;0.0000000149
20;355;[-0.0000000407,-1.7332864674];[-0.0000000330,-0.9894902884];[-0.0000000330,-0.9894902884];2.6146667192;[-0.0000000145,-0.0000000033];0.0000000421;0.6764231283;2.8260689351;0.0000000149
20;356;[-0.0000000289,0.0000000034];[-0.0000000213,-0.0000000026];[-0.0000000213,-0.0000000026];0.0000000607;[-0.0000000145,-0.0000000033];0.0000000421;0.6764231278;2.8260689353;0.0000000149
20;357;[-0.0000000596,0.0000000511];[-0.0000000381,0.0000000345];[-0.0000000381,0.0000000345];0.0000001455;[-0.0000000145,-0.0000000033];0.0000000421;0.6764231260;2.8260689357;0.0000000149
20;358;[0.0000000602,0.0000000073];[0.0000000602,0.0000000073];[0.0000000602,0.0000000073];0.0000001714;[-0.0000000145,-0.0000000033];0.0000000421;0.6764231260;2.8260689357;0.0000000149
20;359;[0.0000000602,0.0000001377];[0.0000000226,0.0000000029];[0.0000000226,0.0000000029];0.0000000645;[-0.0000000145,-0.0000000033];0.0000000421;0.6764231174;2.8260689378;0.0000000149
20;360;[0.0000000806,-11.3887192747];[0.0000000337,-2.3036174547];[0.0000000337,-2.3036174547];6.8814573633;[-0.0000000145,-0.0000000033];0.0000000421;0.4212559078;1.4213655359;0.0000000149
21;195;[0.0000000511,-0.0000000047];[0.0000000511,-0.0000000047];[0.0000000511,-0.0000000047];0.0000001451;[0.0000000001,0.0000000026];0.0000000073;0.0871556773;0.4693470177;0.0000000026
21;264;[0.0000001002,0.0000000151];[0.0000001002,0.0000000151];[0.0000001002,0.0000000151];0.0000002865;[0.0000000001,0.0000000026];0.0000000073;0.0871556773;0.4693470177;0.0000000026
21;326;[-0.0000000178,-0.0000000017];[-0.0000000178,-0.0000000017];[-0.0000000178,-0.0000000017];0.0000000506;[0.0000000001,0.0000000026];0.0000000073;0.0871556773;0.4693470177;0.0000000026
21;336;[0.0000000001,0.0000000026];[0.0000000001,0.0000000026];[0.0000000001,0.0000000026];0.0000000073;[0.0000000001,0.0000000026];0.0000000073;0.0871556773;0.4693470177;0.0000000026
21;355;[-0.0000000330,-0.9894902884];[0.0000000037,-0.0882095423];[0.0000000037,-0.0882095423];0.4439768829;[0.0000000001,0.0000000026];0.0000000073;0.0147993495;0.0796962672;0.0000000026
21;344;[-0.0000000630,-0.0000000093];[-0.0000000630,-0.0000000093];[-0.0000000630,-0.0000000093];0.0000001802;[0.0000000001,0.0000000026];0.0000000073;0.0147993495;0.0796962672;0.0000000026
21;276;[-0.0000000095,0.0000000182];[-0.0000000192,-0.0000000049];[-0.0000000192,-0.0000000049];0.0000000561;[0.0000000001,0.0000000026];0.0000000073;0.0147993494;0.0796962672;0.0000000026
21;300;[-0.0000000289,0.0000000034];[-0.0000000171,-0.0000000048];[-0.0000000171,-0.0000000048];0.0000000501;[0.0000000001,0.0000000026];0.0000000073;0.0147993483;0.0796962674;0.0000000026
21;319;[-0.0000000145,-0.0000000033];[-0.0000000145,-0.0000000033];[-0.0000000145,-0.0000000033];0.0000000421;[0.0000000001,0.0000000026];0.0000000073;0.0147993483;0.0796962674;0.0000000026
21;330;[-0.0000000630,-0.0000000160];[-0.0000000630,-0.0000000160];[-0.0000000630,-0.0000000160];0.0000001839;[0.0000000001,0.0000000026];0.0000000073;0.0147993483;0.0796962674;0.0000000026
21;342;[-0.0000000596,-0.0000000128];[-0.0000000170,0.0000000146];[-0.0000000170,0.0000000146];0.0000000634;[0.0000000001,0.0000000026];0.0000000073;0.0147993447;0.0796962681;0.0000000026
21;352;[-0.0000000171,-0.0000000055];[-0.0000000127,0.0000000050];[-0.0000000127,0.0000000050];0.0000000387;[0.0000000001,0.0000000026];0.0000000073;0.0147993443;0.0796962682;0.0000000026
21;331;[0.0000000602,0.0000000852];[0.0000000602,0.0000000852];[0.0000000602,0.0000000852];0.0000002951;[0.0000000001,0.0000000026];0.0000000073;0.0147993443;0.0796962682;0.0000000026
21;343;[-0.0000000595,-0.0000000141];[0.0000000282,0.0000000209];[0.0000000282,0.0000000209];0.0000000992;[0.0000000001,0.0000000026];0.0000000073;0.0147993418;0.0796962686;0.0000000026
21;332;[-0.0000000187,-0.0000000079];[-0.0000000185,-0.0000000076];[-0.0000000185,-0.0000000076];0.0000000565;[0.0000000001,0.0000000026];0.0000000073;0.0147993418;0.0796962686;0.0000000026
21;303;[0.0000000010,-0.0000000227];[0.0000000010,-0.0000000227];[0.0000000010,-0.0000000227];0.0000000642;[0.0000000001,0.0000000026];0.0000000073;0.0147993418;0.0796962686;0.0000000026
21;320;[0.0000001135,0.0000001377];[0.0000001135,0.0000001377];[0.0000001135,0.0000001377];0.0000005047;[0.0000000001,0.0000000026];0.0000000073;0.0147993418;0.0796962686;0.0000000026
21;354;[-0.0000000145,-0.0000000091];[-0.0000000145,-0.0000000091];[-0.0000000145,-0.0000000091];0.0000000484;[0.0000000001,0.0000000026];0.0000000073;0.0147993418;0.0796962686;0.0000000026
21;361;[-0.0000000381,0.0000000345];[-0.0000000381,0.0000000345];[-0.0000000381,0.0000000345];0.0000001455;[0.0000000001,0.0000000026];0.0000000073;0.0147993418;0.0796962686;0.0000000026
21;362;[-0.0000000178,-0.0000000017];[-0.0000000178,-0.0000000017];[-0.0000000178,-0.0000000017];0.0000000506;[0.0000000001,0.0000000026];0.0000000073;0.0143219484;0.0784438999;0.0000000026
21;363;[-0.0000000381,0.0000000345];[-0.0000000381,0.0000000345];[-0.0000000381,0.0000000345];0.0000001455;[0.0000000001,0.0000000026];0.0000000073;0.0138743891;0.0772486883;0.0000000026
21;364;[0.0000000001,0.0000000026];[0.0000000001,0.0000000026];[0.0000000001,0.0000000026];0.0000000073;[0.0000000001,0.0000000026];0.0000000073;0.0134539574;0.0761064200;0.0000000026
21;365;[-15.2901963326,0.0000000073];[-5.2209284409,-0.0000000044];[-5.2209284409,-0.0000000044];11.3547777836;[0.0000000001,0.0000000026];0.0000000073;0.0130582530;0.0750133050;0.0000000026
21;366;[0.0000000602,-0.0000000048];[0.0000000602,-0.0000000045];[0.0000000602,-0.0000000045];0.0000001706;[0.0000000001,0.0000000026];0.0000000073;0.3371073825;1.8909607946;0.0000000026
21;367;[0.0000000602,9.7267042038];[0.0000000602,5.8475683556];[0.0000000602,5.8475683556];11.7725538846;[0.0000000001,0.0000000026];0.0000000073;0.3277432932;1.8653353139;0.0000000026
21;368;[11.0590671318,0.0000000073];[2.6415945580,0.0000000073];[2.6415945580,0.0000000073];7.7495187330;[0.0000000001,0.0000000026];0.0000000073;0.6370624984;2.6133995658;0.0000000026
21;369;[18.0984623161,-0.0000000160];[4.3444586084,-0.0000000160];[4.3444586084,-0.0000000160];10.6524322380;[0.0000000001,0.0000000026];0.0000000073;0.8242323993;2.8189234401;0.0000000026
21;370;[-0.0000000170,0.0000000146];[-0.0000000170,0.0000000146];[-0.0000000170,0.0000000146];0.0000000634;[0.0000000001,0.0000000026];0.0000000073;1.0762375234;3.1868209023;0.0000000026
21;371;[20.8727980613,-0.0000000155];[14.6174847672,-0.0000000155];[14.6174847672,-0.0000000155];19.0485501643;[0.0000000001,0.0000000026];0.0000000073;1.0493315869;3.1512164356;0.0000000026
21;372;[0.0000000128,-0.0000000076];[-0.0000000121,-0.0000000076];[-0.0000000121,-0.0000000076];0.0000000404;[0.0000000001,0.0000000026];0.0000000073;1.4883369180;4.1709702838;0.0000000026
21;373;[-23.2129203774,-0.0000000155];[-14.8504263735,-0.0000000155];[-14.8504263735,-0.0000000155];18.0551771354;[0.0000000001,0.0000000026];0.0000000073;1.4529003257;4.1272587539;0.0000000026
21;374;[9.2953740940,-0.0000000227];[8.3019112394,-0.0000000227];[8.3019112394,-0.0000000227];15.1314845253;[0.0000000001,0.0000000026];0.0000000073;1.8389997864;4.7853083973;0.0000000026
21;301;[0.0000000246,-0.0000000326];[0.0000000182,-0.0000000184];[0.0000000182,-0.0000000184];0.0000000732;[0.0000000001,0.0000000026];0.0000000073;2.1411017113;5.1286606730;0.0000000026
21;305;[-0.0000000018,-0.0000000381];[-0.0000000002,-0.0000000333];[-0.0000000002,-0.0000000333];0.0000000941;[0.0000000001,0.0000000026];0.0000000073;2.1411017110;5.1286606731;0.0000000026
21;338;[0.0000000292,0.0000000095];[0.0000000137,0.0000000076];[0.0000000137,0.0000000076];0.0000000443;[0.0000000001,0.0000000026];0.0000000073;2.1411017101;5.1286606735;0.0000000026
21;297;[-0.0000000354,0.0000000249];[-0.0000000085,0.0000000155];[-0.0000000085,0.0000000155];0.0000000499;[0.0000000001,0.0000000026];0.0000000073;2.1411017084;5.1286606742;0.0000000026
21;298;[-0.0000000262,0.0000000024];[-0.0000000044,0.0000000024];[-0.0000000044,0.0000000024];0.0000000142;[0.0000000001,0.0000000026];0.0000000073;2.1411017070;5.1286606748;0.0000000026
21;350;[0.0000000511,-0.0000000047];[0.0000000393,-0.0000000074];[0.0000000393,-0.0000000074];0.0000001130;[0.0000000001,0.0000000026];0.0000000073;2.1411017063;5.1286606751;0.0000000026
21;356;[-0.0000000213,-0.0000000026];[-0.0000000029,0.0000000012];[-0.0000000029,0.0000000012];0.0000000089;[0.0000000001,0.0000000026];0.0000000073;2.1411017051;5.1286606756;0.0000000026
21;359;[0.0000000226,0.0000000029];[0.0000000024,0.0000000028];[0.0000000024,0.0000000028];0.0000000106;[0.0000000001,0.0000000026];0.0000000073;2.1411017039;5.1286606761;0.0000000026
21;353;[-0.0000000158,-0.0000000054];[-0.0000000158,-0.0000000027];[-0.0000000158,-0.0000000027];0.0000000453;[0.0000000001,0.0000000026];0.0000000073;2.1411017039;5.1286606761;0.0000000026
21;344;[-0.0000000630,-0.0000000093];[-0.0000000630,-0.0000000093];[-0.0000000630,-0.0000000093];0.0000001802;[0.0000000001,0.0000000026];0.0000000073;2.1411017039;5.1286606761;0.0000000026
21;331;[0.0000000602,0.0000000852];[0.0000000602,0.0000000852];[0.0000000602,0.0000000852];0.0000002951;[0.0000000001,0.0000000026];0.0000000073;2.1411017039;5.1286606761;0.0000000026
21;320;[0.0000001135,0.0000001377];[0.0000001135,0.0000001377];[0.0000001135,0.0000001377];0.0000005047;[0.0000000001,0.0000000026];0.0000000073;2.1411017039;5.1286606761;0.0000000026
21;361;[-0.0000000381,0.0000000345];[-0.0000000030,0.0000000198];[-0.0000000030,0.0000000198];0.0000000568;[0.0000000001,0.0000000026];0.0000000073;2.1411017018;5.1286606769;0.0000000026
21;362;[-0.0000000178,-0.0000000017];[0.0000000135,-0.0000000021];[0.0000000135,-0.0000000021];0.0000000386;[0.0000000001,0.0000000026];0.0000000073;2.1411017016;5.1286606771;0.0000000026
21;363;[-0.0000000381,0.0000000345];[-0.0000000168,0.0000000225];[-0.0000000168,0.0000000225];0.0000000794;[0.0000000001,0.0000000026];0.0000000073;2.1411017001;5.1286606777;0.0000000026
21;364;[0.0000000001,0.0000000026];[0.0000000001,0.0000000026];[0.0000000001,0.0000000026];0.0000000073;[0.0000000001,0.0000000026];0.0000000073;2.1411017001;5.1286606777;0.0000000026
21;365;[-5.2209284409,-0.0000000044];[-3.2432194574,0.0000000017];[-3.2432194574,0.0000000017];8.3914777011;[0.0000000001,0.0000000026];0.0000000073;2.0737539709;5.0256497927;0.0000000026
21;366;[0.0000000602,-0.0000000045];[0.0000000399,-0.0000000013];[0.0000000399,-0.0000000013];0.0000001129;[0.0000000001,0.0000000026];0.0000000073;2.0737539696;5.0256497932;0.0000000026
21;367;[0.0000000602,5.8475683556];[0.0000000180,3.6752366370];[0.0000000180,3.6752366370];9.5102031281;[0.0000000001,0.0000000026];0.0000000073;2.0223369070;4.9369492559;0.0000000026
21;368;[2.6415945580,0.0000000073];[1.7062828073,0.0000000066];[1.7062828073,0.0000000066];5.5666198214;[0.0000000001,0.0000000026];0.0000000073;1.9727255681;4.8898912964;0.0000000026
21;369;[4.3444586084,-0.0000000160];[3.9248525483,-0.0000000127];[3.9248525483,-0.0000000127];8.6639354445;[0.0000000001,0.0000000026];0.0000000073;1.9275324591;4.8181256695;0.0000000026
21;370;[-0.0000000170,0.0000000146];[-0.0000000149,0.0000000102];[-0.0000000149,0.0000000102];0.0000000510;[0.0000000001,0.0000000026];0.0000000073;1.9275324588;4.8181256696;0.0000000026
21;371;[14.6174847672,-0.0000000155];[13.2665325713,-0.0000000195];[13.2665325713,-0.0000000195];18.0893511221;[0.0000000001,0.0000000026];0.0000000073;1.9057324806;4.7421824745;0.0000000026
21;372;[-0.0000000121,-0.0000000076];[-0.0000000121,-0.0000000076];[-0.0000000121,-0.0000000076];0.0000000404;[0.0000000001,0.0000000026];0.0000000073;1.9057324806;4.7421824745;0.0000000026
21;373;[-14.8504263735,-0.0000000155];[-5.2951789026,-0.0000000028];[-5.2951789026,-0.0000000028];11.8268141838;[0.0000000001,0.0000000026];0.0000000073;1.7641787772;4.3333448528;0.0000000026
21;374;[8.3019112394,-0.0000000227];[7.5551643211,-0.0000000173];[7.5551643211,-0.0000000173];14.8173683436;[0.0000000001,0.0000000026];0.0000000073;1.7570397730;4.3115206857;0.0000000026
22;195;[0.0000000511,-0.0000000047];[0.0000000270,-0.0000000006];[0.0000000270,-0.0000000006];0.0000000763;[0.0000000001,0.0000000026];0.0000000073;0.1855540526;0.9992388277;0.0000000026
22;264;[0.0000001002,0.0000000151];[0.0000000399,0.0000000088];[0.0000000399,0.0000000088];0.0000001156;[0.0000000001,0.0000000026];0.0000000073;0.1855540469;0.9992388288;0.0000000026
22;326;[-0.0000000178,-0.0000000017];[0.0000000055,0.0000000042];[0.0000000055,0.0000000042];0.0000000197;[0.0000000001,0.0000000026];0.0000000073;0.1855540458;0.9992388289;0.0000000026
22;336;[0.0000000001,0.0000000026];[0.0000000001,0.0000000026];[0.0000000001,0.0000000026];0.0000000073;[0.0000000001,0.0000000026];0.0000000073;0.1855540458;0.9992388289;0.0000000026
22;356;[-0.0000000029,0.0000000012];[-0.0000000029,0.0000000012];[-0.0000000029,0.0000000012];0.0000000089;[0.0000000001,0.0000000026];0.0000000073;0.1855540458;0.9992388289;0.0000000026
22;338;[0.0000000137,0.0000000076];[0.0000000038,0.0000000039];[0.0000000038,0.0000000039];0.0000000154;[0.0000000001,0.0000000026];0.0000000073;0.1855540449;0.9992388291;0.0000000026
22;357;[-0.0000000381,0.0000000345];[-0.0000000381,0.0000000345];[-0.0000000381,0.0000000345];0.0000001455;[0.0000000001,0.0000000026];0.0000000073;0.1855540449;0.9992388291;0.0000000026
22;276;[-0.0000000192,-0.0000000049];[-0.0000000192,-0.0000000049];[-0.0000000192,-0.0000000049];0.0000000561;[0.0000000001,0.0000000026];0.0000000073;0.1855540449;0.9992388291;0.0000000026
22;300;[-0.0000000171,-0.0000000048];[-0.0000000171,-0.0000000048];[-0.0000000171,-0.0000000048];0.0000000501;[0.0000000001,0.0000000026];0.0000000073;0.1855540449;0.9992388291;0.0000000026
22;319;[-0.0000000145,-0.0000000033];[-0.0000000145,-0.0000000033];[-0.0000000145,-0.0000000033];0.0000000421;[0.0000000001,0.0000000026];0.0000000073;0.1855540449;0.9992388291;0.0000000026
22;368;[1.7062828073,0.0000000066];[0.1059736956,-0.0000000009];[0.1059736956,-0.0000000009];0.5728628074;[0.0000000001,0.0000000026];0.0000000073;0.0190954778;0.1028320115;0.0000000026
22;364;[0.0000000001,0.0000000026];[0.0000000001,0.0000000026];[0.0000000001,0.0000000026];0.0000000073;[0.0000000001,0.0000000026];0.0000000073;0.0190954778;0.1028320115;0.0000000026
22;342;[-0.0000000170,0.0000000146];[-0.0000000008,0.0000000034];[-0.0000000008,0.0000000034];0.0000000098;[0.0000000001,0.0000000026];0.0000000073;0.0190954760;0.1028320119;0.0000000026
22;352;[-0.0000000127,0.0000000050];[-0.0000000127,0.0000000050];[-0.0000000127,0.0000000050];0.0000000387;[0.0000000001,0.0000000026];0.0000000073;0.0190954760;0.1028320119;0.0000000026
22;362;[0.0000000135,-0.0000000021];[0.0000000135,-0.0000000021];[0.0000000135,-0.0000000021];0.0000000386;[0.0000000001,0.0000000026];0.0000000073;0.0190954760;0.1028320119;0.0000000026
22;332;[-0.0000000185,-0.0000000076];[0.0000000003,0.0000000018];[0.0000000003,0.0000000018];0.0000000051;[0.0000000001,0.0000000026];0.0000000073;0.0190954743;0.1028320122;0.0000000026
22;359;[0.0000000024,0.0000000028];[0.0000000024,0.0000000028];[0.0000000024,0.0000000028];0.0000000106;[0.0000000001,0.0000000026];0.0000000073;0.0190954743;0.1028320122;0.0000000026
22;349;[0.0000000128,-0.0000000155];[0.0000000128,-0.0000000155];[0.0000000128,-0.0000000155];0.0000000570;[0.0000000001,0.0000000026];0.0000000073;0.0190954743;0.1028320122;0.0000000026
22;372;[-0.0000000121,-0.0000000076];[-0.0000000121,-0.0000000076];[-0.0000000121,-0.0000000076];0.0000000404;[0.0000000001,0.0000000026];0.0000000073;0.0190954743;0.1028320122;0.0000000026
22;375;[-0.0000000145,-0.0000000091];[0.0000000032,-0.0000000013];[0.0000000032,-0.0000000013];0.0000000097;[0.0000000001,0.0000000026];0.0000000073;0.0190954743;0.1028320122;0.0000000026
22;376;[0.0000000399,0.0000000088];[-0.0000000012,-0.0000000059];[-0.0000000012,-0.0000000059];0.0000000169;[0.0000000001,0.0000000026];0.0000000073;0.0184794915;0.1012160825;0.0000000026
22;377;[0.0000000038,-0.0000000091];[-0.0000000037,-0.0000000091];[-0.0000000037,-0.0000000091];0.0000000277;[0.0000000001,0.0000000026];0.0000000073;0.0179020079;0.0996739020;0.0000000026
22;378;[-0.0000000145,0.0000000039];[-0.0000000145,0.0000000032];[-0.0000000145,0.0000000032];0.0000000421;[0.0000000001,0.0000000026];0.0000000073;0.0173595237;0.0982000347;0.0000000026
22;379;[-0.0000000145,-0.0000000091];[-0.0000000145,-0.0000000091];[-0.0000000145,-0.0000000091];0.0000000484;[0.0000000001,0.0000000026];0.0000000073;0.0168489507;0.0967895889;0.0000000026
22;380;[-0.0000000029,0.0000000012];[-0.0000000029,0.0000000012];[-0.0000000029,0.0000000012];0.0000000089;[0.0000000001,0.0000000026];0.0000000073;0.0163675535;0.0954381487;0.0000000026
22;381;[0.1059736956,0.0000000026];[0.0074904406,0.0000000026];[0.0074904406,0.0000000026];0.0226795049;[0.0000000001,0.0000000026];0.0000000073;0.0159128995;0.0941417169;0.0000000026
22;382;[0.0000000001,-0.0000000009];[0.0000000001,0.0000000001];[0.0000000001,0.0000000001];0.0000000004;[0.0000000001,0.0000000026];0.0000000073;0.0160957807;0.0928673003;0.0000000026
22;383;[0.0000000001,0.0000000026];[0.0000000001,0.0000000026];[0.0000000001,0.0000000026];0.0000000073;[0.0000000001,0.0000000026];0.0000000073;0.0156722075;0.0916734291;0.0000000026
22;384;[-0.0000000192,-0.0000000049];[-0.0000000192,-0.0000000049];[-0.0000000192,-0.0000000049];0.0000000561;[0.0000000001,0.0000000026];0.0000000073;0.0152703563;0.0905243966;0.0000000026
22;385;[-3.6587998763,-0.0000000021];[-3.0948182273,-0.0000000021];[-3.0948182273,-0.0000000021];7.3136170593;[0.0000000001,0.0000000026];0.0000000073;0.0148885987;0.0894174677;0.0000000026
22;386;[-0.0000000008,0.0000000034];[-0.0000000008,0.0000000034];[-0.0000000008,0.0000000034];0.0000000098;[0.0000000001,0.0000000026];0.0000000073;0.1929063661;1.1293420612;0.0000000026
22;387;[0.0000000128,27.4880030337];[0.0000000128,2.3619567181];[0.0000000128,2.3619567181];7.2045271366;[0.0000000001,0.0000000026];0.0000000073;0.1883133576;1.1162040262;0.0000000026
22;388;[0.0000000024,0.0000000028];[0.0000000024,0.0000000028];[0.0000000024,0.0000000028];0.0000000106;[0.0000000001,0.0000000026];0.0000000073;0.3514811199;1.5281141735;0.0000000026
22;301;[0.0000000182,-0.0000000184];[0.0000000177,-0.0000000103];[0.0000000177,-0.0000000103];0.0000000579;[0.0000000001,0.0000000026];0.0000000073;0.3434929125;1.5115573482;0.0000000026
22;305;[-0.0000000002,-0.0000000333];[0.0000000000,-0.0000000286];[0.0000000000,-0.0000000286];0.0000000810;[0.0000000001,0.0000000026];0.0000000073;0.3434929122;1.5115573483;0.0000000026
22;297;[-0.0000000085,0.0000000155];[-0.0000000047,0.0000000131];[-0.0000000047,0.0000000131];0.0000000394;[0.0000000001,0.0000000026];0.0000000073;0.3434929120;1.5115573483;0.0000000026
22;298;[-0.0000000044,0.0000000024];[-0.0000000036,0.0000000017];[-0.0000000036,0.0000000017];0.0000000113;[0.0000000001,0.0000000026];0.0000000073;0.3434929119;1.5115573484;0.0000000026
22;353;[-0.0000000158,-0.0000000027];[-0.0000000007,-0.0000000026];[-0.0000000007,-0.0000000026];0.0000000076;[0.0000000001,0.0000000026];0.0000000073;0.3434929111;1.5115573486;0.0000000026
22;361;[-0.0000000030,0.0000000198];[-0.0000000009,0.0000000042];[-0.0000000009,0.0000000042];0.0000000123;[0.0000000001,0.0000000026];0.0000000073;0.3434929101;1.5115573488;0.0000000026
22;363;[-0.0000000168,0.0000000225];[-0.0000000009,0.0000000171];[-0.0000000009,0.0000000171];0.0000000484;[0.0000000001,0.0000000026];0.0000000073;0.3434929093;1.5115573489;0.0000000026
22;370;[-0.0000000149,0.0000000102];[-0.0000000050,0.0000000100];[-0.0000000050,0.0000000100];0.0000000316;[0.0000000001,0.0000000026];0.0000000073;0.3434929089;1.5115573490;0.0000000026
22;343;[0.0000000282,0.0000000209];[0.0000000214,0.0000000152];[0.0000000214,0.0000000152];0.0000000742;[0.0000000001,0.0000000026];0.0000000073;0.3434929083;1.5115573492;0.0000000026
22;303;[0.0000000010,-0.0000000227];[0.0000000007,-0.0000000186];[0.0000000007,-0.0000000186];0.0000000525;[0.0000000001,0.0000000026];0.0000000073;0.3434929081;1.5115573492;0.0000000026
22;357;[-0.0000000381,0.0000000345];[-0.0000000073,0.0000000189];[-0.0000000073,0.0000000189];0.0000000574;[0.0000000001,0.0000000026];0.0000000073;0.3434929061;1.5115573497;0.0000000026
22;375;[0.0000000032,-0.0000000013];[0.0000000026,-0.0000000003];[0.0000000026,-0.0000000003];0.0000000073;[0.0000000001,0.0000000026];0.0000000073;0.3434929060;1.5115573497;0.0000000026
22;376;[-0.0000000012,-0.0000000059];[-0.0000000012,-0.0000000059];[-0.0000000012,-0.0000000059];0.0000000169;[0.0000000001,0.0000000026];0.0000000073;0.3434929060;1.5115573497;0.0000000026
22;377;[-0.0000000037,-0.0000000091];[-0.0000000024,0.0000000082];[-0.0000000024,0.0000000082];0.0000000243;[0.0000000001,0.0000000026];0.0000000073;0.3434929059;1.5115573497;0.0000000026
22;378;[-0.0000000145,0.0000000032];[-0.0000000011,0.0000000022];[-0.0000000011,0.0000000022];0.0000000069;[0.0000000001,0.0000000026];0.0000000073;0.3434929051;1.5115573499;0.0000000026
22;379;[-0.0000000145,-0.0000000091];[-0.0000000123,-0.0000000079];[-0.0000000123,-0.0000000079];0.0000000413;[0.0000000001,0.0000000026];0.0000000073;0.3434929050;1.5115573499;0.0000000026
22;380;[-0.0000000029,0.0000000012];[-0.0000000024,-0.0000000002];[-0.0000000024,-0.0000000002];0.0000000069;[0.0000000001,0.0000000026];0.0000000073;0.3434929049;1.5115573499;0.0000000026
22;381;[0.0074904406,0.0000000026];[0.0037869853,0.0000000003];[0.0037869853,0.0000000003];0.0110930514;[0.0000000001,0.0000000026];0.0000000073;0.3432295764;1.5116142241;0.0000000026
22;382;[0.0000000001,0.0000000001];[0.0000000001,0.0000000001];[0.0000000001,0.0000000001];0.0000000004;[0.0000000001,0.0000000026];0.0000000073;0.3432295764;1.5116142241;0.0000000026
22;383;[0.0000000001,0.0000000026];[0.0000000001,0.0000000026];[0.0000000001,0.0000000026];0.0000000073;[0.0000000001,0.0000000026];0.0000000073;0.3432295764;1.5116142241;0.0000000026
22;384;[-0.0000000192,-0.0000000049];[-0.0000000094,-0.0000000008];[-0.0000000094,-0.0000000008];0.0000000266;[0.0000000001,0.0000000026];0.0000000073;0.3432295758;1.5116142243;0.0000000026
22;385;[-3.0948182273,-0.0000000021];[-2.3711742487,-0.0000000010];[-2.3711742487,-0.0000000010];7.2485950689;[0.0000000001,0.0000000026];0.0000000073;0.3417518033;1.5048156608;0.0000000026
22;386;[-0.0000000008,0.0000000034];[-0.0000000008,0.0000000034];[-0.0000000008,0.0000000034];0.0000000098;[0.0000000001,0.0000000026];0.0000000073;0.3417518033;1.5048156608;0.0000000026
22;387;[0.0000000128,2.3619567181];[0.0000000176,1.2767405571];[0.0000000176,1.2767405571];4.5057307242;[0.0000000001,0.0000000026];0.0000000073;0.2804155212;1.2587167766;0.0000000026
22;388;[0.0000000024,0.0000000028];[0.0000000009,0.0000000014];[0.0000000009,0.0000000014];0.0000000048;[0.0000000001,0.0000000026];0.0000000073;0.2804155210;1.2587167767;0.0000000026
23;195;[0.0000000270,-0.0000000006];[0.0000000030,0.0000000003];[0.0000000030,0.0000000003];0.0000000085;[0.0000000001,0.0000000001];0.0000000004;0.0000000193;0.0000000157;0.0000000001
23;326;[0.0000000055,0.0000000042];[0.0000000029,0.0000000008];[0.0000000029,0.0000000008];0.0000000084;[0.0000000001,0.0000000001];0.0000000004;0.0000000189;0.0000000158;0.0000000001
23;336;[0.0000000001,0.0000000026];[0.0000000005,0.0000000020];[0.0000000005,0.0000000020];0.0000000058;[0.0000000001,0.0000000001];0.0000000004;0.0000000188;0.0000000158;0.0000000001
23;356;[-0.0000000029,0.0000000012];[0.0000000001,0.0000000002];[0.0000000001,0.0000000002];0.0000000006;[0.0000000001,0.0000000001];0.0000000004;0.0000000186;0.0000000161;0.0000000001
23;338;[0.0000000038,0.0000000039];[0.0000000019,0.0000000010];[0.0000000019,0.0000000010];0.0000000061;[0.0000000001,0.0000000001];0.0000000004;0.0000000183;0.0000000162;0.0000000001
23;382;[0.0000000001,0.0000000001];[0.0000000001,0.0000000001];[0.0000000001,0.0000000001];0.0000000004;[0.0000000001,0.0000000001];0.0000000004;0.0000000183;0.0000000162;0.0000000001
23;354;[-0.0000000145,-0.0000000091];[-0.0000000145,-0.0000000091];[-0.0000000145,-0.0000000091];0.0000000484;[0.0000000001,0.0000000001];0.0000000004;0.0000000183;0.0000000162;0.0000000001
23;276;[-0.0000000192,-0.0000000049];[-0.0000000044,0.0000000007];[-0.0000000044,0.0000000007];0.0000000125;[0.0000000001,0.0000000001];0.0000000004;0.0000000168;0.0000000147;0.0000000001
23;300;[-0.0000000171,-0.0000000048];[0.0000000018,0.0000000036];[0.0000000018,0.0000000036];0.0000000112;[0.0000000001,0.0000000001];0.0000000004;0.0000000155;0.0000000133;0.0000000001
23;364;[0.0000000001,0.0000000026];[0.0000000001,0.0000000026];[0.0000000001,0.0000000026];0.0000000073;[0.0000000001,0.0000000001];0.0000000004;0.0000000155;0.0000000133;0.0000000001
23;342;[-0.0000000008,0.0000000034];[0.0000000000,0.0000000031];[0.0000000000,0.0000000031];0.0000000086;[0.0000000001,0.0000000001];0.0000000004;0.0000000155;0.0000000133;0.0000000001
23;362;[0.0000000135,-0.0000000021];[0.0000000135,-0.0000000021];[0.0000000135,-0.0000000021];0.0000000386;[0.0000000001,0.0000000001];0.0000000004;0.0000000155;0.0000000133;0.0000000001
23;332;[0.0000000003,0.0000000018];[0.0000000003,0.0000000016];[0.0000000003,0.0000000016];0.0000000047;[0.0000000001,0.0000000001];0.0000000004;0.0000000155;0.0000000133;0.0000000001
23;359;[0.0000000024,0.0000000028];[-0.0000000008,0.0000000010];[-0.0000000008,0.0000000010];0.0000000037;[0.0000000001,0.0000000001];0.0000000004;0.0000000152;0.0000000135;0.0000000001
23;380;[-0.0000000024,-0.0000000002];[-0.0000000024,-0.0000000002];[-0.0000000024,-0.0000000002];0.0000000069;[0.0000000001,0.0000000001];0.0000000004;0.0000000152;0.0000000135;0.0000000001
23;383;[0.0000000001,0.0000000026];[0.0000000001,0.0000000026];[0.0000000001,0.0000000026];0.0000000073;[0.0000000001,0.0000000001];0.0000000004;0.0000000152;0.0000000135;0.0000000001
23;389;[-0.0000000024,0.0000000082];[0.0000000002,0.0000000076];[0.0000000002,0.0000000076];0.0000000214;[0.0000000001,0.0000000001];0.0000000004;0.0000000152;0.0000000135;0.0000000001
23;390;[19.9872200867,-22.5373589152];[0.0461651948,-16.2700748311];[0.0461651948,-16.2700748311];19.1987909788;[0.0000000001,0.0000000001];0.0000000004;0.0000000154;0.0000000133;0.0000000001
23;391;[-0.0000000024,0.0000000082];[-0.0000000000,0.0000000061];[-0.0000000000,0.0000000061];0.0000000173;[0.0000000001,0.0000000001];0.0000000004;0.5999622330;3.3404482542;0.0000000001
23;392;[0.0000000001,0.0000000001];[0.0000000001,0.0000000001];[0.0000000001,0.0000000001];0.0000000004;[0.0000000001,0.0000000001];0.0000000004;0.5817815598;3.2910534014;0.0000000001
23;393;[0.0000000019,0.0000000082];[-0.0000000009,0.0000000082];[-0.0000000009,0.0000000082];0.0000000234;[0.0000000001,0.0000000001];0.0000000004;0.5646703375;3.2437840420;0.0000000001
23;394;[-13.3182503232,0.0000000010];[-12.8481240189,0.0000000010];[-12.8481240189,0.0000000010];17.2666040404;[0.0000000001,0.0000000001];0.0000000004;0.5485369000;3.1984921871;0.0000000001
23;395;[0.0000000001,0.0000000026];[0.0000000001,0.0000000026];[0.0000000001,0.0000000026];0.0000000073;[0.0000000001,0.0000000001];0.0000000004;1.0129276539;4.1826107696;0.0000000001
23;396;[0.0000000018,0.0000000036];[0.0000000004,0.0000000031];[0.0000000004,0.0000000031];0.0000000089;[0.0000000001,0.0000000001];0.0000000004;0.9855512310;4.1289704059;0.0000000001
23;397;[-0.0000000008,0.0000000034];[-0.0000000008,0.0000000034];[-0.0000000008,0.0000000034];0.0000000098;[0.0000000001,0.0000000001];0.0000000004;0.9596156725;4.0773328003;0.0000000001
23;398;[0.0000000000,0.0000000031];[0.0000000000,0.0000000031];[0.0000000000,0.0000000031];0.0000000086;[0.0000000001,0.0000000001];0.0000000004;0.9350101427;4.0275769754;0.0000000001
23;399;[-0.0000000008,-0.0000000002];[-0.0000000008,-0.0000000002];[-0.0000000008,-0.0000000002];0.0000000024;[0.0000000001,0.0000000001];0.0000000004;0.9116348893;3.9795918864;0.0000000001
23;400;[-2.2632722178,0.0000000010];[-0.6204364718,0.0000000003];[-0.6204364718,0.0000000003];3.2521519586;[0.0000000001,0.0000000001];0.0000000004;0.8893998921;3.9332754031;0.0000000001
23;297;[-0.0000000047,0.0000000131];[-0.0000000035,0.0000000121];[-0.0000000035,0.0000000121];0.0000000357;[0.0000000001,0.0000000001];0.0000000004;0.9456558936;3.9028272707;0.0000000001
23;298;[-0.0000000036,0.0000000017];[-0.0000000022,0.0000000013];[-0.0000000022,0.0000000013];0.0000000073;[0.0000000001,0.0000000001];0.0000000004;0.9456558935;3.9028272707;0.0000000001
23;353;[-0.0000000007,-0.0000000026];[-0.0000000006,-0.0000000026];[-0.0000000006,-0.0000000026];0.0000000075;[0.0000000001,0.0000000001];0.0000000004;0.9456558935;3.9028272707;0.0000000001
23;361;[-0.0000000009,0.0000000042];[-0.0000000000,0.0000000025];[-0.0000000000,0.0000000025];0.0000000072;[0.0000000001,0.0000000001];0.0000000004;0.9456558934;3.9028272707;0.0000000001
23;370;[-0.0000000050,0.0000000100];[-0.0000000012,0.0000000059];[-0.0000000012,0.0000000059];0.0000000169;[0.0000000001,0.0000000001];0.0000000004;0.9456558930;3.9028272708;0.0000000001
23;375;[0.0000000026,-0.0000000003];[0.0000000005,-0.0000000002];[0.0000000005,-0.0000000002];0.0000000015;[0.0000000001,0.0000000001];0.0000000004;0.9456558929;3.9028272708;0.0000000001
23;376;[-0.0000000012,-0.0000000059];[-0.0000000007,-0.0000000016];[-0.0000000007,-0.0000000016];0.0000000050;[0.0000000001,0.0000000001];0.0000000004;0.9456558926;3.9028272709;0.0000000001
23;384;[-0.0000000094,-0.0000000008];[-0.0000000094,-0.0000000008];[-0.0000000094,-0.0000000008];0.0000000266;[0.0000000001,0.0000000001];0.0000000004;0.9456558926;3.9028272709;0.0000000001
23;352;[-0.0000000127,0.0000000050];[-0.0000000098,0.0000000019];[-0.0000000098,0.0000000019];0.0000000283;[0.0000000001,0.0000000001];0.0000000004;0.9456558923;3.9028272710;0.0000000001
23;372;[-0.0000000121,-0.0000000076];[-0.0000000038,-0.0000000042];[-0.0000000038,-0.0000000042];0.0000000161;[0.0000000001,0.0000000001];0.0000000004;0.9456558918;3.9028272711;0.0000000001
23;378;[-0.0000000011,0.0000000022];[-0.0000000005,0.0000000014];[-0.0000000005,0.0000000014];0.0000000042;[0.0000000001,0.0000000001];0.0000000004;0.9456558917;3.9028272711;0.0000000001
23;388;[0.0000000009,0.0000000014];[0.0000000005,0.0000000014];[0.0000000005,0.0000000014];0.0000000042;[0.0000000001,0.0000000001];0.0000000004;0.9456558917;3.9028272711;0.0000000001
23;354;[-0.0000000145,-0.0000000091];[-0.0000000110,-0.0000000015];[-0.0000000110,-0.0000000015];0.0000000313;[0.0000000001,0.0000000001];0.0000000004;0.9456558913;3.9028272712;0.0000000001
23;362;[0.0000000135,-0.0000000021];[0.0000000003,0.0000000033];[0.0000000003,0.0000000033];0.0000000093;[0.0000000001,0.0000000001];0.0000000004;0.9456558906;3.9028272714;0.0000000001
23;389;[0.0000000002,0.0000000076];[0.0000000002,0.0000000055];[0.0000000002,0.0000000055];0.0000000155;[0.0000000001,0.0000000001];0.0000000004;0.9456558904;3.9028272714;0.0000000001
23;390;[0.0461651948,-16.2700748311];[0.0062799033,-1.4415846108];[0.0062799033,-1.4415846108];5.3734988168;[0.0000000001,0.0000000001];0.0000000004;0.6164822675;2.7672596070;0.0000000001
23;391;[-0.0000000000,0.0000000061];[0.0000000000,0.0000000035];[0.0000000000,0.0000000035];0.0000000098;[0.0000000001,0.0000000001];0.0000000004;0.6164822674;2.7672596070;0.0000000001
23;392;[0.0000000001,0.0000000001];[0.0000000001,0.0000000001];[0.0000000001,0.0000000001];0.0000000004;[0.0000000001,0.0000000001];0.0000000004;0.6164822674;2.7672596070;0.0000000001
23;393;[-0.0000000009,0.0000000082];[-0.0000000007,0.0000000017];[-0.0000000007,0.0000000017];0.0000000052;[0.0000000001,0.0000000001];0.0000000004;0.6164822669;2.7672596071;0.0000000001
23;394;[-12.8481240189,0.0000000010];[-5.6679920933,0.0000000005];[-5.6679920933,0.0000000005];12.4571712247;[0.0000000001,0.0000000001];0.0000000004;0.5019719618;2.0933517843;0.0000000001
23;395;[0.0000000001,0.0000000026];[0.0000000001,0.0000000009];[0.0000000001,0.0000000009];0.0000000025;[0.0000000001,0.0000000001];0.0000000004;0.5019719617;2.0933517843;0.0000000001
23;396;[0.0000000004,0.0000000031];[0.0000000003,0.0000000023];[0.0000000003,0.0000000023];0.0000000066;[0.0000000001,0.0000000001];0.0000000004;0.5019719616;2.0933517843;0.0000000001
23;397;[-0.0000000008,0.0000000034];[-0.0000000008,0.0000000034];[-0.0000000008,0.0000000034];0.0000000098;[0.0000000001,0.0000000001];0.0000000004;0.5019719616;2.0933517843;0.0000000001
23;398;[0.0000000000,0.0000000031];[0.0000000000,0.0000000021];[0.0000000000,0.0000000021];0.0000000059;[0.0000000001,0.0000000001];0.0000000004;0.5019719616;2.0933517844;0.0000000001
23;399;[-0.0000000008,-0.0000000002];[-0.0000000008,-0.0000000002];[-0.0000000008,-0.0000000002];0.0000000024;[0.0000000001,0.0000000001];0.0000000004;0.5019719616;2.0933517844;0.0000000001
23;400;[-0.6204364718,0.0000000003];[-0.4120382538,0.0000000017];[-0.4120382538,0.0000000017];2.7731165977;[0.0000000001,0.0000000001];0.0000000004;0.4905663577;2.0795962026;0.0000000001
24;195;[0.0000000030,0.0000000003];[0.0000000024,0.0000000002];[0.0000000024,0.0000000002];0.0000000067;[0.0000000001,0.0000000001];0.0000000004;0.0000000059;0.0000000029;0.0000000001
24;336;[0.0000000005,0.0000000020];[0.0000000001,0.0000000003];[0.0000000001,0.0000000003];0.0000000009;[0.0000000001,0.0000000001];0.0000000004;0.0000000057;0.0000000031;0.0000000001
24;356;[0.0000000001,0.0000000002];[0.0000000001,0.0000000002];[0.0000000001,0.0000000002];0.0000000006;[0.0000000001,0.0000000001];0.0000000004;0.0000000057;0.0000000031;0.0000000001
24;338;[0.0000000019,0.0000000010];[-0.0000000001,0.0000000001];[-0.0000000001,0.0000000001];0.0000000005;[0.0000000001,0.0000000001];0.0000000004;0.0000000055;0.0000000032;0.0000000001
24;382;[0.0000000001,0.0000000001];[0.0000000001,0.0000000001];[0.0000000001,0.0000000001];0.0000000004;[0.0000000001,0.0000000001];0.0000000004;0.0000000055;0.0000000032;0.0000000001
24;399;[-0.0000000008,-0.0000000002];[-0.0000000008,-0.0000000002];[-0.0000000008,-0.0000000002];0.0000000024;[0.0000000001,0.0000000001];0.0000000004;0.0000000055;0.0000000032;0.0000000001
24;300;[0.0000000018,0.0000000036];[0.0000000005,0.0000000019];[0.0000000005,0.0000000019];0.0000000055;[0.0000000001,0.0000000001];0.0000000004;0.0000000053;0.0000000030;0.0000000001
24;392;[0.0000000001,0.0000000001];[0.0000000001,0.0000000001];[0.0000000001,0.0000000001];0.0000000004;[0.0000000001,0.0000000001];0.0000000004;0.0000000053;0.0000000030;0.0000000001
24;364;[0.0000000001,0.0000000026];[0.0000000001,0.0000000026];[0.0000000001,0.0000000026];0.0000000073;[0.0000000001,0.0000000001];0.0000000004;0.0000000053;0.0000000030;0.0000000001
24;342;[0.0000000000,0.0000000031];[-0.0000000008,-0.0000000028];[-0.0000000008,-0.0000000028];0.0000000083;[0.0000000001,0.0000000001];0.0000000004;0.0000000053;0.0000000030;0.0000000001
24;376;[-0.0000000007,-0.0000000016];[-0.0000000007,-0.0000000016];[-0.0000000007,-0.0000000016];0.0000000050;[0.0000000001,0.0000000001];0.0000000004;0.0000000053;0.0000000030;0.0000000001
24;380;[-0.0000000024,-0.0000000002];[-0.0000000024,-0.0000000002];[-0.0000000024,-0.0000000002];0.0000000069;[0.0000000001,0.0000000001];0.0000000004;0.0000000053;0.0000000030;0.0000000001
24;383;[0.0000000001,0.0000000026];[0.0000000001,0.0000000026];[0.0000000001,0.0000000026];0.0000000073;[0.0000000001,0.0000000001];0.0000000004;0.0000000053;0.0000000030;0.0000000001
24;401;[-0.0000000008,-0.0000000002];[-0.0000000008,-0.0000000002];[-0.0000000008,-0.0000000002];0.0000000024;[0.0000000001,0.0000000001];0.0000000004;0.0000000053;0.0000000030;0.0000000001
24;402;[0.0000000001,0.0000000003];[0.0000000001,0.0000000003];[0.0000000001,0.0000000003];0.0000000009;[0.0000000001,0.0000000001];0.0000000004;0.0000000052;0.0000000030;0.0000000001
24;403;[-0.0000000008,-0.0000000002];[-0.0000000008,-0.0000000002];[-0.0000000008,-0.0000000002];0.0000000024;[0.0000000001,0.0000000001];0.0000000004;0.0000000051;0.0000000031;0.0000000001
24;404;[0.0000000001,0.0000000002];[0.0000000001,0.0000000002];[0.0000000001,0.0000000002];0.0000000006;[0.0000000001,0.0000000001];0.0000000004;0.0000000050;0.0000000030;0.0000000001
24;405;[0.0000000005,0.0000000026];[0.0000000003,0.0000000026];[0.0000000003,0.0000000026];0.0000000074;[0.0000000001,0.0000000001];0.0000000004;0.0000000049;0.0000000031;0.0000000001
24;406;[0.0000000001,0.0000000019];[0.0000000001,0.0000000019];[0.0000000001,0.0000000019];0.0000000053;[0.0000000001,0.0000000001];0.0000000004;0.0000000050;0.0000000031;0.0000000001
24;407;[-0.0000000008,-0.0000000016];[-0.0000000008,-0.0000000016];[-0.0000000008,-0.0000000016];0.0000000052;[0.0000000001,0.0000000001];0.0000000004;0.0000000050;0.0000000030;0.0000000001
24;408;[-0.0000000007,-0.0000000028];[-0.0000000007,-0.0000000028];[-0.0000000007,-0.0000000028];0.0000000082;[0.0000000001,0.0000000001];0.0000000004;0.0000000050;0.0000000030;0.0000000001
24;298;[-0.0000000022,0.0000000013];[-0.0000000006,0.0000000006];[-0.0000000006,0.0000000006];0.0000000023;[0.0000000001,0.0000000001];0.0000000004;0.0000000049;0.0000000030;0.0000000001
24;353;[-0.0000000006,-0.0000000026];[-0.0000000003,-0.0000000021];[-0.0000000003,-0.0000000021];0.0000000061;[0.0000000001,0.0000000001];0.0000000004;0.0000000049;0.0000000030;0.0000000001
24;361;[-0.0000000000,0.0000000025];[0.0000000000,0.0000000009];[0.0000000000,0.0000000009];0.0000000027;[0.0000000001,0.0000000001];0.0000000004;0.0000000048;0.0000000030;0.0000000001
24;375;[0.0000000005,-0.0000000002];[0.0000000004,0.0000000001];[0.0000000004,0.0000000001];0.0000000013;[0.0000000001,0.0000000001];0.0000000004;0.0000000048;0.0000000030;0.0000000001
24;378;[-0.0000000005,0.0000000014];[0.0000000000,0.0000000009];[0.0000000000,0.0000000009];0.0000000024;[0.0000000001,0.0000000001];0.0000000004;0.0000000047;0.0000000030;0.0000000001
24;388;[0.0000000005,0.0000000014];[0.0000000003,0.0000000002];[0.0000000003,0.0000000002];0.0000000010;[0.0000000001,0.0000000001];0.0000000004;0.0000000046;0.0000000031;0.0000000001
24;362;[0.0000000003,0.0000000033];[-0.0000000004,0.0000000032];[-0.0000000004,0.0000000032];0.0000000090;[0.0000000001,0.0000000001];0.0000000004;0.0000000046;0.0000000031;0.0000000001
24;391;[0.0000000000,0.0000000035];[0.0000000000,0.0000000015];[0.0000000000,0.0000000015];0.0000000042;[0.0000000001,0.0000000001];0.0000000004;0.0000000045;0.0000000029;0.0000000001
24;393;[-0.0000000007,0.0000000017];[-0.0000000003,0.0000000002];[-0.0000000003,0.0000000002];0.0000000012;[0.0000000001,0.0000000001];0.0000000004;0.0000000044;0.0000000030;0.0000000001
24;395;[0.0000000001,0.0000000009];[0.0000000001,0.0000000005];[0.0000000001,0.0000000005];0.0000000014;[0.0000000001,0.0000000001];0.0000000004;0.0000000043;0.0000000030;0.0000000001
24;396;[0.0000000003,0.0000000023];[0.0000000002,0.0000000003];[0.0000000002,0.0000000003];0.0000000012;[0.0000000001,0.0000000001];0.0000000004;0.0000000042;0.0000000030;0.0000000001
24;397;[-0.0000000008,0.0000000034];[-0.0000000008,0.0000000014];[-0.0000000008,0.0000000014];0.0000000046;[0.0000000001,0.0000000001];0.0000000004;0.0000000041;0.0000000029;0.0000000001
24;398;[0.0000000000,0.0000000021];[0.0000000001,0.0000000012];[0.0000000001,0.0000000012];0.0000000033;[0.0000000001,0.0000000001];0.0000000004;0.0000000040;0.0000000029;0.0000000001
24;386;[-0.0000000008,0.0000000034];[-0.0000000004,0.0000000028];[-0.0000000004,0.0000000028];0.0000000079;[0.0000000001,0.0000000001];0.0000000004;0.0000000039;0.0000000028;0.0000000001
24;332;[0.0000000003,0.0000000016];[0.0000000001,0.0000000011];[0.0000000001,0.0000000011];0.0000000032;[0.0000000001,0.0000000001];0.0000000004;0.0000000039;0.0000000028;0.0000000001
24;326;[0.0000000029,0.0000000008];[0.0000000014,0.0000000004];[0.0000000014,0.0000000004];0.0000000042;[0.0000000001,0.0000000001];0.0000000004;0.0000000038;0.0000000027;0.0000000001
24;359;[-0.0000000008,0.0000000010];[-0.0000000005,0.0000000007];[-0.0000000005,0.0000000007];0.0000000025;[0.0000000001,0.0000000001];0.0000000004;0.0000000038;0.0000000027;0.0000000001
24;401;[-0.0000000008,-0.0000000002];[-0.0000000008,-0.0000000002];[-0.0000000008,-0.0000000002];0.0000000024;[0.0000000001,0.0000000001];0.0000000004;0.0000000038;0.0000000027;0.0000000001
24;402;[0.0000000001,0.0000000003];[-0.0000000000,0.0000000002];[-0.0000000000,0.0000000002];0.0000000006;[0.0000000001,0.0000000001];0.0000000004;0.0000000038;0.0000000027;0.0000000001
24;403;[-0.0000000008,-0.0000000002];[-0.0000000001,-0.0000000002];[-0.0000000001,-0.0000000002];0.0000000006;[0.0000000001,0.0000000001];0.0000000004;0.0000000037;0.0000000027;0.0000000001
24;404;[0.0000000001,0.0000000002];[0.0000000001,0.0000000002];[0.0000000001,0.0000000002];0.0000000006;[0.0000000001,0.0000000001];0.0000000004;0.0000000037;0.0000000027;0.0000000001
24;405;[0.0000000003,0.0000000026];[0.0000000001,0.0000000022];[0.0000000001,0.0000000022];0.0000000062;[0.0000000001,0.0000000001];0.0000000004;0.0000000037;0.0000000027;0.0000000001
24;406;[0.0000000001,0.0000000019];[0.0000000001,0.0000000013];[0.0000000001,0.0000000013];0.0000000038;[0.0000000001,0.0000000001];0.0000000004;0.0000000036;0.0000000027;0.0000000001
24;407;[-0.0000000008,-0.0000000016];[-0.0000000006,0.0000000002];[-0.0000000006,0.0000000002];0.0000000017;[0.0000000001,0.0000000001];0.0000000004;0.0000000035;0.0000000027;0.0000000001
24;408;[-0.0000000007,-0.0000000028];[-0.0000000001,-0.0000000002];[-0.0000000001,-0.0000000002];0.0000000005;[0.0000000001,0.0000000001];0.0000000004;0.0000000033;0.0000000026;0.0000000001
25;336;[0.0000000001,0.0000000003];[0.0000000000,0.0000000001];[0.0000000000,0.0000000001];0.0000000003;[0.0000000001,0.0000000001];0.0000000004;0.0000000022;0.0000000017;0.0000000001
25;356;[0.0000000001,0.0000000002];[0.0000000000,0.0000000001];[0.0000000000,0.0000000001];0.0000000003;[0.0000000001,0.0000000001];0.0000000004;0.0000000022;0.0000000017;0.0000000001
25;338;[-0.0000000001,0.0000000001];[-0.0000000001,0.0000000001];[-0.0000000001,0.0000000001];0.0000000003;[0.0000000001,0.0000000001];0.0000000004;0.0000000022;0.0000000017;0.0000000001
25;382;[0.0000000001,0.0000000001];[0.0000000000,0.0000000001];[0.0000000000,0.0000000001];0.0000000004;[0.0000000001,0.0000000001];0.0000000004;0.0000000022;0.0000000017;0.0000000001
25;408;[-0.0000000001,-0.0000000002];[-0.0000000000,0.0000000001];[-0.0000000000,0.0000000001];0.0000000004;[0.0000000001,0.0000000001];0.0000000004;0.0000000022;0.0000000017;0.0000000001
25;399;[-0.0000000008,-0.0000000002];[-0.0000000008,-0.0000000002];[-0.0000000008,-0.0000000002];0.0000000024;[0.0000000001,0.0000000001];0.0000000004;0.0000000022;0.0000000017;0.0000000001
25;300;[0.0000000005,0.0000000019];[0.0000000001,0.0000000003];[0.0000000001,0.0000000003];0.0000000007;[0.0000000001,0.0000000001];0.0000000004;0.0000000021;0.0000000016;0.0000000001
25;392;[0.0000000001,0.0000000001];[0.0000000001,0.0000000001];[0.0000000001,0.0000000001];0.0000000004;[0.0000000001,0.0000000001];0.0000000004;0.0000000021;0.0000000016;0.0000000001
25;402;[-0.0000000000,0.0000000002];[-0.0000000000,0.0000000002];[-0.0000000000,0.0000000002];0.0000000006;[0.0000000001,0.0000000001];0.0000000004;0.0000000021;0.0000000016;0.0000000001
25;404;[0.0000000001,0.0000000002];[0.0000000001,0.0000000002];[0.0000000001,0.0000000002];0.0000000006;[0.0000000001,0.0000000001];0.0000000004;0.0000000021;0.0000000016;0.0000000001
25;326;[0.0000000014,0.0000000004];[0.0000000000,-0.0000000001];[0.0000000000,-0.0000000001];0.0000000003;[0.0000000001,0.0000000001];0.0000000004;0.0000000019;0.0000000016;0.0000000001
25;376;[-0.0000000007,-0.0000000016];[-0.0000000007,-0.0000000016];[-0.0000000007,-0.0000000016];0.0000000050;[0.0000000001,0.0000000001];0.0000000004;0.0000000019;0.0000000016;0.0000000001
25;406;[0.0000000001,0.0000000013];[-0.0000000008,0.0000000002];[-0.0000000008,0.0000000002];0.0000000023;[0.0000000001,0.0000000001];0.0000000004;0.0000000019;0.0000000015;0.0000000001
25;298;[-0.0000000006,0.0000000006];[-0.0000000005,0.0000000006];[-0.0000000005,0.0000000006];0.0000000022;[0.0000000001,0.0000000001];0.0000000004;0.0000000019;0.0000000015;0.0000000001
25;401;[-0.0000000008,-0.0000000002];[-0.0000000008,-0.0000000002];[-0.0000000008,-0.0000000002];0.0000000024;[0.0000000001,0.0000000001];0.0000000004;0.0000000019;0.0000000015;0.0000000001
25;397;[-0.0000000008,0.0000000014];[-0.0000000008,0.0000000014];[-0.0000000008,0.0000000014];0.0000000046;[0.0000000001,0.0000000001];0.0000000004;0.0000000019;0.0000000015;0.0000000001
25;409;[-0.0000000008,-0.0000000002];[-0.0000000008,-0.0000000002];[-0.0000000008,-0.0000000002];0.0000000022;[0.0000000001,0.0000000001];0.0000000004;0.0000000019;0.0000000015;0.0000000001
25;410;[0.0000000000,0.0000000001];[0.0000000000,0.0000000001];[0.0000000000,0.0000000001];0.0000000003;[0.0000000001,0.0000000001];0.0000000004;0.0000000019;0.0000000015;0.0000000001
25;411;[-0.0000000008,0.0000000001];[-0.0000000007,0.0000000001];[-0.0000000007,0.0000000001];0.0000000019;[0.0000000001,0.0000000001];0.0000000004;0.0000000018;0.0000000015;0.0000000001
25;412;[-0.0000000000,-0.0000000002];[-0.0000000000,0.0000000000];[-0.0000000000,0.0000000000];0.0000000002;[0.0000000001,0.0000000001];0.0000000004;0.0000000018;0.0000000015;0.0000000001
25;413;[9.3839039330,0.0000000002];[1.7794649493,0.0000000002];[1.7794649493,0.0000000002];5.3603425032;[0.0000000001,0.0000000001];0.0000000004;0.0000000018;0.0000000015;0.0000000001
25;414;[-0.0000000000,9.3248715843];[0.0000000000,7.4255182585];[0.0000000000,7.4255182585];14.6651834263;[0.0000000001,0.0000000001];0.0000000004;0.1531526447;0.8930256933;0.0000000001
25;415;[-0.0000000007,-0.0000000001];[-0.0000000007,-0.0000000001];[-0.0000000007,-0.0000000001];0.0000000019;[0.0000000001,0.0000000001];0.0000000004;0.5562646108;2.5422069658;0.0000000001
25;416;[0.0000000000,5.1562177412];[0.0000000000,4.1478802407];[0.0000000000,4.1478802407];9.3700836637;[0.0000000001,0.0000000001];0.0000000004;0.5412304322;2.5092394271;0.0000000001
25;417;[-0.0000000008,0.0000000002];[-0.0000000008,0.0000000002];[-0.0000000008,0.0000000002];0.0000000024;[0.0000000001,0.0000000001];0.0000000004;0.7735686752;2.8509454652;0.0000000001
25;418;[-0.0000000008,-0.0000000002];[-0.0000000008,-0.0000000001];[-0.0000000008,-0.0000000001];0.0000000022;[0.0000000001,0.0000000001];0.0000000004;0.7537335810;2.8168125576;0.0000000001
25;353;[-0.0000000003,-0.0000000021];[-0.0000000002,-0.0000000009];[-0.0000000002,-0.0000000009];0.0000000026;[0.0000000001,0.0000000001];0.0000000004;0.7348902414;2.7838678034;0.0000000001
25;361;[0.0000000000,0.0000000009];[0.0000000000,0.0000000005];[0.0000000000,0.0000000005];0.0000000014;[0.0000000001,0.0000000001];0.0000000004;0.7348902414;2.7838678034;0.0000000001
25;375;[0.0000000004,0.0000000001];[0.0000000003,0.0000000001];[0.0000000003,0.0000000001];0.0000000010;[0.0000000001,0.0000000001];0.0000000004;0.7348902414;2.7838678034;0.0000000001
25;378;[0.0000000000,0.0000000009];[-0.0000000000,0.0000000006];[-0.0000000000,0.0000000006];0.0000000018;[0.0000000001,0.0000000001];0.0000000004;0.7348902414;2.7838678034;0.0000000001
25;388;[0.0000000003,0.0000000002];[-0.0000000000,0.0000000002];[-0.0000000000,0.0000000002];0.0000000005;[0.0000000001,0.0000000001];0.0000000004;0.7348902414;2.7838678034;0.0000000001
25;391;[0.0000000000,0.0000000015];[0.0000000000,0.0000000002];[0.0000000000,0.0000000002];0.0000000007;[0.0000000001,0.0000000001];0.0000000004;0.7348902413;2.7838678034;0.0000000001
25;393;[-0.0000000003,0.0000000002];[-0.0000000003,0.0000000001];[-0.0000000003,0.0000000001];0.0000000010;[0.0000000001,0.0000000001];0.0000000004;0.7348902413;2.7838678034;0.0000000001
25;395;[0.0000000001,0.0000000005];[0.0000000000,0.0000000001];[0.0000000000,0.0000000001];0.0000000003;[0.0000000001,0.0000000001];0.0000000004;0.7348902412;2.7838678034;0.0000000001
25;396;[0.0000000002,0.0000000003];[0.0000000002,0.0000000003];[0.0000000002,0.0000000003];0.0000000009;[0.0000000001,0.0000000001];0.0000000004;0.7348902412;2.7838678034;0.0000000001
25;398;[0.0000000001,0.0000000012];[-0.0000000000,0.0000000005];[-0.0000000000,0.0000000005];0.0000000015;[0.0000000001,0.0000000001];0.0000000004;0.7348902412;2.7838678034;0.0000000001
25;332;[0.0000000001,0.0000000011];[0.0000000000,0.0000000001];[0.0000000000,0.0000000001];0.0000000003;[0.0000000001,0.0000000001];0.0000000004;0.7348902411;2.7838678035;0.0000000001
25;359;[-0.0000000005,0.0000000007];[-0.0000000005,0.0000000004];[-0.0000000005,0.0000000004];0.0000000018;[0.0000000001,0.0000000001];0.0000000004;0.7348902411;2.7838678035;0.0000000001
25;403;[-0.0000000001,-0.0000000002];[-0.0000000001,-0.0000000001];[-0.0000000001,-0.0000000001];0.0000000005;[0.0000000001,0.0000000001];0.0000000004;0.7348902411;2.7838678035;0.0000000001
25;407;[-0.0000000006,0.0000000002];[-0.0000000004,0.0000000001];[-0.0000000004,0.0000000001];0.0000000012;[0.0000000001,0.0000000001];0.0000000004;0.7348902411;2.7838678035;0.0000000001
25;409;[-0.0000000008,-0.0000000002];[-0.0000000004,-0.0000000000];[-0.0000000004,-0.0000000000];0.0000000012;[0.0000000001,0.0000000001];0.0000000004;0.7348902411;2.7838678035;0.0000000001
25;410;[0.0000000000,0.0000000001];[0.0000000000,0.0000000001];[0.0000000000,0.0000000001];0.0000000003;[0.0000000001,0.0000000001];0.0000000004;0.7348902411;2.7838678035;0.0000000001
25;411;[-0.0000000007,0.0000000001];[-0.0000000006,0.0000000002];[-0.0000000006,0.0000000002];0.0000000018;[0.0000000001,0.0000000001];0.0000000004;0.7348902411;2.7838678035;0.0000000001
25;412;[-0.0000000000,0.0000000000];[-0.0000000000,0.0000000000];[-0.0000000000,0.0000000000];0.0000000002;[0.0000000001,0.0000000001];0.0000000004;0.7348902411;2.7838678035;0.0000000001
25;413;[1.7794649493,0.0000000002];[0.7043510896,0.0000000002];[0.7043510896,0.0000000002];3.1832298912;[0.0000000001,0.0000000001];0.0000000004;0.6804624258;2.7132907180;0.0000000001
25;414;[0.0000000000,7.4255182585];[0.6121492771,4.1704871800];[0.6121492771,4.1704871800];10.8311734171;[0.0000000001,0.0000000001];0.0000000004;0.5846121755;2.2448545731;0.0000000001
25;415;[-0.0000000007,-0.0000000001];[-0.0000000004,-0.0000000000];[-0.0000000004,-0.0000000000];0.0000000013;[0.0000000001,0.0000000001];0.0000000004;0.5846121755;2.2448545731;0.0000000001
25;416;[0.0000000000,4.1478802407];[0.4491255206,2.2185295375];[0.4491255206,2.2185295375];7.5106337049;[0.0000000001,0.0000000001];0.0000000004;0.5381259265;2.0752934026;0.0000000001
25;417;[-0.0000000008,0.0000000002];[-0.0000000005,0.0000000000];[-0.0000000005,0.0000000000];0.0000000015;[0.0000000001,0.0000000001];0.0000000004;0.5381259265;2.0752934026;0.0000000001
25;418;[-0.0000000008,-0.0000000001];[-0.0000000008,-0.0000000000];[-0.0000000008,-0.0000000000];0.0000000022;[0.0000000001,0.0000000001];0.0000000004;0.5381259265;2.0752934026;0.0000000001
26;336;[0.0000000000,0.0000000001];[-0.0000000000,0.0000000001];[-0.0000000000,0.0000000001];0.0000000002;[-0.0000000000,0.0000000000];0.0000000002;0.0000000009;0.0000000007;0.0000000001
26;356;[0.0000000000,0.0000000001];[-0.0000000001,0.0000000000];[-0.0000000001,0.0000000000];0.0000000002;[-0.0000000000,0.0000000000];0.0000000002;0.0000000009;0.0000000007;0.0000000001
26;338;[-0.0000000001,0.0000000001];[-0.0000000000,0.0000000000];[-0.0000000000,0.0000000000];0.0000000001;[-0.0000000000,0.0000000000];0.0000000002;0.0000000009;0.0000000007;0.0000000001
26;382;[0.0000000000,0.0000000001];[-0.0000000000,0.0000000000];[-0.0000000000,0.0000000000];0.0000000001;[-0.0000000000,0.0000000000];0.0000000002;0.0000000009;0.0000000007;0.0000000001
26;408;[-0.0000000000,0.0000000001];[-0.0000000000,0.0000000001];[-0.0000000000,0.0000000001];0.0000000002;[-0.0000000000,0.0000000000];0.0000000002;0.0000000009;0.0000000007;0.0000000001
26;353;[-0.0000000002,-0.0000000009];[0.0000000000,0.0000000003];[0.0000000000,0.0000000003];0.0000000010;[-0.0000000000,0.0000000000];0.0000000002;0.0000000008;0.0000000006;0.0000000001
26;412;[-0.0000000000,0.0000000000];[-0.0000000000,0.0000000000];[-0.0000000000,0.0000000000];0.0000000002;[-0.0000000000,0.0000000000];0.0000000002;0.0000000008;0.0000000006;0.0000000001
26;332;[0.0000000000,0.0000000001];[0.0000000000,0.0000000001];[0.0000000000,0.0000000001];0.0000000003;[-0.0000000000,0.0000000000];0.0000000002;0.0000000008;0.0000000006;0.0000000001
26;402;[-0.0000000000,0.0000000002];[-0.0000000000,0.0000000002];[-0.0000000000,0.0000000002];0.0000000006;[-0.0000000000,0.0000000000];0.0000000002;0.0000000008;0.0000000006;0.0000000001
26;404;[0.0000000001,0.0000000002];[0.0000000001,0.0000000000];[0.0000000001,0.0000000000];0.0000000002;[-0.0000000000,0.0000000000];0.0000000002;0.0000000008;0.0000000007;0.0000000001
26;326;[0.0000000000,-0.0000000001];[0.0000000001,-0.0000000001];[0.0000000001,-0.0000000001];0.0000000002;[-0.0000000000,0.0000000000];0.0000000002;0.0000000008;0.0000000007;0.0000000001
26;410;[0.0000000000,0.0000000001];[0.0000000000,0.0000000001];[0.0000000000,0.0000000001];0.0000000003;[-0.0000000000,0.0000000000];0.0000000002;0.0000000008;0.0000000007;0.0000000001
26;406;[-0.0000000008,0.0000000002];[-0.0000000005,0.0000000001];[-0.0000000005,0.0000000001];0.0000000015;[-0.0000000000,0.0000000000];0.0000000002;0.0000000008;0.0000000006;0.0000000001
26;298;[-0.0000000005,0.0000000006];[-0.0000000005,0.0000000003];[-0.0000000005,0.0000000003];0.0000000017;[-0.0000000000,0.0000000000];0.0000000002;0.0000000008;0.0000000006;0.0000000001
26;417;[-0.0000000005,0.0000000000];[-0.0000000005,0.0000000000];[-0.0000000005,0.0000000000];0.0000000015;[-0.0000000000,0.0000000000];0.0000000002;0.0000000008;0.0000000006;0.0000000001
26;411;[-0.0000000006,0.0000000002];[-0.0000000006,0.0000000002];[-0.0000000006,0.0000000002];0.0000000018;[-0.0000000000,0.0000000000];0.0000000002;0.0000000008;0.0000000006;0.0000000001
26;418;[-0.0000000008,-0.0000000000];[-0.0000000008,-0.0000000000];[-0.0000000008,-0.0000000000];0.0000000022;[-0.0000000000,0.0000000000];0.0000000002;0.0000000008;0.0000000006;0.0000000001
26;419;[-0.0000000000,0.0000000000];[-0.0000000000,0.0000000000];[-0.0000000000,0.0000000000];0.0000000001;[-0.0000000000,0.0000000000];0.0000000002;0.0000000008;0.0000000006;0.0000000001
26;420;[-0.0000000000,0.0000000001];[-0.0000000000,0.0000000001];[-0.0000000000,0.0000000001];0.0000000002;[-0.0000000000,0.0000000000];0.0000000002;0.0000000008;0.0000000006;0.0000000001
26;421;[-0.0000000000,0.0000000000];[-0.0000000000,0.0000000000];[-0.0000000000,0.0000000000];0.0000000001;[-0.0000000000,0.0000000000];0.0000000002;0.0000000007;0.0000000006;0.0000000001
26;422;[-0.0000000000,0.0000000000];[-0.0000000000,0.0000000000];[-0.0000000000,0.0000000000];0.0000000001;[-0.0000000000,0.0000000000];0.0000000002;0.0000000007;0.0000000006;0.0000000001
26;423;[2.6013143986,0.0000000000];[2.5675331148,0.0000000000];[2.5675331148,0.0000000000];7.7626611700;[-0.0000000000,0.0000000000];0.0000000002;0.0000000007;0.0000000006;0.0000000001
26;424;[-0.0000000001,0.0000000000];[-0.0000000001,0.0000000000];[-0.0000000001,0.0000000000];0.0000000002;[-0.0000000000,0.0000000000];0.0000000002;0.2217903198;1.2932486815;0.0000000001
26;425;[-0.0000000000,0.0000000002];[0.0000000000,0.0000000001];[0.0000000000,0.0000000001];0.0000000003;[-0.0000000000,0.0000000000];0.0000000002;0.2156294776;1.2756811891;0.0000000001
26;426;[0.0000000000,20.9116693674];[0.0000000000,2.8288120499];[0.0000000000,2.8288120499];7.2216999458;[-0.0000000000,0.0000000000];0.0000000002;0.2098016539;1.2588099193;0.0000000001
26;427;[0.0000000001,-24.4104999347];[0.0000000001,-13.3836504352];[0.0000000001,-13.3836504352];18.5688127309;[-0.0000000000,0.0000000000];0.0000000002;0.3943252932;1.6741309289;0.0000000001
26;428;[0.0000000000,0.0000000000];[0.0000000000,0.0000000000];[0.0000000000,0.0000000000];0.0000000001;[-0.0000000000,0.0000000000];0.0000000002;0.8603377916;3.3140942270;0.0000000001
26;429;[-0.0000000005,0.0000000002];[-0.0000000005,0.0000000001];[-0.0000000005,0.0000000001];0.0000000015;[-0.0000000000,0.0000000000];0.0000000002;0.8388293468;3.2751613619;0.0000000001
26;430;[-0.0000000006,0.0000000001];[-0.0000000006,0.0000000001];[-0.0000000006,0.0000000001];0.0000000018;[-0.0000000000,0.0000000000];0.0000000002;0.8183700945;3.2375606246;0.0000000001
26;431;[-0.0000000006,0.0000000002];[-0.0000000006,0.0000000001];[-0.0000000006,0.0000000001];0.0000000016;[-0.0000000000,0.0000000000];0.0000000002;0.7988850922;3.2012182740;0.0000000001
26;432;[-0.0000000005,0.0000000000];[-0.0000000005,0.0000000000];[-0.0000000005,0.0000000000];0.0000000015;[-0.0000000000,0.0000000000];0.0000000002;0.7803063692;3.1660661142;0.0000000001
26;361;[0.0000000000,0.0000000005];[0.0000000000,0.0000000003];[0.0000000000,0.0000000003];0.0000000008;[-0.0000000000,0.0000000000];0.0000000002;0.7625721336;3.1320409748;0.0000000001
26;375;[0.0000000003,0.0000000001];[0.0000000002,0.0000000001];[0.0000000002,0.0000000001];0.0000000007;[-0.0000000000,0.0000000000];0.0000000002;0.7625721336;3.1320409748;0.0000000001
26;388;[-0.0000000000,0.0000000002];[0.0000000000,0.0000000001];[0.0000000000,0.0000000001];0.0000000002;[-0.0000000000,0.0000000000];0.0000000002;0.7625721336;3.1320409748;0.0000000001
26;391;[0.0000000000,0.0000000002];[0.0000000000,0.0000000000];[0.0000000000,0.0000000000];0.0000000001;[-0.0000000000,0.0000000000];0.0000000002;0.7625721335;3.1320409748;0.0000000001
26;393;[-0.0000000003,0.0000000001];[0.0000000000,0.0000000000];[0.0000000000,0.0000000000];0.0000000001;[-0.0000000000,0.0000000000];0.0000000002;0.7625721335;3.1320409748;0.0000000001
26;395;[0.0000000000,0.0000000001];[0.0000000000,0.0000000001];[0.0000000000,0.0000000001];0.0000000002;[-0.0000000000,0.0000000000];0.0000000002;0.7625721335;3.1320409748;0.0000000001
26;396;[0.0000000002,0.0000000003];[0.0000000000,0.0000000002];[0.0000000000,0.0000000002];0.0000000005;[-0.0000000000,0.0000000000];0.0000000002;0.7625721335;3.1320409748;0.0000000001
26;403;[-0.0000000001,-0.0000000001];[-0.0000000000,-0.0000000000];[-0.0000000000,-0.0000000000];0.0000000001;[-0.0000000000,0.0000000000];0.0000000002;0.7625721335;3.1320409748;0.0000000001
26;407;[-0.0000000004,0.0000000001];[-0.0000000000,0.0000000000];[-0.0000000000,0.0000000000];0.0000000001;[-0.0000000000,0.0000000000];0.0000000002;0.7625721335;3.1320409749;0.0000000001
26;409;[-0.0000000004,-0.0000000000];[-0.0000000001,-0.0000000000];[-0.0000000001,-0.0000000000];0.0000000004;[-0.0000000000,0.0000000000];0.0000000002;0.7625721335;3.1320409749;0.0000000001
26;415;[-0.0000000004,-0.0000000000];[-0.0000000002,-0.0000000000];[-0.0000000002,-0.0000000000];0.0000000006;[-0.0000000000,0.0000000000];0.0000000002;0.7625721334;3.1320409749;0.0000000001
26;300;[0.0000000001,0.0000000003];[0.0000000001,0.0000000002];[0.0000000001,0.0000000002];0.0000000005;[-0.0000000000,0.0000000000];0.0000000002;0.7625721334;3.1320409749;0.0000000001
26;392;[0.0000000001,0.0000000001];[0.0000000000,0.0000000001];[0.0000000000,0.0000000001];0.0000000004;[-0.0000000000,0.0000000000];0.0000000002;0.7625721334;3.1320409749;0.0000000001
26;419;[-0.0000000000,0.0000000000];[0.0000000000,0.0000000000];[0.0000000000,0.0000000000];0.0000000001;[-0.0000000000,0.0000000000];0.0000000002;0.7625721334;3.1320409749;0.0000000001
26;420;[-0.0000000000,0.0000000001];[-0.0000000000,0.0000000001];[-0.0000000000,0.0000000001];0.0000000002;[-0.0000000000,0.0000000000];0.0000000002;0.7625721334;3.1320409749;0.0000000001
26;421;[-0.0000000000,0.0000000000];[-0.0000000000,0.0000000000];[-0.0000000000,0.0000000000];0.0000000001;[-0.0000000000,0.0000000000];0.0000000002;0.7625721334;3.1320409749;0.0000000001
26;422;[-0.0000000000,0.0000000000];[-0.0000000000,0.0000000000];[-0.0000000000,0.0000000000];0.0000000001;[-0.0000000000,0.0000000000];0.0000000002;0.7625721334;3.1320409749;0.0000000001
26;423;[2.5675331148,0.0000000000];[1.3613491382,0.0000000000];[1.3613491382,0.0000000000];5.0259231830;[-0.0000000000,0.0000000000];0.0000000002;0.7003735428;3.0174893380;0.0000000001
26;424;[-0.0000000001,0.0000000000];[0.0000000000,0.0000000000];[0.0000000000,0.0000000000];0.0000000000;[-0.0000000000,0.0000000000];0.0000000002;0.7003735428;3.0174893380;0.0000000001
26;425;[0.0000000000,0.0000000001];[0.0000000000,0.0000000000];[0.0000000000,0.0000000000];0.0000000001;[-0.0000000000,0.0000000000];0.0000000002;0.7003735428;3.0174893380;0.0000000001
26;426;[0.0000000000,2.8288120499];[0.0000000000,0.3549421289];[0.0000000000,0.3549421289];2.4837091954;[-0.0000000000,0.0000000000];0.0000000002;0.5926919349;2.8634572133;0.0000000001
26;427;[0.0000000001,-13.3836504352];[0.0000000000,-2.6643006067];[0.0000000000,-2.6643006067];7.7212437437;[-0.0000000000,0.0000000000];0.0000000002;0.3461562761;1.3962128712;0.0000000001
26;428;[0.0000000000,0.0000000000];[0.0000000000,0.0000000000];[0.0000000000,0.0000000000];0.0000000001;[-0.0000000000,0.0000000000];0.0000000002;0.3461562761;1.3962128712;0.0000000001
26;429;[-0.0000000005,0.0000000001];[-0.0000000002,0.0000000000];[-0.0000000002,0.0000000000];0.0000000006;[-0.0000000000,0.0000000000];0.0000000002;0.3461562760;1.3962128712;0.0000000001
26;430;[-0.0000000006,0.0000000001];[-0.0000000003,0.0000000001];[-0.0000000003,0.0000000001];0.0000000008;[-0.0000000000,0.0000000000];0.0000000002;0.3461562760;1.3962128712;0.0000000001
26;431;[-0.0000000006,0.0000000001];[-0.0000000004,0.0000000001];[-0.0000000004,0.0000000001];0.0000000011;[-0.0000000000,0.0000000000];0.0000000002;0.3461562760;1.3962128712;0.0000000001
26;432;[-0.0000000005,0.0000000000];[-0.0000000002,0.0000000000];[-0.0000000002,0.0000000000];0.0000000006;[-0.0000000000,0.0000000000];0.0000000002;0.3461562760;1.3962128712;0.0000000001
27;336;[-0.0000000000,0.0000000001];[-0.0000000000,0.0000000000];[-0.0000000000,0.0000000000];0.0000000001;[0.0000000000,0.0000000000];0.0000000000;0.0000000003;0.0000000004;0.0000000000
27;356;[-0.0000000001,0.0000000000];[-0.0000000000,0.0000000000];[-0.0000000000,0.0000000000];0.0000000001;[0.0000000000,0.0000000000];0.0000000000;0.0000000003;0.0000000004;0.0000000000
27;382;[-0.0000000000,0.0000000000];[-0.0000000000,0.0000000000];[-0.0000000000,0.0000000000];0.0000000001;[0.0000000000,0.0000000000];0.0000000000;0.0000000003;0.0000000004;0.0000000000
27;408;[-0.0000000000,0.0000000001];[0.0000000000,-0.0000000000];[0.0000000000,-0.0000000000];0.0000000000;[0.0000000000,0.0000000000];0.0000000000;0.0000000003;0.0000000004;0.0000000000
27;424;[0.0000000000,0.0000000000];[0.0000000000,0.0000000000];[0.0000000000,0.0000000000];0.0000000000;[0.0000000000,0.0000000000];0.0000000000;0.0000000003;0.0000000004;0.0000000000
27;412;[-0.0000000000,0.0000000000];[-0.0000000000,0.0000000000];[-0.0000000000,0.0000000000];0.0000000002;[0.0000000000,0.0000000000];0.0000000000;0.0000000003;0.0000000004;0.0000000000
27;332;[0.0000000000,0.0000000001];[0.0000000000,0.0000000000];[0.0000000000,0.0000000000];0.0000000001;[0.0000000000,0.0000000000];0.0000000000;0.0000000003;0.0000000004;0.0000000000
27;391;[0.0000000000,0.0000000000];[0.0000000000,0.0000000000];[0.0000000000,0.0000000000];0.0000000001;[0.0000000000,0.0000000000];0.0000000000;0.0000000003;0.0000000004;0.0000000000
27;428;[0.0000000000,0.0000000000];[0.0000000000,0.0000000000];[0.0000000000,0.0000000000];0.0000000001;[0.0000000000,0.0000000000];0.0000000000;0.0000000003;0.0000000004;0.0000000000
27;404;[0.0000000001,0.0000000000];[0.0000000001,0.0000000000];[0.0000000001,0.0000000000];0.0000000002;[0.0000000000,0.0000000000];0.0000000000;0.0000000003;0.0000000004;0.0000000000
27;326;[0.0000000001,-0.0000000001];[-0.0000000000,0.0000000000];[-0.0000000000,0.0000000000];0.0000000001;[0.0000000000,0.0000000000];0.0000000000;0.0000000003;0.0000000004;0.0000000000
27;353;[0.0000000000,0.0000000003];[-0.0000000000,0.0000000002];[-0.0000000000,0.0000000002];0.0000000006;[0.0000000000,0.0000000000];0.0000000000;0.0000000003;0.0000000004;0.0000000000
27;421;[-0.0000000000,0.0000000000];[-0.0000000000,0.0000000000];[-0.0000000000,0.0000000000];0.0000000001;[0.0000000000,0.0000000000];0.0000000000;0.0000000003;0.0000000004;0.0000000000
27;406;[-0.0000000005,0.0000000001];[-0.0000000002,0.0000000001];[-0.0000000002,0.0000000001];0.0000000006;[0.0000000000,0.0000000000];0.0000000000;0.0000000003;0.0000000004;0.0000000000
27;298;[-0.0000000005,0.0000000003];[-0.0000000003,0.0000000001];[-0.0000000003,0.0000000001];0.0000000009;[0.0000000000,0.0000000000];0.0000000000;0.0000000003;0.0000000003;0.0000000000
27;417;[-0.0000000005,0.0000000000];[-0.0000000004,0.0000000001];[-0.0000000004,0.0000000001];0.0000000011;[0.0000000000,0.0000000000];0.0000000000;0.0000000002;0.0000000003;0.0000000000
27;420;[-0.0000000000,0.0000000001];[-0.0000000000,0.0000000001];[-0.0000000000,0.0000000001];0.0000000002;[0.0000000000,0.0000000000];0.0000000000;0.0000000002;0.0000000003;0.0000000000
27;410;[0.0000000000,0.0000000001];[0.0000000000,0.0000000001];[0.0000000000,0.0000000001];0.0000000003;[0.0000000000,0.0000000000];0.0000000000;0.0000000002;0.0000000003;0.0000000000
27;433;[-0.0000000000,0.0000000000];[-0.0000000000,0.0000000000];[-0.0000000000,0.0000000000];0.0000000001;[0.0000000000,0.0000000000];0.0000000000;0.0000000002;0.0000000003;0.0000000000
27;434;[-0.0000000000,0.0000000000];[-0.0000000000,0.0000000000];[-0.0000000000,0.0000000000];0.0000000001;[0.0000000000,0.0000000000];0.0000000000;0.0000000002;0.0000000002;0.0000000000
27;435;[-0.0000000000,0.0000000000];[-0.0000000000,0.0000000000];[-0.0000000000,0.0000000000];0.0000000001;[0.0000000000,0.0000000000];0.0000000000;0.0000000002;0.0000000002;0.0000000000
27;436;[-0.0000000000,0.0000000000];[-0.0000000000,0.0000000000];[-0.0000000000,0.0000000000];0.0000000001;[0.0000000000,0.0000000000];0.0000000000;0.0000000002;0.0000000002;0.0000000000
27;437;[0.0000000000,0.0000000000];[0.0000000000,0.0000000000];[0.0000000000,0.0000000000];0.0000000001;[0.0000000000,0.0000000000];0.0000000000;0.0000000002;0.0000000002;0.0000000000
27;438;[0.0000000000,7.8683955591];[0.0000000000,2.4795197020];[0.0000000000,2.4795197020];7.6296345647;[0.0000000000,0.0000000000];0.0000000000;0.0000000002;0.0000000002;0.0000000000
27;439;[18.5090328863,0.0000000000];[0.3294913151,0.0000000000];[0.3294913151,0.0000000000];2.3312335627;[0.0000000000,0.0000000000];0.0000000000;0.2119342937;1.2538201889;0.0000000000
27;440;[-0.0000000000,-26.6453859890];[-0.0000000000,-17.3028611423];[-0.0000000000,-17.3028611423];19.5865197940;[0.0000000000,0.0000000000];0.0000000000;0.2692126523;1.2836222163;0.0000000000
27;441;[-0.0000000000,0.0000000000];[-0.0000000000,0.0000000000];[-0.0000000000,0.0000000000];0.0000000001;[0.0000000000,0.0000000000];0.0000000000;0.7775628402;3.3415359700;0.0000000000
27;442;[-0.0000000000,0.0000000000];[-0.0000000000,0.0000000000];[-0.0000000000,0.0000000000];0.0000000001;[0.0000000000,0.0000000000];0.0000000000;0.7576253315;3.3007065350;0.0000000000
27;443;[-0.0000000000,0.0000000001];[-0.0000000000,0.0000000001];[-0.0000000000,0.0000000001];0.0000000002;[0.0000000000,0.0000000000];0.0000000000;0.7386846982;3.2613322731;0.0000000000
27;444;[-0.0000000003,0.0000000001];[-0.0000000001,0.0000000001];[-0.0000000001,0.0000000001];0.0000000003;[0.0000000000,0.0000000000];0.0000000000;0.7206679983;3.2233291162;0.0000000000
27;445;[-0.0000000000,0.0000000001];[-0.0000000000,0.0000000001];[-0.0000000000,0.0000000001];0.0000000002;[0.0000000000,0.0000000000];0.0000000000;0.7035092364;3.1866196108;0.0000000000
27;446;[-0.0000000004,0.0000000001];[-0.0000000004,0.0000000001];[-0.0000000004,0.0000000001];0.0000000011;[0.0000000000,0.0000000000];0.0000000000;0.6871485565;3.1511322667;0.0000000000
27;388;[0.0000000000,0.0000000001];[0.0000000000,0.0000000001];[0.0000000000,0.0000000001];0.0000000002;[0.0000000000,0.0000000000];0.0000000000;0.6715315439;3.1168009828;0.0000000000
27;393;[0.0000000000,0.0000000000];[0.0000000000,0.0000000000];[0.0000000000,0.0000000000];0.0000000001;[0.0000000000,0.0000000000];0.0000000000;0.6715315439;3.1168009828;0.0000000000
27;395;[0.0000000000,0.0000000001];[0.0000000000,0.0000000000];[0.0000000000,0.0000000000];0.0000000002;[0.0000000000,0.0000000000];0.0000000000;0.6715315439;3.1168009828;0.0000000000
27;403;[-0.0000000000,-0.0000000000];[0.0000000000,-0.0000000000];[0.0000000000,-0.0000000000];0.0000000001;[0.0000000000,0.0000000000];0.0000000000;0.6715315439;3.1168009828;0.0000000000
27;407;[-0.0000000000,0.0000000000];[0.0000000000,0.0000000000];[0.0000000000,0.0000000000];0.0000000001;[0.0000000000,0.0000000000];0.0000000000;0.6715315439;3.1168009828;0.0000000000
27;409;[-0.0000000001,-0.0000000000];[-0.0000000000,-0.0000000000];[-0.0000000000,-0.0000000000];0.0000000000;[0.0000000000,0.0000000000];0.0000000000;0.6715315439;3.1168009828;0.0000000000
27;300;[0.0000000001,0.0000000002];[0.0000000000,0.0000000001];[0.0000000000,0.0000000001];0.0000000002;[0.0000000000,0.0000000000];0.0000000000;0.6715315439;3.1168009828;0.0000000000
27;392;[0.0000000000,0.0000000001];[0.0000000000,0.0000000001];[0.0000000000,0.0000000001];0.0000000003;[0.0000000000,0.0000000000];0.0000000000;0.6715315439;3.1168009828;0.0000000000
27;419;[0.0000000000,0.0000000000];[0.0000000000,0.0000000000];[0.0000000000,0.0000000000];0.0000000001;[0.0000000000,0.0000000000];0.0000000000;0.6715315439;3.1168009828;0.0000000000
27;422;[-0.0000000000,0.0000000000];[0.0000000000,0.0000000000];[0.0000000000,0.0000000000];0.0000000001;[0.0000000000,0.0000000000];0.0000000000;0.6715315439;3.1168009828;0.0000000000
27;425;[0.0000000000,0.0000000000];[0.0000000000,0.0000000000];[0.0000000000,0.0000000000];0.0000000001;[0.0000000000,0.0000000000];0.0000000000;0.6715315439;3.1168009828;0.0000000000
27;338;[-0.0000000000,0.0000000000];[-0.0000000000,0.0000000000];[-0.0000000000,0.0000000000];0.0000000001;[0.0000000000,0.0000000000];0.0000000000;0.6715315439;3.1168009828;0.0000000000
27;433;[-0.0000000000,0.0000000000];[0.0000000000,0.0000000000];[0.0000000000,0.0000000000];0.0000000001;[0.0000000000,0.0000000000];0.0000000000;0.6715315439;3.1168009828;0.0000000000
27;434;[-0.0000000000,0.0000000000];[-0.0000000000,0.0000000000];[-0.0000000000,0.0000000000];0.0000000001;[0.0000000000,0.0000000000];0.0000000000;0.6715315439;3.1168009828;0.0000000000
27;435;[-0.0000000000,0.0000000000];[0.0000000000,0.0000000000];[0.0000000000,0.0000000000];0.0000000001;[0.0000000000,0.0000000000];0.0000000000;0.6715315439;3.1168009828;0.0000000000
27;436;[-0.0000000000,0.0000000000];[-0.0000000000,0.0000000000];[-0.0000000000,0.0000000000];0.0000000001;[0.0000000000,0.0000000000];0.0000000000;0.6715315439;3.1168009828;0.0000000000
27;437;[0.0000000000,0.0000000000];[0.0000000000,0.0000000000];[0.0000000000,0.0000000000];0.0000000001;[0.0000000000,0.0000000000];0.0000000000;0.6715315439;3.1168009828;0.0000000000
27;438;[0.0000000000,2.4795197020];[0.0000000000,1.8159621950];[0.0000000000,1.8159621950];5.2316067258;[0.0000000000,0.0000000000];0.0000000000;0.6170309112;3.0139227010;0.0000000000
27;439;[0.3294913151,0.0000000000];[0.1507598987,0.0000000000];[0.1507598987,0.0000000000];0.9324669061;[0.0000000000,0.0000000000];0.0000000000;0.5852407599;3.0030312876;0.0000000000
27;440;[-0.0000000000,-17.3028611423];[-0.0000000000,-1.4906238956];[-0.0000000000,-1.4906238956];5.5187913449;[0.0000000000,0.0000000000];0.0000000000;0.2655196588;1.1240574946;0.0000000000
27;441;[-0.0000000000,0.0000000000];[-0.0000000000,0.0000000000];[-0.0000000000,0.0000000000];0.0000000001;[0.0000000000,0.0000000000];0.0000000000;0.2655196588;1.1240574946;0.0000000000
27;442;[-0.0000000000,0.0000000000];[-0.0000000000,0.0000000000];[-0.0000000000,0.0000000000];0.0000000001;[0.0000000000,0.0000000000];0.0000000000;0.2655196588;1.1240574946;0.0000000000
27;443;[-0.0000000000,0.0000000001];[0.0000000000,0.0000000001];[0.0000000000,0.0000000001];0.0000000002;[0.0000000000,0.0000000000];0.0000000000;0.2655196588;1.1240574946;0.0000000000
27;444;[-0.0000000001,0.0000000001];[-0.0000000001,0.0000000000];[-0.0000000001,0.0000000000];0.0000000002;[0.0000000000,0.0000000000];0.0000000000;0.2655196588;1.1240574946;0.0000000000
27;445;[-0.0000000000,0.0000000001];[0.0000000000,0.0000000001];[0.0000000000,0.0000000001];0.0000000001;[0.0000000000,0.0000000000];0.0000000000;0.2655196588;1.1240574946;0.0000000000
27;446;[-0.0000000004,0.0000000001];[-0.0000000000,0.0000000000];[-0.0000000000,0.0000000000];0.0000000001;[0.0000000000,0.0000000000];0.0000000000;0.2655196587;1.1240574946;0.0000000000
28;336;[-0.0000000000,0.0000000000];[0.0000000000,0.0000000000];[0.0000000000,0.0000000000];0.0000000000;[-0.0000000000,-0.0000000000];0.0000000000;0.0000000002;0.0000000002;0.0000000000
28;356;[-0.0000000000,0.0000000000];[-0.0000000000,0.0000000000];[-0.0000000000,0.0000000000];0.0000000001;[-0.0000000000,-0.0000000000];0.0000000000;0.0000000002;0.0000000002;0.0000000000
28;382;[-0.0000000000,0.0000000000];[0.0000000000,0.0000000000];[0.0000000000,0.0000000000];0.0000000000;[-0.0000000000,-0.0000000000];0.0000000000;0.0000000002;0.0000000002;0.0000000000
28;408;[0.0000000000,-0.0000000000];[0.0000000000,0.0000000000];[0.0000000000,0.0000000000];0.0000000000;[-0.0000000000,-0.0000000000];0.0000000000;0.0000000002;0.0000000002;0.0000000000
28;424;[0.0000000000,0.0000000000];[0.0000000000,0.0000000000];[0.0000000000,0.0000000000];0.0000000000;[-0.0000000000,-0.0000000000];0.0000000000;0.0000000002;0.0000000002;0.0000000000
28;435;[0.0000000000,0.0000000000];[0.0000000000,0.0000000000];[0.0000000000,0.0000000000];0.0000000001;[-0.0000000000,-0.0000000000];0.0000000000;0.0000000002;0.0000000002;0.0000000000
28;391;[0.0000000000,0.0000000000];[0.0000000000,0.0000000000];[0.0000000000,0.0000000000];0.0000000000;[-0.0000000000,-0.0000000000];0.0000000000;0.0000000001;0.0000000002;0.0000000000
28;409;[-0.0000000000,-0.0000000000];[-0.0000000000,-0.0000000000];[-0.0000000000,-0.0000000000];0.0000000000;[-0.0000000000,-0.0000000000];0.0000000000;0.0000000001;0.0000000002;0.0000000000
28;332;[0.0000000000,0.0000000000];[0.0000000000,0.0000000000];[0.0000000000,0.0000000000];0.0000000000;[-0.0000000000,-0.0000000000];0.0000000000;0.0000000001;0.0000000002;0.0000000000
28;428;[0.0000000000,0.0000000000];[0.0000000000,0.0000000000];[0.0000000000,0.0000000000];0.0000000001;[-0.0000000000,-0.0000000000];0.0000000000;0.0000000001;0.0000000002;0.0000000000
28;404;[0.0000000001,0.0000000000];[0.0000000000,-0.0000000000];[0.0000000000,-0.0000000000];0.0000000000;[-0.0000000000,-0.0000000000];0.0000000000;0.0000000001;0.0000000002;0.0000000000
28;326;[-0.0000000000,0.0000000000];[0.0000000000,-0.0000000000];[0.0000000000,-0.0000000000];0.0000000001;[-0.0000000000,-0.0000000000];0.0000000000;0.0000000001;0.0000000002;0.0000000000
28;403;[0.0000000000,-0.0000000000];[-0.0000000000,-0.0000000000];[-0.0000000000,-0.0000000000];0.0000000000;[-0.0000000000,-0.0000000000];0.0000000000;0.0000000001;0.0000000002;0.0000000000
28;421;[-0.0000000000,0.0000000000];[-0.0000000000,0.0000000000];[-0.0000000000,0.0000000000];0.0000000001;[-0.0000000000,-0.0000000000];0.0000000000;0.0000000001;0.0000000002;0.0000000000
28;406;[-0.0000000002,0.0000000001];[-0.0000000001,0.0000000001];[-0.0000000001,0.0000000001];0.0000000002;[-0.0000000000,-0.0000000000];0.0000000000;0.0000000001;0.0000000002;0.0000000000
28;298;[-0.0000000003,0.0000000001];[0.0000000000,0.0000000000];[0.0000000000,0.0000000000];0.0000000001;[-0.0000000000,-0.0000000000];0.0000000000;0.0000000001;0.0000000001;0.0000000000
28;442;[-0.0000000000,0.0000000000];[-0.0000000000,0.0000000000];[-0.0000000000,0.0000000000];0.0000000001;[-0.0000000000,-0.0000000000];0.0000000000;0.0000000001;0.0000000001;0.0000000000
28;300;[0.0000000000,0.0000000001];[-0.0000000001,0.0000000001];[-0.0000000001,0.0000000001];0.0000000002;[-0.0000000000,-0.0000000000];0.0000000000;0.0000000001;0.0000000001;0.0000000000
28;420;[-0.0000000000,0.0000000001];[-0.0000000000,0.0000000001];[-0.0000000000,0.0000000001];0.0000000002;[-0.0000000000,-0.0000000000];0.0000000000;0.0000000001;0.0000000001;0.0000000000
28;353;[-0.0000000000,0.0000000002];[-0.0000000000,0.0000000001];[-0.0000000000,0.0000000001];0.0000000004;[-0.0000000000,-0.0000000000];0.0000000000;0.0000000001;0.0000000001;0.0000000000
28;433;[0.0000000000,0.0000000000];[0.0000000000,0.0000000000];[0.0000000000,0.0000000000];0.0000000001;[-0.0000000000,-0.0000000000];0.0000000000;0.0000000001;0.0000000001;0.0000000000
28;447;[0.0000000000,20.9683197710];[0.0000000000,13.8588804078];[0.0000000000,13.8588804078];17.6395266441;[-0.0000000000,-0.0000000000];0.0000000000;0.0000000001;0.0000000001;0.0000000000
28;448;[0.0000000000,2.4166145259];[0.0000000000,1.5221507880];[0.0000000000,1.5221507880];5.5868746536;[-0.0000000000,-0.0000000000];0.0000000000;0.5690169886;3.1166344021;0.0000000000
28;449;[0.0000000000,9.7892690405];[0.0000000000,5.2496485985];[0.0000000000,5.2496485985];11.5484534026;[-0.0000000000,-0.0000000000];0.0000000000;0.7258250406;3.1893757469;0.0000000000
28;450;[0.0000000000,0.0000000000];[0.0000000000,0.0000000000];[0.0000000000,0.0000000000];0.0000000000;[-0.0000000000,-0.0000000000];0.0000000000;1.0537834759;3.6476961486;0.0000000000
28;451;[0.0000000000,0.0000000000];[0.0000000000,0.0000000000];[0.0000000000,0.0000000000];0.0000000001;[-0.0000000000,-0.0000000000];0.0000000000;1.0227898442;3.5980610644;0.0000000000
28;452;[0.0000000000,0.0000000000];[0.0000000000,0.0000000000];[0.0000000000,0.0000000000];0.0000000000;[-0.0000000000,-0.0000000000];0.0000000000;0.9935672772;3.5503790015;0.0000000000
28;453;[0.0000000000,0.0000000000];[0.0000000000,0.0000000000];[0.0000000000,0.0000000000];0.0000000001;[-0.0000000000,-0.0000000000];0.0000000000;0.9659681862;3.5045266018;0.0000000000
28;454;[0.0000000000,0.0000000000];[0.0000000000,0.0000000000];[0.0000000000,0.0000000000];0.0000000000;[-0.0000000000,-0.0000000000];0.0000000000;0.9398609379;3.4603909991;0.0000000000
28;455;[-32.3893344911,0.0000000000];[-25.8130632077,0.0000000000];[-25.8130632077,0.0000000000];20.1990725969;[-0.0000000000,-0.0000000000];0.0000000000;0.9151277554;3.4178687184;0.0000000000
28;456;[-0.0000000000,-0.0000000000];[-0.0000000000,-0.0000000000];[-0.0000000000,-0.0000000000];0.0000000001;[-0.0000000000,-0.0000000000];0.0000000000;1.4095878795;4.5467508737;0.0000000000
28;457;[-0.0000000000,0.0000000000];[-0.0000000000,0.0000000000];[-0.0000000000,0.0000000000];0.0000000000;[-0.0000000000,-0.0000000000];0.0000000000;1.3743481825;4.4949473337;0.0000000000
28;458;[-0.0000000000,-0.0000000000];[-0.0000000000,-0.0000000000];[-0.0000000000,-0.0000000000];0.0000000000;[-0.0000000000,-0.0000000000];0.0000000000;1.3408274951;4.4448512970;0.0000000000
28;459;[-0.0000000000,0.0000000000];[-0.0000000000,0.0000000000];[-0.0000000000,0.0000000000];0.0000000001;[-0.0000000000,-0.0000000000];0.0000000000;1.3089030310;4.3963725261;0.0000000000
28;460;[-0.0000000001,0.0000000001];[-0.0000000000,0.0000000000];[-0.0000000000,0.0000000000];0.0000000002;[-0.0000000000,-0.0000000000];0.0000000000;1.2784634256;4.3494271822;0.0000000000
28;461;[-0.0000000000,0.0000000000];[-0.0000000000,0.0000000000];[-0.0000000000,0.0000000000];0.0000000001;[-0.0000000000,-0.0000000000];0.0000000000;1.2494074387;4.3039372690;0.0000000000
28;462;[-0.0000000001,0.0000000001];[-0.0000000001,0.0000000001];[-0.0000000001,0.0000000001];0.0000000002;[-0.0000000000,-0.0000000000];0.0000000000;1.2216428289;4.2598301331;0.0000000000
28;463;[0.0000000000,0.0000000000];[0.0000000000,0.0000000000];[0.0000000000,0.0000000000];0.0000000001;[-0.0000000000,-0.0000000000];0.0000000000;1.1950853761;4.2170380132;0.0000000000
28;464;[-0.0000000000,0.0000000001];[-0.0000000000,0.0000000001];[-0.0000000000,0.0000000001];0.0000000004;[-0.0000000000,-0.0000000000];0.0000000000;1.1696580277;4.1754976338;0.0000000000
28;393;[0.0000000000,0.0000000000];[0.0000000000,0.0000000000];[0.0000000000,0.0000000000];0.0000000000;[-0.0000000000,-0.0000000000];0.0000000000;1.1452901521;4.1351498381;0.0000000000
28;407;[0.0000000000,0.0000000000];[0.0000000000,0.0000000000];[0.0000000000,0.0000000000];0.0000000000;[-0.0000000000,-0.0000000000];0.0000000000;1.1452901521;4.1351498381;0.0000000000
28;419;[0.0000000000,0.0000000000];[0.0000000000,0.0000000000];[0.0000000000,0.0000000000];0.0000000000;[-0.0000000000,-0.0000000000];0.0000000000;1.1452901521;4.1351498381;0.0000000000
28;422;[0.0000000000,0.0000000000];[0.0000000000,0.0000000000];[0.0000000000,0.0000000000];0.0000000000;[-0.0000000000,-0.0000000000];0.0000000000;1.1452901521;4.1351498381;0.0000000000
28;338;[-0.0000000000,0.0000000000];[-0.0000000000,0.0000000000];[-0.0000000000,0.0000000000];0.0000000001;[-0.0000000000,-0.0000000000];0.0000000000;1.1452901521;4.1351498381;0.0000000000
28;437;[0.0000000000,0.0000000000];[0.0000000000,0.0000000000];[0.0000000000,0.0000000000];0.0000000001;[-0.0000000000,-0.0000000000];0.0000000000;1.1452901521;4.1351498381;0.0000000000
28;441;[-0.0000000000,0.0000000000];[-0.0000000000,0.0000000000];[-0.0000000000,0.0000000000];0.0000000000;[-0.0000000000,-0.0000000000];0.0000000000;1.1452901521;4.1351498381;0.0000000000
28;446;[-0.0000000000,0.0000000000];[-0.0000000000,0.0000000000];[-0.0000000000,0.0000000000];0.0000000000;[-0.0000000000,-0.0000000000];0.0000000000;1.1452901521;4.1351498381;0.0000000000
28;420;[-0.0000000000,0.0000000001];[-0.0000000000,0.0000000001];[-0.0000000000,0.0000000001];0.0000000002;[-0.0000000000,-0.0000000000];0.0000000000;1.1452901521;4.1351498381;0.0000000000
28;447;[0.0000000000,13.8588804078];[0.0000000000,2.0017878469];[0.0000000000,2.0017878469];4.9311299355;[-0.0000000000,-0.0000000000];0.0000000000;0.8805318873;3.4146814553;0.0000000000
28;448;[0.0000000000,1.5221507880];[0.0000000000,1.2227027280];[0.0000000000,1.2227027280];4.0985249045;[-0.0000000000,-0.0000000000];0.0000000000;0.8495246009;3.3783688135;0.0000000000
28;449;[0.0000000000,5.2496485985];[0.0000000000,5.1195934323];[0.0000000000,5.1195934323];10.6464363038;[-0.0000000000,-0.0000000000];0.0000000000;0.8307325780;3.3208228492;0.0000000000
28;450;[0.0000000000,0.0000000000];[0.0000000000,0.0000000000];[0.0000000000,0.0000000000];0.0000000000;[-0.0000000000,-0.0000000000];0.0000000000;0.8307325780;3.3208228492;0.0000000000
28;451;[0.0000000000,0.0000000000];[0.0000000000,0.0000000000];[0.0000000000,0.0000000000];0.0000000001;[-0.0000000000,-0.0000000000];0.0000000000;0.8307325780;3.3208228492;0.0000000000
28;452;[0.0000000000,0.0000000000];[0.0000000000,0.0000000000];[0.0000000000,0.0000000000];0.0000000000;[-0.0000000000,-0.0000000000];0.0000000000;0.8307325780;3.3208228492;0.0000000000
28;453;[0.0000000000,0.0000000000];[0.0000000000,0.0000000000];[0.0000000000,0.0000000000];0.0000000000;[-0.0000000000,-0.0000000000];0.0000000000;0.8307325780;3.3208228492;0.0000000000
28;454;[0.0000000000,0.0000000000];[0.0000000000,0.0000000000];[0.0000000000,0.0000000000];0.0000000000;[-0.0000000000,-0.0000000000];0.0000000000;0.8307325780;3.3208228492;0.0000000000
28;455;[-25.8130632077,0.0000000000];[-9.2712749427,0.0000000000];[-9.2712749427,0.0000000000];15.7856828557;[-0.0000000000,-0.0000000000];0.0000000000;0.7387869584;2.8041993876;0.0000000000
28;456;[-0.0000000000,-0.0000000000];[-0.0000000000,-0.0000000000];[-0.0000000000,-0.0000000000];0.0000000000;[-0.0000000000,-0.0000000000];0.0000000000;0.7387869584;2.8041993876;0.0000000000
28;457;[-0.0000000000,0.0000000000];[-0.0000000000,0.0000000000];[-0.0000000000,0.0000000000];0.0000000000;[-0.0000000000,-0.0000000000];0.0000000000;0.7387869584;2.8041993876;0.0000000000
28;458;[-0.0000000000,-0.0000000000];[-0.0000000000,0.0000000000];[-0.0000000000,0.0000000000];0.0000000000;[-0.0000000000,-0.0000000000];0.0000000000;0.7387869584;2.8041993876;0.0000000000
28;459;[-0.0000000000,0.0000000000];[-0.0000000000,0.0000000000];[-0.0000000000,0.0000000000];0.0000000001;[-0.0000000000,-0.0000000000];0.0000000000;0.7387869584;2.8041993876;0.0000000000
28;460;[-0.0000000000,0.0000000000];[-0.0000000000,0.0000000000];[-0.0000000000,0.0000000000];0.0000000002;[-0.0000000000,-0.0000000000];0.0000000000;0.7387869584;2.8041993876;0.0000000000
28;461;[-0.0000000000,0.0000000000];[-0.0000000000,0.0000000000];[-0.0000000000,0.0000000000];0.0000000001;[-0.0000000000,-0.0000000000];0.0000000000;0.7387869584;2.8041993876;0.0000000000
28;462;[-0.0000000001,0.0000000001];[-0.0000000001,0.0000000001];[-0.0000000001,0.0000000001];0.0000000002;[-0.0000000000,-0.0000000000];0.0000000000;0.7387869584;2.8041993876;0.0000000000
28;463;[0.0000000000,0.0000000000];[0.0000000000,0.0000000000];[0.0000000000,0.0000000000];0.0000000001;[-0.0000000000,-0.0000000000];0.0000000000;0.7387869584;2.8041993876;0.0000000000
28;464;[-0.0000000000,0.0000000001];[-0.0000000000,0.0000000001];[-0.0000000000,0.0000000001];0.0000000001;[-0.0000000000,-0.0000000000];0.0000000000;0.7387869584;2.8041993876;0.0000000000
29;336;[0.0000000000,0.0000000000];[0.0000000000,0.0000000000];[0.0000000000,0.0000000000];0.0000000000;[-0.0000000000,0.0000000000];0.0000000000;0.0000000001;0.0000000001;0.0000000000
29;382;[0.0000000000,0.0000000000];[0.0000000000,0.0000000000];[0.0000000000,0.0000000000];0.0000000000;[-0.0000000000,0.0000000000];0.0000000000;0.0000000001;0.0000000001;0.0000000000
29;408;[0.0000000000,0.0000000000];[0.0000000000,0.0000000000];[0.0000000000,0.0000000000];0.0000000000;[-0.0000000000,0.0000000000];0.0000000000;0.0000000001;0.0000000001;0.0000000000
29;424;[0.0000000000,0.0000000000];[0.0000000000,0.0000000000];[0.0000000000,0.0000000000];0.0000000000;[-0.0000000000,0.0000000000];0.0000000000;0.0000000001;0.0000000001;0.0000000000
29;406;[-0.0000000001,0.0000000001];[-0.0000000000,0.0000000000];[-0.0000000000,0.0000000000];0.0000000001;[-0.0000000000,0.0000000000];0.0000000000;0.0000000000;0.0000000000;0.0000000000
29;452;[0.0000000000,0.0000000000];[0.0000000000,0.0000000000];[0.0000000000,0.0000000000];0.0000000000;[-0.0000000000,0.0000000000];0.0000000000;0.0000000000;0.0000000000;0.0000000000
29;391;[0.0000000000,0.0000000000];[0.0000000000,0.0000000000];[0.0000000000,0.0000000000];0.0000000000;[-0.0000000000,0.0000000000];0.0000000000;0.0000000000;0.0000000000;0.0000000000
29;409;[-0.0000000000,-0.0000000000];[0.0000000000,0.0000000000];[0.0000000000,0.0000000000];0.0000000000;[-0.0000000000,0.0000000000];0.0000000000;0.0000000000;0.0000000000;0.0000000000
29;332;[0.0000000000,0.0000000000];[0.0000000000,0.0000000000];[0.0000000000,0.0000000000];0.0000000000;[-0.0000000000,0.0000000000];0.0000000000;0.0000000000;0.0000000000;0.0000000000
29;456;[-0.0000000000,-0.0000000000];[-0.0000000000,-0.0000000000];[-0.0000000000,-0.0000000000];0.0000000000;[-0.0000000000,0.0000000000];0.0000000000;0.0000000000;0.0000000000;0.0000000000
29;457;[-0.0000000000,0.0000000000];[-0.0000000000,0.0000000000];[-0.0000000000,0.0000000000];0.0000000000;[-0.0000000000,0.0000000000];0.0000000000;0.0000000000;0.0000000000;0.0000000000
29;404;[0.0000000000,-0.0000000000];[-0.0000000000,0.0000000000];[-0.0000000000,0.0000000000];0.0000000000;[-0.0000000000,0.0000000000];0.0000000000;0.0000000000;0.0000000000;0.0000000000
29;326;[0.0000000000,-0.0000000000];[0.0000000000,-0.0000000000];[0.0000000000,-0.0000000000];0.0000000000;[-0.0000000000,0.0000000000];0.0000000000;0.0000000000;0.0000000000;0.0000000000
29;403;[-0.0000000000,-0.0000000000];[-0.0000000000,-0.0000000000];[-0.0000000000,-0.0000000000];0.0000000000;[-0.0000000000,0.0000000000];0.0000000000;0.0000000000;0.0000000000;0.0000000000
29;435;[0.0000000000,0.0000000000];[0.0000000000,0.0000000000];[0.0000000000,0.0000000000];0.0000000001;[-0.0000000000,0.0000000000];0.0000000000;0.0000000000;0.0000000000;0.0000000000
29;298;[0.0000000000,0.0000000000];[-0.0000000000,0.0000000000];[-0.0000000000,0.0000000000];0.0000000000;[-0.0000000000,0.0000000000];0.0000000000;0.0000000000;0.0000000000;0.0000000000
29;442;[-0.0000000000,0.0000000000];[-0.0000000000,0.0000000000];[-0.0000000000,0.0000000000];0.0000000000;[-0.0000000000,0.0000000000];0.0000000000;0.0000000000;0.0000000000;0.0000000000
29;300;[-0.0000000001,0.0000000001];[-0.0000000000,0.0000000000];[-0.0000000000,0.0000000000];0.0000000001;[-0.0000000000,0.0000000000];0.0000000000;0.0000000000;0.0000000000;0.0000000000
29;458;[-0.0000000000,0.0000000000];[-0.0000000000,0.0000000000];[-0.0000000000,0.0000000000];0.0000000000;[-0.0000000000,0.0000000000];0.0000000000;0.0000000000;0.0000000000;0.0000000000
29;421;[-0.0000000000,0.0000000000];[-0.0000000000,0.0000000000];[-0.0000000000,0.0000000000];0.0000000001;[-0.0000000000,0.0000000000];0.0000000000;0.0000000000;0.0000000000;0.0000000000
29;450;[0.0000000000,0.0000000000];[0.0000000000,0.0000000000];[0.0000000000,0.0000000000];0.0000000000;[-0.0000000000,0.0000000000];0.0000000000;0.0000000000;0.0000000000;0.0000000000
29;433;[0.0000000000,0.0000000000];[0.0000000000,0.0000000000];[0.0000000000,0.0000000000];0.0000000001;[-0.0000000000,0.0000000000];0.0000000000;0.0000000000;0.0000000000;0.0000000000
29;465;[0.0000000000,0.0000000000];[0.0000000000,0.0000000000];[0.0000000000,0.0000000000];0.0000000000;[-0.0000000000,0.0000000000];0.0000000000;0.0000000000;0.0000000000;0.0000000000
29;466;[24.2003590803,0.0000000000];[15.8018966375,0.0000000000];[15.8018966375,0.0000000000];18.6427419881;[-0.0000000000,0.0000000000];0.0000000000;0.0000000000;0.0000000000;0.0000000000
29;467;[0.0000000000,0.0000000000];[0.0000000000,0.0000000000];[0.0000000000,0.0000000000];0.0000000000;[-0.0000000000,0.0000000000];0.0000000000;0.5825856872;3.2436998271;0.0000000000
29;468;[0.0000000000,0.0000000000];[0.0000000000,0.0000000000];[0.0000000000,0.0000000000];0.0000000000;[-0.0000000000,0.0000000000];0.0000000000;0.5649315754;3.1957355829;0.0000000000
29;469;[-0.0000000000,-9.5288651524];[0.0000000000,-8.9042392901];[0.0000000000,-8.9042392901];14.5511677670;[-0.0000000000,0.0000000000];0.0000000000;0.5483159409;3.1498352722;0.0000000000
29;470;[-25.3318143095,0.0000000000];[-19.9848491637,0.0000000000];[-19.9848491637,0.0000000000];18.8214962766;[-0.0000000000,0.0000000000];0.0000000000;0.9483974216;3.8833243998;0.0000000000
29;471;[-0.0000000000,-0.0000000000];[-0.0000000000,-0.0000000000];[-0.0000000000,-0.0000000000];0.0000000000;[-0.0000000000,0.0000000000];0.0000000000;1.4448723898;4.8258027838;0.0000000000
29;472;[-0.0000000000,0.0000000000];[-0.0000000000,0.0000000000];[-0.0000000000,0.0000000000];0.0000000000;[-0.0000000000,0.0000000000];0.0000000000;1.4058217847;4.7659054991;0.0000000000
29;473;[0.0000000000,0.0000000000];[0.0000000000,0.0000000000];[0.0000000000,0.0000000000];0.0000000000;[-0.0000000000,0.0000000000];0.0000000000;1.3688264745;4.7081591258;0.0000000000
29;474;[2.5781959552,0.0000000000];[2.5598436721,0.0000000000];[2.5598436721,0.0000000000];7.7573166835;[-0.0000000000,0.0000000000];0.0000000000;1.3337283598;4.6524397022;0.0000000000
29;475;[0.0000000000,-0.0000000000];[0.0000000000,-0.0000000000];[0.0000000000,-0.0000000000];0.0000000000;[-0.0000000000,0.0000000000];0.0000000000;1.4943180679;4.7021099969;0.0000000000
29;476;[0.0000000000,0.0000000000];[0.0000000000,-0.0000000000];[0.0000000000,-0.0000000000];0.0000000000;[-0.0000000000,0.0000000000];0.0000000000;1.4578712858;4.6501299754;0.0000000000
29;477;[-0.0000000000,0.0000000000];[-0.0000000000,0.0000000000];[-0.0000000000,0.0000000000];0.0000000001;[-0.0000000000,0.0000000000];0.0000000000;1.4231600647;4.5998106703;0.0000000000
29;478;[-0.0000000000,0.0000000000];[-0.0000000000,0.0000000000];[-0.0000000000,0.0000000000];0.0000000001;[-0.0000000000,0.0000000000];0.0000000000;1.3900633190;4.5510671560;0.0000000000
29;479;[-27.5243021437,0.0000000000];[-0.8612000773,0.0000000000];[-0.8612000773,0.0000000000];2.7374799054;[-0.0000000000,0.0000000000];0.0000000000;1.3584709708;4.5038203172;0.0000000000
29;480;[-0.0000000000,9.5202126393];[-0.0000000000,0.9713278749];[-0.0000000000,0.9713278749];2.5888929557;[-0.0000000000,0.0000000000];0.0000000000;1.3891156138;4.4581333767;0.0000000000
29;481;[0.0000000000,0.0000000000];[0.0000000000,0.0000000000];[0.0000000000,0.0000000000];0.0000000001;[-0.0000000000,0.0000000000];0.0000000000;1.4151977300;4.4128790442;0.0000000000
29;482;[-29.4744534972,0.0000000000];[-27.9404596802,0.0000000000];[-27.9404596802,0.0000000000];19.7078331300;[-0.0000000000,0.0000000000];0.0000000000;1.3850871400;4.3704550600;0.0000000000
29;393;[0.0000000000,0.0000000000];[0.0000000000,0.0000000000];[0.0000000000,0.0000000000];0.0000000000;[-0.0000000000,0.0000000000];0.0000000000;1.7668110147;5.0548450980;0.0000000000
29;407;[0.0000000000,0.0000000000];[0.0000000000,0.0000000000];[0.0000000000,0.0000000000];0.0000000000;[-0.0000000000,0.0000000000];0.0000000000;1.7668110147;5.0548450980;0.0000000000
29;419;[0.0000000000,0.0000000000];[0.0000000000,0.0000000000];[0.0000000000,0.0000000000];0.0000000000;[-0.0000000000,0.0000000000];0.0000000000;1.7668110147;5.0548450980;0.0000000000
29;422;[0.0000000000,0.0000000000];[0.0000000000,0.0000000000];[0.0000000000,0.0000000000];0.0000000000;[-0.0000000000,0.0000000000];0.0000000000;1.7668110147;5.0548450980;0.0000000000
29;441;[-0.0000000000,0.0000000000];[-0.0000000000,0.0000000000];[-0.0000000000,0.0000000000];0.0000000000;[-0.0000000000,0.0000000000];0.0000000000;1.7668110147;5.0548450980;0.0000000000
29;446;[-0.0000000000,0.0000000000];[-0.0000000000,0.0000000000];[-0.0000000000,0.0000000000];0.0000000000;[-0.0000000000,0.0000000000];0.0000000000;1.7668110147;5.0548450980;0.0000000000
29;453;[0.0000000000,0.0000000000];[0.0000000000,0.0000000000];[0.0000000000,0.0000000000];0.0000000000;[-0.0000000000,0.0000000000];0.0000000000;1.7668110147;5.0548450980;0.0000000000
29;454;[0.0000000000,0.0000000000];[0.0000000000,0.0000000000];[0.0000000000,0.0000000000];0.0000000000;[-0.0000000000,0.0000000000];0.0000000000;1.7668110147;5.0548450980;0.0000000000
29;465;[0.0000000000,0.0000000000];[0.0000000000,0.0000000000];[0.0000000000,0.0000000000];0.0000000000;[-0.0000000000,0.0000000000];0.0000000000;1.7668110147;5.0548450980;0.0000000000
29;466;[15.8018966375,0.0000000000];[2.2134352035,0.0000000000];[2.2134352035,0.0000000000];6.2461222959;[-0.0000000000,0.0000000000];0.0000000000;1.5085481045;4.4687237798;0.0000000000
29;467;[0.0000000000,0.0000000000];[0.0000000000,0.0000000000];[0.0000000000,0.0000000000];0.0000000000;[-0.0000000000,0.0000000000];0.0000000000;1.5085481045;4.4687237798;0.0000000000
29;468;[0.0000000000,0.0000000000];[0.0000000000,0.0000000000];[0.0000000000,0.0000000000];0.0000000000;[-0.0000000000,0.0000000000];0.0000000000;1.5085481045;4.4687237798;0.0000000000
29;469;[0.0000000000,-8.9042392901];[0.0000000000,-1.1971455787];[0.0000000000,-1.1971455787];3.8925748263;[-0.0000000000,0.0000000000];0.0000000000;1.2864940849;4.0613588113;0.0000000000
29;470;[-19.9848491637,0.0000000000];[-6.0073084323,0.0000000000];[-6.0073084323,0.0000000000];11.4493862295;[-0.0000000000,0.0000000000];0.0000000000;1.1329084589;3.4952894601;0.0000000000
29;471;[-0.0000000000,-0.0000000000];[0.0000000000,0.0000000000];[0.0000000000,0.0000000000];0.0000000000;[-0.0000000000,0.0000000000];0.0000000000;1.1329084589;3.4952894601;0.0000000000
29;472;[-0.0000000000,0.0000000000];[-0.0000000000,0.0000000000];[-0.0000000000,0.0000000000];0.0000000000;[-0.0000000000,0.0000000000];0.0000000000;1.1329084589;3.4952894601;0.0000000000
29;473;[0.0000000000,0.0000000000];[0.0000000000,0.0000000000];[0.0000000000,0.0000000000];0.0000000000;[-0.0000000000,0.0000000000];0.0000000000;1.1329084589;3.4952894601;0.0000000000
29;474;[2.5598436721,0.0000000000];[2.0563756627,0.0000000000];[2.0563756627,0.0000000000];5.1300092360;[-0.0000000000,0.0000000000];0.0000000000;1.0781728871;3.4106712034;0.0000000000
29;475;[0.0000000000,-0.0000000000];[0.0000000000,-0.0000000000];[0.0000000000,-0.0000000000];0.0000000000;[-0.0000000000,0.0000000000];0.0000000000;1.0781728871;3.4106712034;0.0000000000
29;476;[0.0000000000,-0.0000000000];[0.0000000000,-0.0000000000];[0.0000000000,-0.0000000000];0.0000000000;[-0.0000000000,0.0000000000];0.0000000000;1.0781728871;3.4106712034;0.0000000000
29;477;[-0.0000000000,0.0000000000];[-0.0000000000,0.0000000000];[-0.0000000000,0.0000000000];0.0000000001;[-0.0000000000,0.0000000000];0.0000000000;1.0781728871;3.4106712034;0.0000000000
29;478;[-0.0000000000,0.0000000000];[-0.0000000000,0.0000000000];[-0.0000000000,0.0000000000];0.0000000001;[-0.0000000000,0.0000000000];0.0000000000;1.0781728871;3.4106712034;0.0000000000
29;479;[-0.8612000773,0.0000000000];[-0.8612000773,0.0000000000];[-0.8612000773,0.0000000000];2.7374799054;[-0.0000000000,0.0000000000];0.0000000000;1.0781728871;3.4106712034;0.0000000000
29;480;[-0.0000000000,0.9713278749];[-0.0000000000,0.9713278749];[-0.0000000000,0.9713278749];2.5888929557;[-0.0000000000,0.0000000000];0.0000000000;1.0781728871;3.4106712034;0.0000000000
29;481;[0.0000000000,0.0000000000];[0.0000000000,0.0000000000];[0.0000000000,0.0000000000];0.0000000000;[-0.0000000000,0.0000000000];0.0000000000;1.0781728871;3.4106712034;0.0000000000
29;482;[-27.9404596802,0.0000000000];[-8.2707251079,0.0000000000];[-8.2707251079,0.0000000000];14.9637371192;[-0.0000000000,0.0000000000];0.0000000000;0.9793375535;2.8998718210;0.0000000000
30;336;[0.0000000000,0.0000000000];[0.0000000000,0.0000000000];[0.0000000000,0.0000000000];0.0000000000;[-0.0000000000,0.0000000000];0.0000000000;0.0000000000;0.0000000000;0.0000000000
30;382;[0.0000000000,0.0000000000];[0.0000000000,0.0000000000];[0.0000000000,0.0000000000];0.0000000000;[-0.0000000000,0.0000000000];0.0000000000;0.0000000000;0.0000000000;0.0000000000
30;408;[0.0000000000,0.0000000000];[0.0000000000,0.0000000000];[0.0000000000,0.0000000000];0.0000000000;[-0.0000000000,0.0000000000];0.0000000000;0.0000000000;0.0000000000;0.0000000000
30;424;[0.0000000000,0.0000000000];[0.0000000000,0.0000000000];[0.0000000000,0.0000000000];0.0000000000;[-0.0000000000,0.0000000000];0.0000000000;0.0000000000;0.0000000000;0.0000000000
30;471;[0.0000000000,0.0000000000];[0.0000000000,0.0000000000];[0.0000000000,0.0000000000];0.0000000000;[-0.0000000000,0.0000000000];0.0000000000;0.0000000000;0.0000000000;0.0000000000
30;452;[0.0000000000,0.0000000000];[0.0000000000,0.0000000000];[0.0000000000,0.0000000000];0.0000000000;[-0.0000000000,0.0000000000];0.0000000000;0.0000000000;0.0000000000;0.0000000000
30;409;[0.0000000000,0.0000000000];[-0.0000000000,0.0000000000];[-0.0000000000,0.0000000000];0.0000000000;[-0.0000000000,0.0000000000];0.0000000000;0.0000000000;0.0000000000;0.0000000000
30;456;[-0.0000000000,-0.0000000000];[-0.0000000000,0.0000000000];[-0.0000000000,0.0000000000];0.0000000000;[-0.0000000000,0.0000000000];0.0000000000;0.0000000000;0.0000000000;0.0000000000
30;473;[0.0000000000,0.0000000000];[0.0000000000,0.0000000000];[0.0000000000,0.0000000000];0.0000000000;[-0.0000000000,0.0000000000];0.0000000000;0.0000000000;0.0000000000;0.0000000000
30;404;[-0.0000000000,0.0000000000];[0.0000000000,-0.0000000000];[0.0000000000,-0.0000000000];0.0000000000;[-0.0000000000,0.0000000000];0.0000000000;0.0000000000;0.0000000000;0.0000000000
30;326;[0.0000000000,-0.0000000000];[0.0000000000,-0.0000000000];[0.0000000000,-0.0000000000];0.0000000000;[-0.0000000000,0.0000000000];0.0000000000;0.0000000000;0.0000000000;0.0000000000
30;403;[-0.0000000000,-0.0000000000];[-0.0000000000,-0.0000000000];[-0.0000000000,-0.0000000000];0.0000000000;[-0.0000000000,0.0000000000];0.0000000000;0.0000000000;0.0000000000;0.0000000000
30;419;[0.0000000000,0.0000000000];[0.0000000000,-0.0000000000];[0.0000000000,-0.0000000000];0.0000000000;[-0.0000000000,0.0000000000];0.0000000000;0.0000000000;0.0000000000;0.0000000000
30;476;[0.0000000000,-0.0000000000];[0.0000000000,-0.0000000000];[0.0000000000,-0.0000000000];0.0000000000;[-0.0000000000,0.0000000000];0.0000000000;0.0000000000;0.0000000000;0.0000000000
30;472;[-0.0000000000,0.0000000000];[-0.0000000000,0.0000000000];[-0.0000000000,0.0000000000];0.0000000000;[-0.0000000000,0.0000000000];0.0000000000;0.0000000000;0.0000000000;0.0000000000
30;298;[-0.0000000000,0.0000000000];[-0.0000000000,0.0000000000];[-0.0000000000,0.0000000000];0.0000000000;[-0.0000000000,0.0000000000];0.0000000000;0.0000000000;0.0000000000;0.0000000000
30;442;[-0.0000000000,0.0000000000];[-0.0000000000,0.0000000000];[-0.0000000000,0.0000000000];0.0000000000;[-0.0000000000,0.0000000000];0.0000000000;0.0000000000;0.0000000000;0.0000000000
30;300;[-0.0000000000,0.0000000000];[0.0000000000,-0.0000000000];[0.0000000000,-0.0000000000];0.0000000000;[-0.0000000000,0.0000000000];0.0000000000;0.0000000000;0.0000000000;0.0000000000
30;458;[-0.0000000000,0.0000000000];[-0.0000000000,0.0000000000];[-0.0000000000,0.0000000000];0.0000000000;[-0.0000000000,0.0000000000];0.0000000000;0.0000000000;0.0000000000;0.0000000000
30;465;[0.0000000000,0.0000000000];[0.0000000000,0.0000000000];[0.0000000000,0.0000000000];0.0000000000;[-0.0000000000,0.0000000000];0.0000000000;0.0000000000;0.0000000000;0.0000000000
30;450;[0.0000000000,0.0000000000];[0.0000000000,0.0000000000];[0.0000000000,0.0000000000];0.0000000000;[-0.0000000000,0.0000000000];0.0000000000;0.0000000000;0.0000000000;0.0000000000
30;457;[-0.0000000000,0.0000000000];[-0.0000000000,0.0000000000];[-0.0000000000,0.0000000000];0.0000000000;[-0.0000000000,0.0000000000];0.0000000000;0.0000000000;0.0000000000;0.0000000000
30;483;[0.0000000000,-31.7190412032];[0.0000000000,-24.3016954911];[0.0000000000,-24.3016954911];20.6693608089;[-0.0000000000,0.0000000000];0.0000000000;0.0000000000;0.0000000000;0.0000000000
30;484;[0.0000000000,0.0000000000];[0.0000000000,0.0000000000];[0.0000000000,0.0000000000];0.0000000000;[-0.0000000000,0.0000000000];0.0000000000;0.6667535745;3.6519597304;0.0000000000
30;485;[0.0000000000,0.0000000000];[0.0000000000,0.0000000000];[0.0000000000,0.0000000000];0.0000000000;[-0.0000000000,0.0000000000];0.0000000000;0.6459175253;3.5963165786;0.0000000000
30;486;[0.0000000000,0.0000000000];[0.0000000000,0.0000000000];[0.0000000000,0.0000000000];0.0000000000;[-0.0000000000,0.0000000000];0.0000000000;0.6263442669;3.5431382281;0.0000000000
30;487;[0.0000000000,0.0000000000];[0.0000000000,0.0000000000];[0.0000000000,0.0000000000];0.0000000000;[-0.0000000000,0.0000000000];0.0000000000;0.6079223767;3.4922481774;0.0000000000
30;488;[-0.0000000000,0.0000000000];[-0.0000000000,0.0000000000];[-0.0000000000,0.0000000000];0.0000000000;[-0.0000000000,0.0000000000];0.0000000000;0.5905531660;3.4434871021;0.0000000000
30;489;[-0.0000000000,0.0000000000];[0.0000000000,-0.0000000000];[0.0000000000,-0.0000000000];0.0000000000;[-0.0000000000,0.0000000000];0.0000000000;0.5741489114;3.3967107670;0.0000000000
30;490;[0.0000000000,-0.0000000000];[0.0000000000,-0.0000000000];[0.0000000000,-0.0000000000];0.0000000000;[-0.0000000000,0.0000000000];0.0000000000;0.5586313732;3.3517882393;0.0000000000
30;491;[-0.0000000000,0.0000000000];[-0.0000000000,0.0000000000];[-0.0000000000,0.0000000000];0.0000000000;[-0.0000000000,0.0000000000];0.0000000000;0.5439305476;3.3086003540;0.0000000000
30;492;[-0.0000000000,-0.0000000000];[-0.0000000000,-0.0000000000];[-0.0000000000,-0.0000000000];0.0000000000;[-0.0000000000,0.0000000000];0.0000000000;0.5299836105;3.2670383898;0.0000000000
30;493;[0.0000000000,0.0000000000];[0.0000000000,0.0000000000];[0.0000000000,0.0000000000];0.0000000000;[-0.0000000000,0.0000000000];0.0000000000;0.5167340202;3.2270029220;0.0000000000
30;494;[-0.0000000000,0.0000000000];[-0.0000000000,0.0000000000];[-0.0000000000,0.0000000000];0.0000000000;[-0.0000000000,0.0000000000];0.0000000000;0.5041307514;3.1884028261;0.0000000000
30;495;[0.0000000000,0.0000000000];[0.0000000000,0.0000000000];[0.0000000000,0.0000000000];0.0000000000;[-0.0000000000,0.0000000000];0.0000000000;0.4921276383;3.1511544088;0.0000000000
30;496;[-0.0000000000,0.0000000000];[-0.0000000000,0.0000000000];[-0.0000000000,0.0000000000];0.0000000000;[-0.0000000000,0.0000000000];0.0000000000;0.4806828095;3.1151806466;0.0000000000
30;497;[-0.0000000000,0.3083276958];[-0.0000000000,0.2475808290];[-0.0000000000,0.2475808290];1.7451298571;[-0.0000000000,0.0000000000];0.0000000000;0.4697582002;3.0804105191;0.0000000000
30;498;[-0.5059082573,0.0000000000];[-0.5050322891,0.0000000000];[-0.5050322891,0.0000000000];3.0966604593;[-0.0000000000,0.0000000000];0.0000000000;0.4980997926;3.0517874592;0.0000000000
30;393;[0.0000000000,0.0000000000];[-0.0000000000,0.0000000000];[-0.0000000000,0.0000000000];0.0000000000;[-0.0000000000,0.0000000000];0.0000000000;0.5545902419;3.0421282060;0.0000000000
30;407;[0.0000000000,0.0000000000];[0.0000000000,0.0000000000];[0.0000000000,0.0000000000];0.0000000000;[-0.0000000000,0.0000000000];0.0000000000;0.5545902419;3.0421282060;0.0000000000
30;422;[0.0000000000,0.0000000000];[0.0000000000,0.0000000000];[0.0000000000,0.0000000000];0.0000000000;[-0.0000000000,0.0000000000];0.0000000000;0.5545902419;3.0421282060;0.0000000000
30;446;[-0.0000000000,0.0000000000];[-0.0000000000,0.0000000000];[-0.0000000000,0.0000000000];0.0000000000;[-0.0000000000,0.0000000000];0.0000000000;0.5545902419;3.0421282060;0.0000000000
30;454;[0.0000000000,0.0000000000];[0.0000000000,0.0000000000];[0.0000000000,0.0000000000];0.0000000000;[-0.0000000000,0.0000000000];0.0000000000;0.5545902419;3.0421282060;0.0000000000
30;467;[0.0000000000,0.0000000000];[0.0000000000,0.0000000000];[0.0000000000,0.0000000000];0.0000000000;[-0.0000000000,0.0000000000];0.0000000000;0.5545902419;3.0421282060;0.0000000000
30;468;[0.0000000000,0.0000000000];[-0.0000000000,0.0000000000];[-0.0000000000,0.0000000000];0.0000000000;[-0.0000000000,0.0000000000];0.0000000000;0.5545902419;3.0421282060;0.0000000000
30;475;[0.0000000000,-0.0000000000];[-0.0000000000,-0.0000000000];[-0.0000000000,-0.0000000000];0.0000000000;[-0.0000000000,0.0000000000];0.0000000000;0.5545902419;3.0421282060;0.0000000000
30;483;[0.0000000000,-24.3016954911];[0.0000000000,-10.3854620972];[0.0000000000,-10.3854620972];16.9819104805;[-0.0000000000,0.0000000000];0.0000000000;0.4744282782;2.5137287694;0.0000000000
30;484;[0.0000000000,0.0000000000];[0.0000000000,0.0000000000];[0.0000000000,0.0000000000];0.0000000000;[-0.0000000000,0.0000000000];0.0000000000;0.4744282782;2.5137287694;0.0000000000
30;485;[0.0000000000,0.0000000000];[0.0000000000,0.0000000000];[0.0000000000,0.0000000000];0.0000000000;[-0.0000000000,0.0000000000];0.0000000000;0.4744282782;2.5137287694;0.0000000000
30;486;[0.0000000000,0.0000000000];[-0.0000000000,0.0000000000];[-0.0000000000,0.0000000000];0.0000000000;[-0.0000000000,0.0000000000];0.0000000000;0.4744282782;2.5137287694;0.0000000000
30;487;[0.0000000000,0.0000000000];[-0.0000000000,0.0000000000];[-0.0000000000,0.0000000000];0.0000000000;[-0.0000000000,0.0000000000];0.0000000000;0.4744282782;2.5137287694;0.0000000000
30;488;[-0.0000000000,0.0000000000];[-0.0000000000,0.0000000000];[-0.0000000000,0.0000000000];0.0000000000;[-0.0000000000,0.0000000000];0.0000000000;0.4744282782;2.5137287694;0.0000000000
30;489;[0.0000000000,-0.0000000000];[0.0000000000,-0.0000000000];[0.0000000000,-0.0000000000];0.0000000000;[-0.0000000000,0.0000000000];0.0000000000;0.4744282782;2.5137287694;0.0000000000
30;490;[0.0000000000,-0.0000000000];[0.0000000000,-0.0000000000];[0.0000000000,-0.0000000000];0.0000000000;[-0.0000000000,0.0000000000];0.0000000000;0.4744282782;2.5137287694;0.0000000000
30;491;[-0.0000000000,0.0000000000];[0.0000000000,0.0000000000];[0.0000000000,0.0000000000];0.0000000000;[-0.0000000000,0.0000000000];0.0000000000;0.4744282782;2.5137287694;0.0000000000
30;492;[-0.0000000000,-0.0000000000];[-0.0000000000,-0.0000000000];[-0.0000000000,-0.0000000000];0.0000000000;[-0.0000000000,0.0000000000];0.0000000000;0.4744282782;2.5137287694;0.0000000000
30;493;[0.0000000000,0.0000000000];[0.0000000000,0.0000000000];[0.0000000000,0.0000000000];0.0000000000;[-0.0000000000,0.0000000000];0.0000000000;0.4744282782;2.5137287694;0.0000000000
30;494;[-0.0000000000,0.0000000000];[0.0000000000,0.0000000000];[0.0000000000,0.0000000000];0.0000000000;[-0.0000000000,0.0000000000];0.0000000000;0.4744282782;2.5137287694;0.0000000000
30;495;[0.0000000000,0.0000000000];[0.0000000000,0.0000000000];[0.0000000000,0.0000000000];0.0000000000;[-0.0000000000,0.0000000000];0.0000000000;0.4744282782;2.5137287694;0.0000000000
30;496;[-0.0000000000,0.0000000000];[-0.0000000000,0.0000000000];[-0.0000000000,0.0000000000];0.0000000000;[-0.0000000000,0.0000000000];0.0000000000;0.4744282782;2.5137287694;0.0000000000
30;497;[-0.0000000000,0.2475808290];[0.0000000000,0.1540609988];[0.0000000000,0.1540609988];0.9602498131;[-0.0000000000,0.0000000000];0.0000000000;0.4573656686;2.5077022002;0.0000000000
30;498;[-0.5050322891,0.0000000000];[-0.5050322891,0.0000000000];[-0.5050322891,0.0000000000];3.0966604593;[-0.0000000000,0.0000000000];0.0000000000;0.4573656686;2.5077022002;0.0000000000
31;336;[0.0000000000,0.0000000000];[0.0000000000,0.0000000000];[0.0000000000,0.0000000000];0.0000000000;[-0.0000000000,0.0000000000];0.0000000000;0.0000000000;0.0000000000;0.0000000000
31;382;[0.0000000000,0.0000000000];[0.0000000000,0.0000000000];[0.0000000000,0.0000000000];0.0000000000;[-0.0000000000,0.0000000000];0.0000000000;0.0000000000;0.0000000000;0.0000000000
31;408;[0.0000000000,0.0000000000];[0.0000000000,0.0000000000];[0.0000000000,0.0000000000];0.0000000000;[-0.0000000000,0.0000000000];0.0000000000;0.0000000000;0.0000000000;0.0000000000
31;424;[0.0000000000,0.0000000000];[0.0000000000,0.0000000000];[0.0000000000,0.0000000000];0.0000000000;[-0.0000000000,0.0000000000];0.0000000000;0.0000000000;0.0000000000;0.0000000000
31;471;[0.0000000000,0.0000000000];[0.0000000000,0.0000000000];[0.0000000000,0.0000000000];0.0000000000;[-0.0000000000,0.0000000000];0.0000000000;0.0000000000;0.0000000000;0.0000000000
31;488;[-0.0000000000,0.0000000000];[-0.0000000000,0.0000000000];[-0.0000000000,0.0000000000];0.0000000000;[-0.0000000000,0.0000000000];0.0000000000;0.0000000000;0.0000000000;0.0000000000
31;456;[-0.0000000000,0.0000000000];[-0.0000000000,0.0000000000];[-0.0000000000,0.0000000000];0.0000000000;[-0.0000000000,0.0000000000];0.0000000000;0.0000000000;0.0000000000;0.0000000000
31;489;[0.0000000000,-0.0000000000];[0.0000000000,-0.0000000000];[0.0000000000,-0.0000000000];0.0000000000;[-0.0000000000,0.0000000000];0.0000000000;0.0000000000;0.0000000000;0.0000000000
31;404;[0.0000000000,-0.0000000000];[0.0000000000,0.0000000000];[0.0000000000,0.0000000000];0.0000000000;[-0.0000000000,0.0000000000];0.0000000000;0.0000000000;0.0000000000;0.0000000000
31;326;[0.0000000000,-0.0000000000];[0.0000000000,-0.0000000000];[0.0000000000,-0.0000000000];0.0000000000;[-0.0000000000,0.0000000000];0.0000000000;0.0000000000;0.0000000000;0.0000000000
31;403;[-0.0000000000,-0.0000000000];[-0.0000000000,-0.0000000000];[-0.0000000000,-0.0000000000];0.0000000000;[-0.0000000000,0.0000000000];0.0000000000;0.0000000000;0.0000000000;0.0000000000
31;491;[0.0000000000,0.0000000000];[0.0000000000,0.0000000000];[0.0000000000,0.0000000000];0.0000000000;[-0.0000000000,0.0000000000];0.0000000000;0.0000000000;0.0000000000;0.0000000000
31;298;[-0.0000000000,0.0000000000];[-0.0000000000,0.0000000000];[-0.0000000000,0.0000000000];0.0000000000;[-0.0000000000,0.0000000000];0.0000000000;0.0000000000;0.0000000000;0.0000000000
31;442;[-0.0000000000,0.0000000000];[0.0000000000,0.0000000000];[0.0000000000,0.0000000000];0.0000000000;[-0.0000000000,0.0000000000];0.0000000000;0.0000000000;0.0000000000;0.0000000000
31;458;[-0.0000000000,0.0000000000];[-0.0000000000,0.0000000000];[-0.0000000000,0.0000000000];0.0000000000;[-0.0000000000,0.0000000000];0.0000000000;0.0000000000;0.0000000000;0.0000000000
31;490;[0.0000000000,-0.0000000000];[-0.0000000000,0.0000000000];[-0.0000000000,0.0000000000];0.0000000000;[-0.0000000000,0.0000000000];0.0000000000;0.0000000000;0.0000000000;0.0000000000
31;465;[0.0000000000,0.0000000000];[0.0000000000,0.0000000000];[0.0000000000,0.0000000000];0.0000000000;[-0.0000000000,0.0000000000];0.0000000000;0.0000000000;0.0000000000;0.0000000000
31;450;[0.0000000000,0.0000000000];[0.0000000000,0.0000000000];[0.0000000000,0.0000000000];0.0000000000;[-0.0000000000,0.0000000000];0.0000000000;0.0000000000;0.0000000000;0.0000000000
31;492;[-0.0000000000,-0.0000000000];[-0.0000000000,-0.0000000000];[-0.0000000000,-0.0000000000];0.0000000000;[-0.0000000000,0.0000000000];0.0000000000;0.0000000000;0.0000000000;0.0000000000
31;499;[-0.0000000000,0.0000000000];[-0.0000000000,0.0000000000];[-0.0000000000,0.0000000000];0.0000000000;[-0.0000000000,0.0000000000];0.0000000000;0.0000000000;0.0000000000;0.0000000000
31;500;[0.0000000000,0.0000000000];[-0.0000000000,0.0000000000];[-0.0000000000,0.0000000000];0.0000000000;[-0.0000000000,0.0000000000];0.0000000000;0.0000000000;0.0000000000;0.0000000000
31;501;[0.0000000000,0.0000000000];[0.0000000000,0.0000000000];[0.0000000000,0.0000000000];0.0000000000;[-0.0000000000,0.0000000000];0.0000000000;0.0000000000;0.0000000000;0.0000000000
31;502;[-0.0000000000,0.0000000000];[-0.0000000000,0.0000000000];[-0.0000000000,0.0000000000];0.0000000000;[-0.0000000000,0.0000000000];0.0000000000;0.0000000000;0.0000000000;0.0000000000
31;503;[0.0000000000,-0.0000000000];[0.0000000000,-0.0000000000];[0.0000000000,-0.0000000000];0.0000000000;[-0.0000000000,0.0000000000];0.0000000000;0.0000000000;0.0000000000;0.0000000000
31;504;[-0.0000000000,0.0000000000];[-0.0000000000,-0.0000000000];[-0.0000000000,-0.0000000000];0.0000000000;[-0.0000000000,0.0000000000];0.0000000000;0.0000000000;0.0000000000;0.0000000000
31;505;[0.0000000000,0.0000000000];[0.0000000000,0.0000000000];[0.0000000000,0.0000000000];0.0000000000;[-0.0000000000,0.0000000000];0.0000000000;0.0000000000;0.0000000000;0.0000000000
31;506;[0.0000000000,-0.0000000000];[0.0000000000,-0.0000000000];[0.0000000000,-0.0000000000];0.0000000000;[-0.0000000000,0.0000000000];0.0000000000;0.0000000000;0.0000000000;0.0000000000
31;507;[0.0000000000,0.0000000000];[0.0000000000,0.0000000000];[0.0000000000,0.0000000000];0.0000000000;[-0.0000000000,0.0000000000];0.0000000000;0.0000000000;0.0000000000;0.0000000000
31;508;[0.0000000000,0.0000000000];[0.0000000000,0.0000000000];[0.0000000000,0.0000000000];0.0000000000;[-0.0000000000,0.0000000000];0.0000000000;0.0000000000;0.0000000000;0.0000000000
31;509;[-23.6383137573,0.0000000000];[-12.8712772405,0.0000000000];[-12.8712772405,0.0000000000];17.1502384793;[-0.0000000000,0.0000000000];0.0000000000;0.0000000000;0.0000000000;0.0000000000
31;510;[-0.0000000000,0.0000000000];[-0.0000000000,0.0000000000];[-0.0000000000,0.0000000000];0.0000000000;[-0.0000000000,0.0000000000];0.0000000000;0.4182984995;2.6455520005;0.0000000000
31;511;[0.0000000000,0.0000000000];[0.0000000000,0.0000000000];[0.0000000000,0.0000000000];0.0000000000;[-0.0000000000,0.0000000000];0.0000000000;0.4083390114;2.6146454211;0.0000000000
31;512;[-0.0000000000,0.0000000000];[-0.0000000000,0.0000000000];[-0.0000000000,0.0000000000];0.0000000000;[-0.0000000000,0.0000000000];0.0000000000;0.3988427553;2.5847964767;0.0000000000
31;513;[-0.0000000000,-0.0000000000];[-0.0000000000,-0.0000000000];[-0.0000000000,-0.0000000000];0.0000000000;[-0.0000000000,0.0000000000];0.0000000000;0.3897781473;2.5559462388;0.0000000000
31;514;[-30.2230510324,0.0000000000];[-3.7016598203,-0.0000000000];[-3.7016598203,-0.0000000000];9.4496213696;[-0.0000000000,0.0000000000];0.0000000000;0.3811164107;2.5280402712;0.0000000000
31;393;[-0.0000000000,0.0000000000];[-0.0000000000,0.0000000000];[-0.0000000000,0.0000000000];0.0000000000;[-0.0000000000,0.0000000000];0.0000000000;0.5782578228;2.8285979277;0.0000000000
31;422;[0.0000000000,0.0000000000];[0.0000000000,0.0000000000];[0.0000000000,0.0000000000];0.0000000000;[-0.0000000000,0.0000000000];0.0000000000;0.5782578228;2.8285979277;0.0000000000
31;454;[0.0000000000,0.0000000000];[-0.0000000000,0.0000000000];[-0.0000000000,0.0000000000];0.0000000000;[-0.0000000000,0.0000000000];0.0000000000;0.5782578228;2.8285979277;0.0000000000
31;468;[-0.0000000000,0.0000000000];[-0.0000000000,0.0000000000];[-0.0000000000,0.0000000000];0.0000000000;[-0.0000000000,0.0000000000];0.0000000000;0.5782578228;2.8285979277;0.0000000000
31;475;[-0.0000000000,-0.0000000000];[-0.0000000000,-0.0000000000];[-0.0000000000,-0.0000000000];0.0000000000;[-0.0000000000,0.0000000000];0.0000000000;0.5782578228;2.8285979277;0.0000000000
31;486;[-0.0000000000,0.0000000000];[-0.0000000000,0.0000000000];[-0.0000000000,0.0000000000];0.0000000000;[-0.0000000000,0.0000000000];0.0000000000;0.5782578228;2.8285979277;0.0000000000
31;487;[-0.0000000000,0.0000000000];[-0.0000000000,0.0000000000];[-0.0000000000,0.0000000000];0.0000000000;[-0.0000000000,0.0000000000];0.0000000000;0.5782578228;2.8285979277;0.0000000000
31;495;[0.0000000000,0.0000000000];[0.0000000000,0.0000000000];[0.0000000000,0.0000000000];0.0000000000;[-0.0000000000,0.0000000000];0.0000000000;0.5782578228;2.8285979277;0.0000000000
31;409;[-0.0000000000,0.0000000000];[-0.0000000000,0.0000000000];[-0.0000000000,0.0000000000];0.0000000000;[-0.0000000000,0.0000000000];0.0000000000;0.5782578228;2.8285979277;0.0000000000
31;476;[0.0000000000,-0.0000000000];[0.0000000000,-0.0000000000];[0.0000000000,-0.0000000000];0.0000000000;[-0.0000000000,0.0000000000];0.0000000000;0.5782578228;2.8285979277;0.0000000000
31;465;[0.0000000000,0.0000000000];[0.0000000000,0.0000000000];[0.0000000000,0.0000000000];0.0000000000;[-0.0000000000,0.0000000000];0.0000000000;0.5782578228;2.8285979277;0.0000000000
31;499;[-0.0000000000,0.0000000000];[-0.0000000000,0.0000000000];[-0.0000000000,0.0000000000];0.0000000000;[-0.0000000000,0.0000000000];0.0000000000;0.5782578228;2.8285979277;0.0000000000
31;500;[-0.0000000000,0.0000000000];[-0.0000000000,0.0000000000];[-0.0000000000,0.0000000000];0.0000000000;[-0.0000000000,0.0000000000];0.0000000000;0.5782578228;2.8285979277;0.0000000000
31;501;[0.0000000000,0.0000000000];[0.0000000000,0.0000000000];[0.0000000000,0.0000000000];0.0000000000;[-0.0000000000,0.0000000000];0.0000000000;0.5782578228;2.8285979277;0.0000000000
31;502;[-0.0000000000,0.0000000000];[-0.0000000000,0.0000000000];[-0.0000000000,0.0000000000];0.0000000000;[-0.0000000000,0.0000000000];0.0000000000;0.5782578228;2.8285979277;0.0000000000
31;503;[0.0000000000,-0.0000000000];[-0.0000000000,-0.0000000000];[-0.0000000000,-0.0000000000];0.0000000000;[-0.0000000000,0.0000000000];0.0000000000;0.5782578228;2.8285979277;0.0000000000
31;504;[-0.0000000000,-0.0000000000];[-0.0000000000,0.0000000000];[-0.0000000000,0.0000000000];0.0000000000;[-0.0000000000,0.0000000000];0.0000000000;0.5782578228;2.8285979277;0.0000000000
31;505;[0.0000000000,0.0000000000];[0.0000000000,0.0000000000];[0.0000000000,0.0000000000];0.0000000000;[-0.0000000000,0.0000000000];0.0000000000;0.5782578228;2.8285979277;0.0000000000
31;506;[0.0000000000,-0.0000000000];[0.0000000000,-0.0000000000];[0.0000000000,-0.0000000000];0.0000000000;[-0.0000000000,0.0000000000];0.0000000000;0.5782578228;2.8285979277;0.0000000000
31;507;[0.0000000000,0.0000000000];[-0.0000000000,0.0000000000];[-0.0000000000,0.0000000000];0.0000000000;[-0.0000000000,0.0000000000];0.0000000000;0.5782578228;2.8285979277;0.0000000000
31;508;[0.0000000000,0.0000000000];[0.0000000000,0.0000000000];[0.0000000000,0.0000000000];0.0000000000;[-0.0000000000,0.0000000000];0.0000000000;0.5782578228;2.8285979277;0.0000000000
31;509;[-12.8712772405,0.0000000000];[-7.0018844293,0.0000000000];[-7.0018844293,0.0000000000];12.5701664263;[-0.0000000000,0.0000000000];0.0000000000;0.4786910390;2.2687084667;0.0000000000
31;510;[-0.0000000000,0.0000000000];[-0.0000000000,0.0000000000];[-0.0000000000,0.0000000000];0.0000000000;[-0.0000000000,0.0000000000];0.0000000000;0.4786910390;2.2687084667;0.0000000000
31;511;[0.0000000000,0.0000000000];[0.0000000000,0.0000000000];[0.0000000000,0.0000000000];0.0000000000;[-0.0000000000,0.0000000000];0.0000000000;0.4786910390;2.2687084667;0.0000000000
31;512;[-0.0000000000,0.0000000000];[-0.0000000000,0.0000000000];[-0.0000000000,0.0000000000];0.0000000000;[-0.0000000000,0.0000000000];0.0000000000;0.4786910390;2.2687084667;0.0000000000
31;513;[-0.0000000000,-0.0000000000];[-0.0000000000,-0.0000000000];[-0.0000000000,-0.0000000000];0.0000000000;[-0.0000000000,0.0000000000];0.0000000000;0.4786910390;2.2687084667;0.0000000000
31;514;[-3.7016598203,-0.0000000000];[-3.1259504677,0.0000000000];[-3.1259504677,0.0000000000];7.5212597773;[-0.0000000000,0.0000000000];0.0000000000;0.4367701349;2.1151785704;0.0000000000
32;336;[0.0000000000,0.0000000000];[0.0000000000,0.0000000000];[0.0000000000,0.0000000000];0.0000000000;[0.0000000000,0.0000000000];0.0000000000;0.0000000000;0.0000000000;0.0000000000
32;408;[0.0000000000,0.0000000000];[-0.0000000000,-0.0000000000];[-0.0000000000,-0.0000000000];0.0000000000;[0.0000000000,0.0000000000];0.0000000000;0.0000000000;0.0000000000;0.0000000000
32;424;[0.0000000000,0.0000000000];[0.0000000000,0.0000000000];[0.0000000000,0.0000000000];0.0000000000;[0.0000000000,0.0000000000];0.0000000000;0.0000000000;0.0000000000;0.0000000000
32;471;[0.0000000000,0.0000000000];[0.0000000000,0.0000000000];[0.0000000000,0.0000000000];0.0000000000;[0.0000000000,0.0000000000];0.0000000000;0.0000000000;0.0000000000;0.0000000000
32;501;[0.0000000000,0.0000000000];[0.0000000000,0.0000000000];[0.0000000000,0.0000000000];0.0000000000;[0.0000000000,0.0000000000];0.0000000000;0.0000000000;0.0000000000;0.0000000000
32;488;[-0.0000000000,0.0000000000];[-0.0000000000,0.0000000000];[-0.0000000000,0.0000000000];0.0000000000;[0.0000000000,0.0000000000];0.0000000000;0.0000000000;0.0000000000;0.0000000000
32;503;[-0.0000000000,-0.0000000000];[-0.0000000000,-0.0000000000];[-0.0000000000,-0.0000000000];0.0000000000;[0.0000000000,0.0000000000];0.0000000000;0.0000000000;0.0000000000;0.0000000000
32;326;[0.0000000000,-0.0000000000];[0.0000000000,0.0000000000];[0.0000000000,0.0000000000];0.0000000000;[0.0000000000,0.0000000000];0.0000000000;0.0000000000;0.0000000000;0.0000000000
32;487;[-0.0000000000,0.0000000000];[-0.0000000000,0.0000000000];[-0.0000000000,0.0000000000];0.0000000000;[0.0000000000,0.0000000000];0.0000000000;0.0000000000;0.0000000000;0.0000000000
32;491;[0.0000000000,0.0000000000];[0.0000000000,0.0000000000];[0.0000000000,0.0000000000];0.0000000000;[0.0000000000,0.0000000000];0.0000000000;0.0000000000;0.0000000000;0.0000000000
32;442;[0.0000000000,0.0000000000];[0.0000000000,0.0000000000];[0.0000000000,0.0000000000];0.0000000000;[0.0000000000,0.0000000000];0.0000000000;0.0000000000;0.0000000000;0.0000000000
32;458;[-0.0000000000,0.0000000000];[-0.0000000000,0.0000000000];[-0.0000000000,0.0000000000];0.0000000000;[0.0000000000,0.0000000000];0.0000000000;0.0000000000;0.0000000000;0.0000000000
32;490;[-0.0000000000,0.0000000000];[-0.0000000000,0.0000000000];[-0.0000000000,0.0000000000];0.0000000000;[0.0000000000,0.0000000000];0.0000000000;0.0000000000;0.0000000000;0.0000000000
32;500;[-0.0000000000,0.0000000000];[-0.0000000000,0.0000000000];[-0.0000000000,0.0000000000];0.0000000000;[0.0000000000,0.0000000000];0.0000000000;0.0000000000;0.0000000000;0.0000000000
32;409;[-0.0000000000,0.0000000000];[-0.0000000000,0.0000000000];[-0.0000000000,0.0000000000];0.0000000000;[0.0000000000,0.0000000000];0.0000000000;0.0000000000;0.0000000000;0.0000000000
32;496;[-0.0000000000,0.0000000000];[-0.0000000000,0.0000000000];[-0.0000000000,0.0000000000];0.0000000000;[0.0000000000,0.0000000000];0.0000000000;0.0000000000;0.0000000000;0.0000000000
32;450;[0.0000000000,0.0000000000];[-0.0000000000,0.0000000000];[-0.0000000000,0.0000000000];0.0000000000;[0.0000000000,0.0000000000];0.0000000000;0.0000000000;0.0000000000;0.0000000000
32;512;[-0.0000000000,0.0000000000];[-0.0000000000,0.0000000000];[-0.0000000000,0.0000000000];0.0000000000;[0.0000000000,0.0000000000];0.0000000000;0.0000000000;0.0000000000;0.0000000000
32;515;[-0.0000000000,15.5864505304];[-0.0000000000,11.6569359995];[-0.0000000000,11.6569359995];17.6205877838;[0.0000000000,0.0000000000];0.0000000000;0.0000000000;0.0000000000;0.0000000000
32;516;[0.0000000000,0.0000000000];[0.0000000000,0.0000000000];[0.0000000000,0.0000000000];0.0000000000;[0.0000000000,0.0000000000];0.0000000000;0.5684060575;3.1132881954;0.0000000000
32;517;[-0.0000000000,0.0000000000];[-0.0000000000,0.0000000000];[-0.0000000000,0.0000000000];0.0000000000;[0.0000000000,0.0000000000];0.0000000000;0.5506433682;3.0658525223;0.0000000000
32;518;[0.0000000000,0.0000000000];[0.0000000000,0.0000000000];[0.0000000000,0.0000000000];0.0000000000;[0.0000000000,0.0000000000];0.0000000000;0.5339572056;3.0205180874;0.0000000000
32;519;[-0.0000000000,0.0000000000];[-0.0000000000,0.0000000000];[-0.0000000000,0.0000000000];0.0000000000;[0.0000000000,0.0000000000];0.0000000000;0.5182525819;2.9771344233;0.0000000000
32;520;[-0.0000000000,0.0000000000];[-0.0000000000,0.0000000000];[-0.0000000000,0.0000000000];0.0000000000;[0.0000000000,0.0000000000];0.0000000000;0.5034453653;2.9355657065;0.0000000000
32;521;[-0.0000000000,0.0000000000];[-0.0000000000,0.0000000000];[-0.0000000000,0.0000000000];0.0000000000;[0.0000000000,0.0000000000];0.0000000000;0.4894607718;2.8956889765;0.0000000000
32;522;[0.0000000000,0.0000000000];[0.0000000000,0.0000000000];[0.0000000000,0.0000000000];0.0000000000;[0.0000000000,0.0000000000];0.0000000000;0.4762321023;2.8573926136;0.0000000000
32;523;[27.1780675138,0.0000000000];[16.5446179674,0.0000000000];[16.5446179674,0.0000000000];19.7715596366;[0.0000000000,0.0000000000];0.0000000000;0.4636996785;2.8205750298;0.0000000000
32;524;[-0.0000000000,0.0000000000];[-0.0000000000,0.0000000000];[-0.0000000000,0.0000000000];0.0000000000;[0.0000000000,0.0000000000];0.0000000000;0.9587730108;4.1310242802;0.0000000000
32;525;[32.4894879091,0.0000000000];[17.5966496925,0.0000000000];[17.5966496925,0.0000000000];19.9641507175;[0.0000000000,0.0000000000];0.0000000000;0.9348036855;4.0818052596;0.0000000000
32;526;[-30.8424743953,0.0000000000];[-7.7359005941,0.0000000000];[-7.7359005941,0.0000000000];14.4435629304;[0.0000000000,0.0000000000];0.0000000000;1.3989341009;4.9871281066;0.0000000000
32;393;[-0.0000000000,0.0000000000];[-0.0000000000,0.0000000000];[-0.0000000000,0.0000000000];0.0000000000;[0.0000000000,0.0000000000];0.0000000000;1.7095205016;5.3135948145;0.0000000000
32;422;[0.0000000000,0.0000000000];[0.0000000000,0.0000000000];[0.0000000000,0.0000000000];0.0000000000;[0.0000000000,0.0000000000];0.0000000000;1.7095205016;5.3135948145;0.0000000000
32;454;[-0.0000000000,0.0000000000];[-0.0000000000,0.0000000000];[-0.0000000000,0.0000000000];0.0000000000;[0.0000000000,0.0000000000];0.0000000000;1.7095205016;5.3135948145;0.0000000000
32;495;[0.0000000000,0.0000000000];[0.0000000000,0.0000000000];[0.0000000000,0.0000000000];0.0000000000;[0.0000000000,0.0000000000];0.0000000000;1.7095205016;5.3135948145;0.0000000000
32;476;[0.0000000000,-0.0000000000];[0.0000000000,-0.0000000000];[0.0000000000,-0.0000000000];0.0000000000;[0.0000000000,0.0000000000];0.0000000000;1.7095205016;5.3135948145;0.0000000000
32;507;[-0.0000000000,0.0000000000];[-0.0000000000,0.0000000000];[-0.0000000000,0.0000000000];0.0000000000;[0.0000000000,0.0000000000];0.0000000000;1.7095205016;5.3135948145;0.0000000000
32;508;[0.0000000000,0.0000000000];[0.0000000000,0.0000000000];[0.0000000000,0.0000000000];0.0000000000;[0.0000000000,0.0000000000];0.0000000000;1.7095205016;5.3135948145;0.0000000000
32;511;[0.0000000000,0.0000000000];[0.0000000000,0.0000000000];[0.0000000000,0.0000000000];0.0000000000;[0.0000000000,0.0000000000];0.0000000000;1.7095205016;5.3135948145;0.0000000000
32;456;[-0.0000000000,0.0000000000];[-0.0000000000,0.0000000000];[-0.0000000000,0.0000000000];0.0000000000;[0.0000000000,0.0000000000];0.0000000000;1.7095205016;5.3135948145;0.0000000000
32;404;[0.0000000000,0.0000000000];[-0.0000000000,0.0000000000];[-0.0000000000,0.0000000000];0.0000000000;[0.0000000000,0.0000000000];0.0000000000;1.7095205016;5.3135948145;0.0000000000
32;488;[-0.0000000000,0.0000000000];[-0.0000000000,0.0000000000];[-0.0000000000,0.0000000000];0.0000000000;[0.0000000000,0.0000000000];0.0000000000;1.7095205016;5.3135948145;0.0000000000
32;496;[-0.0000000000,0.0000000000];[-0.0000000000,0.0000000000];[-0.0000000000,0.0000000000];0.0000000000;[0.0000000000,0.0000000000];0.0000000000;1.7095205016;5.3135948145;0.0000000000
32;515;[-0.0000000000,11.6569359995];[-0.0000000000,2.2434445313];[-0.0000000000,2.2434445313];6.4725949798;[0.0000000000,0.0000000000];0.0000000000;1.4440921015;4.7619673714;0.0000000000
32;516;[0.0000000000,0.0000000000];[0.0000000000,0.0000000000];[0.0000000000,0.0000000000];0.0000000000;[0.0000000000,0.0000000000];0.0000000000;1.4440921015;4.7619673714;0.0000000000
32;517;[-0.0000000000,0.0000000000];[0.0000000000,0.0000000000];[0.0000000000,0.0000000000];0.0000000000;[0.0000000000,0.0000000000];0.0000000000;1.4440921015;4.7619673714;0.0000000000
32;518;[0.0000000000,0.0000000000];[-0.0000000000,0.0000000000];[-0.0000000000,0.0000000000];0.0000000000;[0.0000000000,0.0000000000];0.0000000000;1.4440921015;4.7619673714;0.0000000000
32;519;[-0.0000000000,0.0000000000];[-0.0000000000,0.0000000000];[-0.0000000000,0.0000000000];0.0000000000;[0.0000000000,0.0000000000];0.0000000000;1.4440921015;4.7619673714;0.0000000000
32;520;[-0.0000000000,0.0000000000];[-0.0000000000,0.0000000000];[-0.0000000000,0.0000000000];0.0000000000;[0.0000000000,0.0000000000];0.0000000000;1.4440921015;4.7619673714;0.0000000000
32;521;[-0.0000000000,0.0000000000];[-0.0000000000,0.0000000000];[-0.0000000000,0.0000000000];0.0000000000;[0.0000000000,0.0000000000];0.0000000000;1.4440921015;4.7619673714;0.0000000000
32;522;[0.0000000000,0.0000000000];[0.0000000000,0.0000000000];[0.0000000000,0.0000000000];0.0000000000;[0.0000000000,0.0000000000];0.0000000000;1.4440921015;4.7619673714;0.0000000000
32;523;[16.5446179674,0.0000000000];[5.4554241600,0.0000000000];[5.4554241600,0.0000000000];12.4523509842;[0.0000000000,0.0000000000];0.0000000000;1.2698252289;4.1873283848;0.0000000000
32;524;[-0.0000000000,0.0000000000];[0.0000000000,0.0000000000];[0.0000000000,0.0000000000];0.0000000000;[0.0000000000,0.0000000000];0.0000000000;1.2698252289;4.1873283848;0.0000000000
32;525;[17.5966496925,0.0000000000];[9.2456598035,0.0000000000];[9.2456598035,0.0000000000];15.6372024589;[0.0000000000,0.0000000000];0.0000000000;1.1668026513;3.7572601078;0.0000000000
32;526;[-7.7359005941,0.0000000000];[-2.7286278176,0.0000000000];[-2.7286278176,0.0000000000];7.5793576335;[0.0000000000,0.0000000000];0.0000000000;1.0033691918;3.2973322724;0.0000000000
33;336;[0.0000000000,0.0000000000];[0.0000000000,0.0000000000];[0.0000000000,0.0000000000];0.0000000000;[-0.0000000000,0.0000000000];0.0000000000;0.0000000000;0.0000000000;0.0000000000
33;408;[-0.0000000000,-0.0000000000];[-0.0000000000,0.0000000000];[-0.0000000000,0.0000000000];0.0000000000;[-0.0000000000,0.0000000000];0.0000000000;0.0000000000;0.0000000000;0.0000000000
33;471;[0.0000000000,0.0000000000];[0.0000000000,0.0000000000];[0.0000000000,0.0000000000];0.0000000000;[-0.0000000000,0.0000000000];0.0000000000;0.0000000000;0.0000000000;0.0000000000
33;501;[0.0000000000,0.0000000000];[0.0000000000,0.0000000000];[0.0000000000,0.0000000000];0.0000000000;[-0.0000000000,0.0000000000];0.0000000000;0.0000000000;0.0000000000;0.0000000000
33;404;[-0.0000000000,0.0000000000];[-0.0000000000,0.0000000000];[-0.0000000000,0.0000000000];0.0000000000;[-0.0000000000,0.0000000000];0.0000000000;0.0000000000;0.0000000000;0.0000000000
33;510;[-0.0000000000,0.0000000000];[-0.0000000000,0.0000000000];[-0.0000000000,0.0000000000];0.0000000000;[-0.0000000000,0.0000000000];0.0000000000;0.0000000000;0.0000000000;0.0000000000
33;422;[0.0000000000,0.0000000000];[-0.0000000000,0.0000000000];[-0.0000000000,0.0000000000];0.0000000000;[-0.0000000000,0.0000000000];0.0000000000;0.0000000000;0.0000000000;0.0000000000
33;519;[-0.0000000000,0.0000000000];[-0.0000000000,0.0000000000];[-0.0000000000,0.0000000000];0.0000000000;[-0.0000000000,0.0000000000];0.0000000000;0.0000000000;0.0000000000;0.0000000000
33;518;[-0.0000000000,0.0000000000];[-0.0000000000,0.0000000000];[-0.0000000000,0.0000000000];0.0000000000;[-0.0000000000,0.0000000000];0.0000000000;0.0000000000;0.0000000000;0.0000000000
33;326;[0.0000000000,0.0000000000];[-0.0000000000,0.0000000000];[-0.0000000000,0.0000000000];0.0000000000;[-0.0000000000,0.0000000000];0.0000000000;0.0000000000;0.0000000000;0.0000000000
33;487;[-0.0000000000,0.0000000000];[-0.0000000000,0.0000000000];[-0.0000000000,0.0000000000];0.0000000000;[-0.0000000000,0.0000000000];0.0000000000;0.0000000000;0.0000000000;0.0000000000
33;424;[0.0000000000,0.0000000000];[0.0000000000,0.0000000000];[0.0000000000,0.0000000000];0.0000000000;[-0.0000000000,0.0000000000];0.0000000000;0.0000000000;0.0000000000;0.0000000000
33;517;[0.0000000000,0.0000000000];[0.0000000000,0.0000000000];[0.0000000000,0.0000000000];0.0000000000;[-0.0000000000,0.0000000000];0.0000000000;0.0000000000;0.0000000000;0.0000000000
33;442;[0.0000000000,0.0000000000];[0.0000000000,0.0000000000];[0.0000000000,0.0000000000];0.0000000000;[-0.0000000000,0.0000000000];0.0000000000;0.0000000000;0.0000000000;0.0000000000
33;458;[-0.0000000000,0.0000000000];[0.0000000000,0.0000000000];[0.0000000000,0.0000000000];0.0000000000;[-0.0000000000,0.0000000000];0.0000000000;0.0000000000;0.0000000000;0.0000000000
33;490;[-0.0000000000,0.0000000000];[0.0000000000,0.0000000000];[0.0000000000,0.0000000000];0.0000000000;[-0.0000000000,0.0000000000];0.0000000000;0.0000000000;0.0000000000;0.0000000000
33;500;[-0.0000000000,0.0000000000];[-0.0000000000,0.0000000000];[-0.0000000000,0.0000000000];0.0000000000;[-0.0000000000,0.0000000000];0.0000000000;0.0000000000;0.0000000000;0.0000000000
33;409;[-0.0000000000,0.0000000000];[0.0000000000,0.0000000000];[0.0000000000,0.0000000000];0.0000000000;[-0.0000000000,0.0000000000];0.0000000000;0.0000000000;0.0000000000;0.0000000000
33;524;[0.0000000000,0.0000000000];[0.0000000000,0.0000000000];[0.0000000000,0.0000000000];0.0000000000;[-0.0000000000,0.0000000000];0.0000000000;0.0000000000;0.0000000000;0.0000000000
33;450;[-0.0000000000,0.0000000000];[-0.0000000000,0.0000000000];[-0.0000000000,0.0000000000];0.0000000000;[-0.0000000000,0.0000000000];0.0000000000;0.0000000000;0.0000000000;0.0000000000
33;503;[-0.0000000000,-0.0000000000];[-0.0000000000,-0.0000000000];[-0.0000000000,-0.0000000000];0.0000000000;[-0.0000000000,0.0000000000];0.0000000000;0.0000000000;0.0000000000;0.0000000000
33;527;[-0.0000000000,0.0000000000];[-0.0000000000,0.0000000000];[-0.0000000000,0.0000000000];0.0000000000;[-0.0000000000,0.0000000000];0.0000000000;0.0000000000;0.0000000000;0.0000000000
33;528;[0.0000000000,0.0000000000];[0.0000000000,0.0000000000];[0.0000000000,0.0000000000];0.0000000000;[-0.0000000000,0.0000000000];0.0000000000;0.0000000000;0.0000000000;0.0000000000
33;529;[-0.0000000000,0.0000000000];[-0.0000000000,0.0000000000];[-0.0000000000,0.0000000000];0.0000000000;[-0.0000000000,0.0000000000];0.0000000000;0.0000000000;0.0000000000;0.0000000000
33;530;[-0.0000000000,0.0000000000];[-0.0000000000,0.0000000000];[-0.0000000000,0.0000000000];0.0000000000;[-0.0000000000,0.0000000000];0.0000000000;0.0000000000;0.0000000000;0.0000000000
33;531;[-0.0000000000,0.0000000000];[-0.0000000000,0.0000000000];[-0.0000000000,0.0000000000];0.0000000000;[-0.0000000000,0.0000000000];0.0000000000;0.0000000000;0.0000000000;0.0000000000
33;532;[-0.0000000000,0.0000000000];[-0.0000000000,0.0000000000];[-0.0000000000,0.0000000000];0.0000000000;[-0.0000000000,0.0000000000];0.0000000000;0.0000000000;0.0000000000;0.0000000000
33;533;[0.0000000000,0.0000000000];[0.0000000000,0.0000000000];[0.0000000000,0.0000000000];0.0000000000;[-0.0000000000,0.0000000000];0.0000000000;0.0000000000;0.0000000000;0.0000000000
33;534;[-0.0000000000,0.0000000000];[-0.0000000000,0.0000000000];[-0.0000000000,0.0000000000];0.0000000000;[-0.0000000000,0.0000000000];0.0000000000;0.0000000000;0.0000000000;0.0000000000
33;535;[0.0000000000,0.0000000000];[0.0000000000,0.0000000000];[0.0000000000,0.0000000000];0.0000000000;[-0.0000000000,0.0000000000];0.0000000000;0.0000000000;0.0000000000;0.0000000000
33;536;[0.0000000000,0.0000000000];[0.0000000000,0.0000000000];[0.0000000000,0.0000000000];0.0000000000;[-0.0000000000,0.0000000000];0.0000000000;0.0000000000;0.0000000000;0.0000000000
33;537;[0.0000000000,0.0000000000];[0.0000000000,0.0000000000];[0.0000000000,0.0000000000];0.0000000000;[-0.0000000000,0.0000000000];0.0000000000;0.0000000000;0.0000000000;0.0000000000
33;538;[17.8939003226,0.0000000000];[7.0437945020,0.0000000000];[7.0437945020,0.0000000000];12.6646318781;[-0.0000000000,0.0000000000];0.0000000000;0.0000000000;0.0000000000;0.0000000000
33;539;[0.0000000000,0.0000000000];[0.0000000000,0.0000000000];[0.0000000000,0.0000000000];0.0000000000;[-0.0000000000,0.0000000000];0.0000000000;0.3015388542;1.9307907461;0.0000000000
33;540;[0.0000000000,0.0000000000];[0.0000000000,0.0000000000];[0.0000000000,0.0000000000];0.0000000000;[-0.0000000000,0.0000000000];0.0000000000;0.2945263227;1.9087487266;0.0000000000
33;541;[-0.0000000000,-24.3813527114];[-0.0000000000,-5.8155244848];[-0.0000000000,-5.8155244848];11.9171859637;[-0.0000000000,0.0000000000];0.0000000000;0.2878325427;1.8874442039;0.0000000000
33;542;[-0.0000000000,0.0000000000];[-0.0000000000,0.0000000000];[-0.0000000000,0.0000000000];0.0000000000;[-0.0000000000,0.0000000000];0.0000000000;0.5462626187;2.5341406333;0.0000000000
33;454;[-0.0000000000,0.0000000000];[-0.0000000000,0.0000000000];[-0.0000000000,0.0000000000];0.0000000000;[-0.0000000000,0.0000000000];0.0000000000;0.5343873444;2.5077098921;0.0000000000
33;507;[-0.0000000000,0.0000000000];[-0.0000000000,0.0000000000];[-0.0000000000,0.0000000000];0.0000000000;[-0.0000000000,0.0000000000];0.0000000000;0.5343873444;2.5077098921;0.0000000000
33;511;[0.0000000000,0.0000000000];[0.0000000000,0.0000000000];[0.0000000000,0.0000000000];0.0000000000;[-0.0000000000,0.0000000000];0.0000000000;0.5343873444;2.5077098921;0.0000000000
33;456;[-0.0000000000,0.0000000000];[-0.0000000000,0.0000000000];[-0.0000000000,0.0000000000];0.0000000000;[-0.0000000000,0.0000000000];0.0000000000;0.5343873444;2.5077098921;0.0000000000
33;516;[0.0000000000,0.0000000000];[0.0000000000,0.0000000000];[0.0000000000,0.0000000000];0.0000000000;[-0.0000000000,0.0000000000];0.0000000000;0.5343873444;2.5077098921;0.0000000000
33;520;[-0.0000000000,0.0000000000];[0.0000000000,0.0000000000];[0.0000000000,0.0000000000];0.0000000000;[-0.0000000000,0.0000000000];0.0000000000;0.5343873444;2.5077098921;0.0000000000
33;521;[-0.0000000000,0.0000000000];[0.0000000000,0.0000000000];[0.0000000000,0.0000000000];0.0000000000;[-0.0000000000,0.0000000000];0.0000000000;0.5343873444;2.5077098921;0.0000000000
33;504;[-0.0000000000,0.0000000000];[-0.0000000000,0.0000000000];[-0.0000000000,0.0000000000];0.0000000000;[-0.0000000000,0.0000000000];0.0000000000;0.5343873444;2.5077098921;0.0000000000
33;510;[-0.0000000000,0.0000000000];[-0.0000000000,0.0000000000];[-0.0000000000,0.0000000000];0.0000000000;[-0.0000000000,0.0000000000];0.0000000000;0.5343873444;2.5077098921;0.0000000000
33;527;[-0.0000000000,0.0000000000];[-0.0000000000,0.0000000000];[-0.0000000000,0.0000000000];0.0000000000;[-0.0000000000,0.0000000000];0.0000000000;0.5343873444;2.5077098921;0.0000000000
33;528;[0.0000000000,0.0000000000];[-0.0000000000,0.0000000000];[-0.0000000000,0.0000000000];0.0000000000;[-0.0000000000,0.0000000000];0.0000000000;0.5343873444;2.5077098921;0.0000000000
33;529;[-0.0000000000,0.0000000000];[-0.0000000000,0.0000000000];[-0.0000000000,0.0000000000];0.0000000000;[-0.0000000000,0.0000000000];0.0000000000;0.5343873444;2.5077098921;0.0000000000
33;530;[-0.0000000000,0.0000000000];[-0.0000000000,0.0000000000];[-0.0000000000,0.0000000000];0.0000000000;[-0.0000000000,0.0000000000];0.0000000000;0.5343873444;2.5077098921;0.0000000000
33;531;[-0.0000000000,0.0000000000];[-0.0000000000,0.0000000000];[-0.0000000000,0.0000000000];0.0000000000;[-0.0000000000,0.0000000000];0.0000000000;0.5343873444;2.5077098921;0.0000000000
33;532;[-0.0000000000,0.0000000000];[-0.0000000000,0.0000000000];[-0.0000000000,0.0000000000];0.0000000000;[-0.0000000000,0.0000000000];0.0000000000;0.5343873444;2.5077098921;0.0000000000
33;533;[0.0000000000,0.0000000000];[0.0000000000,0.0000000000];[0.0000000000,0.0000000000];0.0000000000;[-0.0000000000,0.0000000000];0.0000000000;0.5343873444;2.5077098921;0.0000000000
33;534;[-0.0000000000,0.0000000000];[-0.0000000000,0.0000000000];[-0.0000000000,0.0000000000];0.0000000000;[-0.0000000000,0.0000000000];0.0000000000;0.5343873444;2.5077098921;0.0000000000
33;535;[0.0000000000,0.0000000000];[0.0000000000,0.0000000000];[0.0000000000,0.0000000000];0.0000000000;[-0.0000000000,0.0000000000];0.0000000000;0.5343873444;2.5077098921;0.0000000000
33;536;[0.0000000000,0.0000000000];[0.0000000000,0.0000000000];[0.0000000000,0.0000000000];0.0000000000;[-0.0000000000,0.0000000000];0.0000000000;0.5343873444;2.5077098921;0.0000000000
33;537;[0.0000000000,0.0000000000];[0.0000000000,0.0000000000];[0.0000000000,0.0000000000];0.0000000000;[-0.0000000000,0.0000000000];0.0000000000;0.5343873444;2.5077098921;0.0000000000
33;538;[7.0437945020,0.0000000000];[1.6353023256,0.0000000000];[1.6353023256,0.0000000000];5.6623527747;[-0.0000000000,0.0000000000];0.0000000000;0.3821638856;1.9074413513;0.0000000000
33;539;[0.0000000000,0.0000000000];[0.0000000000,0.0000000000];[0.0000000000,0.0000000000];0.0000000000;[-0.0000000000,0.0000000000];0.0000000000;0.3821638856;1.9074413513;0.0000000000
33;540;[0.0000000000,0.0000000000];[0.0000000000,0.0000000000];[0.0000000000,0.0000000000];0.0000000000;[-0.0000000000,0.0000000000];0.0000000000;0.3821638856;1.9074413513;0.0000000000
33;541;[-0.0000000000,-5.8155244848];[-0.0000000000,-5.8155244848];[-0.0000000000,-5.8155244848];11.9171859637;[-0.0000000000,0.0000000000];0.0000000000;0.3821638856;1.9074413513;0.0000000000
33;542;[-0.0000000000,0.0000000000];[-0.0000000000,0.0000000000];[-0.0000000000,0.0000000000];0.0000000000;[-0.0000000000,0.0000000000];0.0000000000;0.3821638856;1.9074413513;0.0000000000
34;336;[0.0000000000,0.0000000000];[-0.0000000000,0.0000000000];[-0.0000000000,0.0000000000];0.0000000000;[0.0000000000,0.0000000000];0.0000000000;0.0000000000;0.0000000000;0.0000000000
34;471;[0.0000000000,0.0000000000];[0.0000000000,0.0000000000];[0.0000000000,0.0000000000];0.0000000000;[0.0000000000,0.0000000000];0.0000000000;0.0000000000;0.0000000000;0.0000000000
34;501;[0.0000000000,0.0000000000];[0.0000000000,0.0000000000];[0.0000000000,0.0000000000];0.0000000000;[0.0000000000,0.0000000000];0.0000000000;0.0000000000;0.0000000000;0.0000000000
34;404;[-0.0000000000,0.0000000000];[0.0000000000,0.0000000000];[0.0000000000,0.0000000000];0.0000000000;[0.0000000000,0.0000000000];0.0000000000;0.0000000000;0.0000000000;0.0000000000
34;537;[0.0000000000,0.0000000000];[0.0000000000,0.0000000000];[0.0000000000,0.0000000000];0.0000000000;[0.0000000000,0.0000000000];0.0000000000;0.0000000000;0.0000000000;0.0000000000
34;519;[-0.0000000000,0.0000000000];[-0.0000000000,0.0000000000];[-0.0000000000,0.0000000000];0.0000000000;[0.0000000000,0.0000000000];0.0000000000;0.0000000000;0.0000000000;0.0000000000
34;531;[-0.0000000000,0.0000000000];[-0.0000000000,0.0000000000];[-0.0000000000,0.0000000000];0.0000000000;[0.0000000000,0.0000000000];0.0000000000;0.0000000000;0.0000000000;0.0000000000
34;518;[-0.0000000000,0.0000000000];[-0.0000000000,0.0000000000];[-0.0000000000,0.0000000000];0.0000000000;[0.0000000000,0.0000000000];0.0000000000;0.0000000000;0.0000000000;0.0000000000
34;487;[-0.0000000000,0.0000000000];[-0.0000000000,0.0000000000];[-0.0000000000,0.0000000000];0.0000000000;[0.0000000000,0.0000000000];0.0000000000;0.0000000000;0.0000000000;0.0000000000
34;456;[-0.0000000000,0.0000000000];[-0.0000000000,0.0000000000];[-0.0000000000,0.0000000000];0.0000000000;[0.0000000000,0.0000000000];0.0000000000;0.0000000000;0.0000000000;0.0000000000
34;517;[0.0000000000,0.0000000000];[0.0000000000,0.0000000000];[0.0000000000,0.0000000000];0.0000000000;[0.0000000000,0.0000000000];0.0000000000;0.0000000000;0.0000000000;0.0000000000
34;442;[0.0000000000,0.0000000000];[0.0000000000,0.0000000000];[0.0000000000,0.0000000000];0.0000000000;[0.0000000000,0.0000000000];0.0000000000;0.0000000000;0.0000000000;0.0000000000
34;490;[0.0000000000,0.0000000000];[0.0000000000,0.0000000000];[0.0000000000,0.0000000000];0.0000000000;[0.0000000000,0.0000000000];0.0000000000;0.0000000000;0.0000000000;0.0000000000
34;500;[-0.0000000000,0.0000000000];[0.0000000000,0.0000000000];[0.0000000000,0.0000000000];0.0000000000;[0.0000000000,0.0000000000];0.0000000000;0.0000000000;0.0000000000;0.0000000000
34;409;[0.0000000000,0.0000000000];[0.0000000000,0.0000000000];[0.0000000000,0.0000000000];0.0000000000;[0.0000000000,0.0000000000];0.0000000000;0.0000000000;0.0000000000;0.0000000000
34;520;[0.0000000000,0.0000000000];[0.0000000000,0.0000000000];[0.0000000000,0.0000000000];0.0000000000;[0.0000000000,0.0000000000];0.0000000000;0.0000000000;0.0000000000;0.0000000000
34;507;[-0.0000000000,0.0000000000];[0.0000000000,0.0000000000];[0.0000000000,0.0000000000];0.0000000000;[0.0000000000,0.0000000000];0.0000000000;0.0000000000;0.0000000000;0.0000000000
34;524;[0.0000000000,0.0000000000];[0.0000000000,0.0000000000];[0.0000000000,0.0000000000];0.0000000000;[0.0000000000,0.0000000000];0.0000000000;0.0000000000;0.0000000000;0.0000000000
34;450;[-0.0000000000,0.0000000000];[-0.0000000000,0.0000000000];[-0.0000000000,0.0000000000];0.0000000000;[0.0000000000,0.0000000000];0.0000000000;0.0000000000;0.0000000000;0.0000000000
34;530;[-0.0000000000,0.0000000000];[-0.0000000000,0.0000000000];[-0.0000000000,0.0000000000];0.0000000000;[0.0000000000,0.0000000000];0.0000000000;0.0000000000;0.0000000000;0.0000000000
34;543;[0.0000000000,0.0000000000];[0.0000000000,0.0000000000];[0.0000000000,0.0000000000];0.0000000000;[0.0000000000,0.0000000000];0.0000000000;0.0000000000;0.0000000000;0.0000000000
34;544;[0.0000000000,0.0000000000];[0.0000000000,0.0000000000];[0.0000000000,0.0000000000];0.0000000000;[0.0000000000,0.0000000000];0.0000000000;0.0000000000;0.0000000000;0.0000000000
34;545;[0.0000000000,10.0467520557];[0.0000000000,4.2138600221];[0.0000000000,4.2138600221];9.8521264799;[0.0000000000,0.0000000000];0.0000000000;0.0000000000;0.0000000000;0.0000000000
34;546;[-0.0000000000,0.0000000000];[-0.0000000000,0.0000000000];[-0.0000000000,0.0000000000];0.0000000000;[0.0000000000,0.0000000000];0.0000000000;0.2985492873;1.6888498044;0.0000000000
34;547;[-0.0000000000,0.0000000000];[-0.0000000000,0.0000000000];[-0.0000000000,0.0000000000];0.0000000000;[0.0000000000,0.0000000000];0.0000000000;0.2897684259;1.6645928754;0.0000000000
34;548;[-0.0000000000,-24.5606905965];[-0.0000000000,-15.7124062036];[-0.0000000000,-15.7124062036];19.0839264228;[0.0000000000,0.0000000000];0.0000000000;0.2814893280;1.6413507305;0.0000000000
34;549;[0.0000000000,0.0000000000];[0.0000000000,0.0000000000];[0.0000000000,0.0000000000];0.0000000000;[0.0000000000,0.0000000000];0.0000000000;0.8037792473;3.4880846585;0.0000000000
34;550;[-0.0000000000,0.0000000000];[-0.0000000000,0.0000000000];[-0.0000000000,0.0000000000];0.0000000000;[0.0000000000,0.0000000000];0.0000000000;0.7820554839;3.4430935376;0.0000000000
34;551;[-0.0000000000,4.5994999252];[0.0000000000,1.5956411552];[0.0000000000,1.5956411552];5.6669120411;[0.0000000000,0.0000000000];0.0000000000;0.7614750764;3.3997931856;0.0000000000
34;552;[0.0000000000,0.0000000000];[0.0000000000,0.0000000000];[0.0000000000,0.0000000000];0.0000000000;[0.0000000000,0.0000000000];0.0000000000;0.8872555114;3.4443296568;0.0000000000
34;553;[-0.0000000000,0.0000000000];[-0.0000000000,0.0000000000];[-0.0000000000,0.0000000000];0.0000000000;[0.0000000000,0.0000000000];0.0000000000;0.8650741236;3.4038228743;0.0000000000
34;554;[0.0000000000,0.0000000000];[0.0000000000,0.0000000000];[0.0000000000,0.0000000000];0.0000000000;[0.0000000000,0.0000000000];0.0000000000;0.8439747547;3.3647038326;0.0000000000
34;555;[-0.0000000000,0.0000000000];[-0.0000000000,0.0000000000];[-0.0000000000,0.0000000000];0.0000000000;[0.0000000000,0.0000000000];0.0000000000;0.8238801177;3.3268955969;0.0000000000
34;556;[0.0000000000,18.4254241421];[0.0000000000,0.1670202599];[0.0000000000,0.1670202599];1.0701878823;[0.0000000000,0.0000000000];0.0000000000;0.8047201150;3.2903270285;0.0000000000
34;557;[-0.0000000000,0.0000000000];[-0.0000000000,0.0000000000];[-0.0000000000,0.0000000000];0.0000000000;[0.0000000000,0.0000000000];0.0000000000;0.8107534733;3.2529626549;0.0000000000
34;558;[-0.0000000000,0.0000000000];[-0.0000000000,0.0000000000];[-0.0000000000,0.0000000000];0.0000000000;[0.0000000000,0.0000000000];0.0000000000;0.7927367295;3.2188349154;0.0000000000
34;516;[0.0000000000,0.0000000000];[0.0000000000,0.0000000000];[0.0000000000,0.0000000000];0.0000000000;[0.0000000000,0.0000000000];0.0000000000;0.7755033223;3.1857535780;0.0000000000
34;529;[-0.0000000000,0.0000000000];[-0.0000000000,0.0000000000];[-0.0000000000,0.0000000000];0.0000000000;[0.0000000000,0.0000000000];0.0000000000;0.7755033223;3.1857535780;0.0000000000
34;535;[0.0000000000,0.0000000000];[-0.0000000000,0.0000000000];[-0.0000000000,0.0000000000];0.0000000000;[0.0000000000,0.0000000000];0.0000000000;0.7755033223;3.1857535780;0.0000000000
34;540;[0.0000000000,0.0000000000];[-0.0000000000,0.0000000000];[-0.0000000000,0.0000000000];0.0000000000;[0.0000000000,0.0000000000];0.0000000000;0.7755033223;3.1857535780;0.0000000000
34;422;[-0.0000000000,0.0000000000];[-0.0000000000,0.0000000000];[-0.0000000000,0.0000000000];0.0000000000;[0.0000000000,0.0000000000];0.0000000000;0.7755033223;3.1857535780;0.0000000000
34;408;[-0.0000000000,0.0000000000];[-0.0000000000,0.0000000000];[-0.0000000000,0.0000000000];0.0000000000;[0.0000000000,0.0000000000];0.0000000000;0.7755033223;3.1857535780;0.0000000000
34;326;[-0.0000000000,0.0000000000];[-0.0000000000,0.0000000000];[-0.0000000000,0.0000000000];0.0000000000;[0.0000000000,0.0000000000];0.0000000000;0.7755033223;3.1857535780;0.0000000000
34;518;[-0.0000000000,0.0000000000];[-0.0000000000,0.0000000000];[-0.0000000000,0.0000000000];0.0000000000;[0.0000000000,0.0000000000];0.0000000000;0.7755033223;3.1857535780;0.0000000000
34;517;[0.0000000000,0.0000000000];[-0.0000000000,0.0000000000];[-0.0000000000,0.0000000000];0.0000000000;[0.0000000000,0.0000000000];0.0000000000;0.7755033223;3.1857535780;0.0000000000
34;524;[0.0000000000,0.0000000000];[0.0000000000,0.0000000000];[0.0000000000,0.0000000000];0.0000000000;[0.0000000000,0.0000000000];0.0000000000;0.7755033223;3.1857535780;0.0000000000
34;543;[0.0000000000,0.0000000000];[0.0000000000,0.0000000000];[0.0000000000,0.0000000000];0.0000000000;[0.0000000000,0.0000000000];0.0000000000;0.7755033223;3.1857535780;0.0000000000
34;544;[0.0000000000,0.0000000000];[0.0000000000,0.0000000000];[0.0000000000,0.0000000000];0.0000000000;[0.0000000000,0.0000000000];0.0000000000;0.7755033223;3.1857535780;0.0000000000
34;545;[0.0000000000,4.2138600221];[0.0000000000,3.7907434390];[0.0000000000,3.7907434390];9.1464326093;[0.0000000000,0.0000000000];0.0000000000;0.7601621512;3.1434256188;0.0000000000
34;546;[-0.0000000000,0.0000000000];[-0.0000000000,0.0000000000];[-0.0000000000,0.0000000000];0.0000000000;[0.0000000000,0.0000000000];0.0000000000;0.7601621512;3.1434256188;0.0000000000
34;547;[-0.0000000000,0.0000000000];[-0.0000000000,0.0000000000];[-0.0000000000,0.0000000000];0.0000000000;[0.0000000000,0.0000000000];0.0000000000;0.7601621512;3.1434256188;0.0000000000
34;548;[-0.0000000000,-15.7124062036];[-0.0000000000,-15.7124062036];[-0.0000000000,-15.7124062036];19.0839264228;[0.0000000000,0.0000000000];0.0000000000;0.7601621512;3.1434256188;0.0000000000
34;549;[0.0000000000,0.0000000000];[0.0000000000,0.0000000000];[0.0000000000,0.0000000000];0.0000000000;[0.0000000000,0.0000000000];0.0000000000;0.7601621512;3.1434256188;0.0000000000
34;550;[-0.0000000000,0.0000000000];[-0.0000000000,0.0000000000];[-0.0000000000,0.0000000000];0.0000000000;[0.0000000000,0.0000000000];0.0000000000;0.7601621512;3.1434256188;0.0000000000
34;551;[0.0000000000,1.5956411552];[0.0000000000,0.2058341638];[0.0000000000,0.2058341638];1.4013201807;[0.0000000000,0.0000000000];0.0000000000;0.6674318934;3.0590957468;0.0000000000
34;552;[0.0000000000,0.0000000000];[0.0000000000,0.0000000000];[0.0000000000,0.0000000000];0.0000000000;[0.0000000000,0.0000000000];0.0000000000;0.6674318934;3.0590957468;0.0000000000
34;553;[-0.0000000000,0.0000000000];[-0.0000000000,0.0000000000];[-0.0000000000,0.0000000000];0.0000000000;[0.0000000000,0.0000000000];0.0000000000;0.6674318934;3.0590957468;0.0000000000
34;554;[0.0000000000,0.0000000000];[0.0000000000,0.0000000000];[0.0000000000,0.0000000000];0.0000000000;[0.0000000000,0.0000000000];0.0000000000;0.6674318934;3.0590957468;0.0000000000
34;555;[-0.0000000000,0.0000000000];[-0.0000000000,0.0000000000];[-0.0000000000,0.0000000000];0.0000000000;[0.0000000000,0.0000000000];0.0000000000;0.6674318934;3.0590957468;0.0000000000
34;556;[0.0000000000,0.1670202599];[0.0000000000,0.0331655955];[0.0000000000,0.0331655955];0.1228317749;[0.0000000000,0.0000000000];0.0000000000;0.6468371954;3.0595038623;0.0000000000
34;557;[-0.0000000000,0.0000000000];[-0.0000000000,0.0000000000];[-0.0000000000,0.0000000000];0.0000000000;[0.0000000000,0.0000000000];0.0000000000;0.6468371954;3.0595038623;0.0000000000
34;558;[-0.0000000000,0.0000000000];[-0.0000000000,0.0000000000];[-0.0000000000,0.0000000000];0.0000000000;[0.0000000000,0.0000000000];0.0000000000;0.6468371954;3.0595038623;0.0000000000
35;471;[0.0000000000,0.0000000000];[0.0000000000,0.0000000000];[0.0000000000,0.0000000000];0.0000000000;[-0.0000000000,0.0000000000];0.0000000000;0.0000000000;0.0000000000;0.0000000000
35;404;[0.0000000000,0.0000000000];[0.0000000000,0.0000000000];[0.0000000000,0.0000000000];0.0000000000;[-0.0000000000,0.0000000000];0.0000000000;0.0000000000;0.0000000000;0.0000000000
35;546;[-0.0000000000,0.0000000000];[-0.0000000000,0.0000000000];[-0.0000000000,0.0000000000];0.0000000000;[-0.0000000000,0.0000000000];0.0000000000;0.0000000000;0.0000000000;0.0000000000
35;537;[0.0000000000,0.0000000000];[0.0000000000,0.0000000000];[0.0000000000,0.0000000000];0.0000000000;[-0.0000000000,0.0000000000];0.0000000000;0.0000000000;0.0000000000;0.0000000000
35;519;[-0.0000000000,0.0000000000];[-0.0000000000,0.0000000000];[-0.0000000000,0.0000000000];0.0000000000;[-0.0000000000,0.0000000000];0.0000000000;0.0000000000;0.0000000000;0.0000000000
35;531;[-0.0000000000,0.0000000000];[0.0000000000,0.0000000000];[0.0000000000,0.0000000000];0.0000000000;[-0.0000000000,0.0000000000];0.0000000000;0.0000000000;0.0000000000;0.0000000000
35;543;[0.0000000000,0.0000000000];[0.0000000000,0.0000000000];[0.0000000000,0.0000000000];0.0000000000;[-0.0000000000,0.0000000000];0.0000000000;0.0000000000;0.0000000000;0.0000000000
35;487;[-0.0000000000,0.0000000000];[-0.0000000000,0.0000000000];[-0.0000000000,0.0000000000];0.0000000000;[-0.0000000000,0.0000000000];0.0000000000;0.0000000000;0.0000000000;0.0000000000
35;456;[-0.0000000000,0.0000000000];[-0.0000000000,0.0000000000];[-0.0000000000,0.0000000000];0.0000000000;[-0.0000000000,0.0000000000];0.0000000000;0.0000000000;0.0000000000;0.0000000000
35;547;[-0.0000000000,0.0000000000];[-0.0000000000,0.0000000000];[-0.0000000000,0.0000000000];0.0000000000;[-0.0000000000,0.0000000000];0.0000000000;0.0000000000;0.0000000000;0.0000000000
35;442;[0.0000000000,0.0000000000];[0.0000000000,0.0000000000];[0.0000000000,0.0000000000];0.0000000000;[-0.0000000000,0.0000000000];0.0000000000;0.0000000000;0.0000000000;0.0000000000
35;500;[0.0000000000,0.0000000000];[0.0000000000,0.0000000000];[0.0000000000,0.0000000000];0.0000000000;[-0.0000000000,0.0000000000];0.0000000000;0.0000000000;0.0000000000;0.0000000000
35;409;[0.0000000000,0.0000000000];[0.0000000000,0.0000000000];[0.0000000000,0.0000000000];0.0000000000;[-0.0000000000,0.0000000000];0.0000000000;0.0000000000;0.0000000000;0.0000000000
35;520;[0.0000000000,0.0000000000];[-0.0000000000,0.0000000000];[-0.0000000000,0.0000000000];0.0000000000;[-0.0000000000,0.0000000000];0.0000000000;0.0000000000;0.0000000000;0.0000000000
35;507;[0.0000000000,0.0000000000];[0.0000000000,0.0000000000];[0.0000000000,0.0000000000];0.0000000000;[-0.0000000000,0.0000000000];0.0000000000;0.0000000000;0.0000000000;0.0000000000
35;535;[-0.0000000000,0.0000000000];[-0.0000000000,0.0000000000];[-0.0000000000,0.0000000000];0.0000000000;[-0.0000000000,0.0000000000];0.0000000000;0.0000000000;0.0000000000;0.0000000000
35;490;[0.0000000000,0.0000000000];[0.0000000000,0.0000000000];[0.0000000000,0.0000000000];0.0000000000;[-0.0000000000,0.0000000000];0.0000000000;0.0000000000;0.0000000000;0.0000000000
35;534;[-0.0000000000,0.0000000000];[-0.0000000000,0.0000000000];[-0.0000000000,0.0000000000];0.0000000000;[-0.0000000000,0.0000000000];0.0000000000;0.0000000000;0.0000000000;0.0000000000
35;553;[-0.0000000000,0.0000000000];[-0.0000000000,0.0000000000];[-0.0000000000,0.0000000000];0.0000000000;[-0.0000000000,0.0000000000];0.0000000000;0.0000000000;0.0000000000;0.0000000000
35;530;[-0.0000000000,0.0000000000];[-0.0000000000,0.0000000000];[-0.0000000000,0.0000000000];0.0000000000;[-0.0000000000,0.0000000000];0.0000000000;0.0000000000;0.0000000000;0.0000000000
35;559;[0.0000000000,0.0000000000];[0.0000000000,0.0000000000];[0.0000000000,0.0000000000];0.0000000000;[-0.0000000000,0.0000000000];0.0000000000;0.0000000000;0.0000000000;0.0000000000
35;560;[-0.0000000000,0.0000000000];[-0.0000000000,0.0000000000];[-0.0000000000,0.0000000000];0.0000000000;[-0.0000000000,0.0000000000];0.0000000000;0.0000000000;0.0000000000;0.0000000000
35;561;[0.0000000000,0.0000000000];[0.0000000000,0.0000000000];[0.0000000000,0.0000000000];0.0000000000;[-0.0000000000,0.0000000000];0.0000000000;0.0000000000;0.0000000000;0.0000000000
35;562;[0.0000000000,0.0000000000];[0.0000000000,0.0000000000];[0.0000000000,0.0000000000];0.0000000000;[-0.0000000000,0.0000000000];0.0000000000;0.0000000000;0.0000000000;0.0000000000
35;563;[6.8993550084,0.0000000000];[1.8426522392,0.0000000000];[1.8426522392,0.0000000000];5.1359526609;[-0.0000000000,0.0000000000];0.0000000000;0.0000000000;0.0000000000;0.0000000000
35;564;[0.0000000000,0.0000000000];[0.0000000000,0.0000000000];[0.0000000000,0.0000000000];0.0000000000;[-0.0000000000,0.0000000000];0.0000000000;0.1467415046;0.8556426543;0.0000000000
35;565;[-0.0000000000,0.0000000000];[-0.0000000000,0.0000000000];[-0.0000000000,0.0000000000];0.0000000000;[-0.0000000000,0.0000000000];0.0000000000;0.1426653517;0.8440196029;0.0000000000
35;566;[-0.0000000000,0.0000000000];[-0.0000000000,0.0000000000];[-0.0000000000,0.0000000000];0.0000000000;[-0.0000000000,0.0000000000];0.0000000000;0.1388095314;0.8328571883;0.0000000000
35;567;[0.0000000000,0.0000000000];[-0.0000000000,0.0000000000];[-0.0000000000,0.0000000000];0.0000000000;[-0.0000000000,0.0000000000];0.0000000000;0.1351566490;0.8221258001;0.0000000000
35;568;[-0.0000000000,0.0000000000];[-0.0000000000,0.0000000000];[-0.0000000000,0.0000000000];0.0000000000;[-0.0000000000,0.0000000000];0.0000000000;0.1316910939;0.8117984231;0.0000000000
35;569;[0.0000000000,0.0000000000];[0.0000000000,0.0000000000];[0.0000000000,0.0000000000];0.0000000000;[-0.0000000000,0.0000000000];0.0000000000;0.1283988165;0.8018503522;0.0000000000
35;570;[-0.0000000000,0.0000000000];[-0.0000000000,0.0000000000];[-0.0000000000,0.0000000000];0.0000000000;[-0.0000000000,0.0000000000];0.0000000000;0.1252671381;0.7922589446;0.0000000000
35;571;[-0.0000000000,0.0000000000];[-0.0000000000,0.0000000000];[-0.0000000000,0.0000000000];0.0000000000;[-0.0000000000,0.0000000000];0.0000000000;0.1222845872;0.7830034039;0.0000000000
35;572;[-0.0000000000,0.0000000000];[-0.0000000000,0.0000000000];[-0.0000000000,0.0000000000];0.0000000000;[-0.0000000000,0.0000000000];0.0000000000;0.1194407596;0.7740645915;0.0000000000
35;573;[-0.0000000000,0.0000000000];[-0.0000000000,0.0000000000];[-0.0000000000,0.0000000000];0.0000000000;[-0.0000000000,0.0000000000];0.0000000000;0.1167261968;0.7654248599;0.0000000000
35;574;[-0.0000000000,0.0000000000];[-0.0000000000,0.0000000000];[-0.0000000000,0.0000000000];0.0000000000;[-0.0000000000,0.0000000000];0.0000000000;0.1141322814;0.7570679074;0.0000000000
35;422;[-0.0000000000,0.0000000000];[-0.0000000000,0.0000000000];[-0.0000000000,0.0000000000];0.0000000000;[-0.0000000000,0.0000000000];0.0000000000;0.1116511448;0.7489786486;0.0000000000
35;408;[-0.0000000000,0.0000000000];[-0.0000000000,0.0000000000];[-0.0000000000,0.0000000000];0.0000000000;[-0.0000000000,0.0000000000];0.0000000000;0.1116511448;0.7489786486;0.0000000000
35;326;[-0.0000000000,0.0000000000];[-0.0000000000,0.0000000000];[-0.0000000000,0.0000000000];0.0000000000;[-0.0000000000,0.0000000000];0.0000000000;0.1116511448;0.7489786486;0.0000000000
35;544;[0.0000000000,0.0000000000];[0.0000000000,0.0000000000];[0.0000000000,0.0000000000];0.0000000000;[-0.0000000000,0.0000000000];0.0000000000;0.1116511448;0.7489786486;0.0000000000
35;549;[0.0000000000,0.0000000000];[0.0000000000,0.0000000000];[0.0000000000,0.0000000000];0.0000000000;[-0.0000000000,0.0000000000];0.0000000000;0.1116511448;0.7489786486;0.0000000000
35;550;[-0.0000000000,0.0000000000];[-0.0000000000,0.0000000000];[-0.0000000000,0.0000000000];0.0000000000;[-0.0000000000,0.0000000000];0.0000000000;0.1116511448;0.7489786486;0.0000000000
35;555;[-0.0000000000,0.0000000000];[-0.0000000000,0.0000000000];[-0.0000000000,0.0000000000];0.0000000000;[-0.0000000000,0.0000000000];0.0000000000;0.1116511448;0.7489786486;0.0000000000
35;557;[-0.0000000000,0.0000000000];[-0.0000000000,0.0000000000];[-0.0000000000,0.0000000000];0.0000000000;[-0.0000000000,0.0000000000];0.0000000000;0.1116511448;0.7489786486;0.0000000000
35;336;[-0.0000000000,0.0000000000];[-0.0000000000,0.0000000000];[-0.0000000000,0.0000000000];0.0000000000;[-0.0000000000,0.0000000000];0.0000000000;0.1116511448;0.7489786486;0.0000000000
35;534;[-0.0000000000,0.0000000000];[0.0000000000,0.0000000000];[0.0000000000,0.0000000000];0.0000000000;[-0.0000000000,0.0000000000];0.0000000000;0.1116511448;0.7489786486;0.0000000000
35;559;[0.0000000000,0.0000000000];[0.0000000000,0.0000000000];[0.0000000000,0.0000000000];0.0000000000;[-0.0000000000,0.0000000000];0.0000000000;0.1116511448;0.7489786486;0.0000000000
35;560;[-0.0000000000,0.0000000000];[-0.0000000000,0.0000000000];[-0.0000000000,0.0000000000];0.0000000000;[-0.0000000000,0.0000000000];0.0000000000;0.1116511448;0.7489786486;0.0000000000
35;561;[0.0000000000,0.0000000000];[0.0000000000,0.0000000000];[0.0000000000,0.0000000000];0.0000000000;[-0.0000000000,0.0000000000];0.0000000000;0.1116511448;0.7489786486;0.0000000000
35;562;[0.0000000000,0.0000000000];[0.0000000000,0.0000000000];[0.0000000000,0.0000000000];0.0000000000;[-0.0000000000,0.0000000000];0.0000000000;0.1116511448;0.7489786486;0.0000000000
35;563;[1.8426522392,0.0000000000];[1.8426522392,0.0000000000];[1.8426522392,0.0000000000];5.1359526609;[-0.0000000000,0.0000000000];0.0000000000;0.1116511448;0.7489786486;0.0000000000
35;564;[0.0000000000,0.0000000000];[0.0000000000,0.0000000000];[0.0000000000,0.0000000000];0.0000000000;[-0.0000000000,0.0000000000];0.0000000000;0.1116511448;0.7489786486;0.0000000000
35;565;[-0.0000000000,0.0000000000];[-0.0000000000,0.0000000000];[-0.0000000000,0.0000000000];0.0000000000;[-0.0000000000,0.0000000000];0.0000000000;0.1116511448;0.7489786486;0.0000000000
35;566;[-0.0000000000,0.0000000000];[0.0000000000,0.0000000000];[0.0000000000,0.0000000000];0.0000000000;[-0.0000000000,0.0000000000];0.0000000000;0.1116511448;0.7489786486;0.0000000000
35;567;[-0.0000000000,0.0000000000];[-0.0000000000,0.0000000000];[-0.0000000000,0.0000000000];0.0000000000;[-0.0000000000,0.0000000000];0.0000000000;0.1116511448;0.7489786486;0.0000000000
35;568;[-0.0000000000,0.0000000000];[-0.0000000000,0.0000000000];[-0.0000000000,0.0000000000];0.0000000000;[-0.0000000000,0.0000000000];0.0000000000;0.1116511448;0.7489786486;0.0000000000
35;569;[0.0000000000,0.0000000000];[-0.0000000000,0.0000000000];[-0.0000000000,0.0000000000];0.0000000000;[-0.0000000000,0.0000000000];0.0000000000;0.1116511448;0.7489786486;0.0000000000
35;570;[-0.0000000000,0.0000000000];[-0.0000000000,0.0000000000];[-0.0000000000,0.0000000000];0.0000000000;[-0.0000000000,0.0000000000];0.0000000000;0.1116511448;0.7489786486;0.0000000000
35;571;[-0.0000000000,0.0000000000];[-0.0000000000,0.0000000000];[-0.0000000000,0.0000000000];0.0000000000;[-0.0000000000,0.0000000000];0.0000000000;0.1116511448;0.7489786486;0.0000000000
35;572;[-0.0000000000,0.0000000000];[-0.0000000000,0.0000000000];[-0.0000000000,0.0000000000];0.0000000000;[-0.0000000000,0.0000000000];0.0000000000;0.1116511448;0.7489786486;0.0000000000
35;573;[-0.0000000000,0.0000000000];[-0.0000000000,0.0000000000];[-0.0000000000,0.0000000000];0.0000000000;[-0.0000000000,0.0000000000];0.0000000000;0.1116511448;0.7489786486;0.0000000000
35;574;[-0.0000000000,0.0000000000];[0.0000000000,0.0000000000];[0.0000000000,0.0000000000];0.0000000000;[-0.0000000000,0.0000000000];0.0000000000;0.1116511448;0.7489786486;0.0000000000
36;471;[0.0000000000,0.0000000000];[0.0000000000,0.0000000000];[0.0000000000,0.0000000000];0.0000000000;[-0.0000000000,0.0000000000];0.0000000000;0.0000000000;0.0000000000;0.0000000000
36;404;[0.0000000000,0.0000000000];[0.0000000000,0.0000000000];[0.0000000000,0.0000000000];0.0000000000;[-0.0000000000,0.0000000000];0.0000000000;0.0000000000;0.0000000000;0.0000000000
36;546;[-0.0000000000,0.0000000000];[-0.0000000000,0.0000000000];[-0.0000000000,0.0000000000];0.0000000000;[-0.0000000000,0.0000000000];0.0000000000;0.0000000000;0.0000000000;0.0000000000
36;560;[-0.0000000000,0.0000000000];[-0.0000000000,0.0000000000];[-0.0000000000,0.0000000000];0.0000000000;[-0.0000000000,0.0000000000];0.0000000000;0.0000000000;0.0000000000;0.0000000000
36;531;[0.0000000000,0.0000000000];[-0.0000000000,0.0000000000];[-0.0000000000,0.0000000000];0.0000000000;[-0.0000000000,0.0000000000];0.0000000000;0.0000000000;0.0000000000;0.0000000000
36;336;[-0.0000000000,0.0000000000];[-0.0000000000,0.0000000000];[-0.0000000000,0.0000000000];0.0000000000;[-0.0000000000,0.0000000000];0.0000000000;0.0000000000;0.0000000000;0.0000000000
36;570;[-0.0000000000,0.0000000000];[0.0000000000,0.0000000000];[0.0000000000,0.0000000000];0.0000000000;[-0.0000000000,0.0000000000];0.0000000000;0.0000000000;0.0000000000;0.0000000000
36;543;[0.0000000000,0.0000000000];[0.0000000000,0.0000000000];[0.0000000000,0.0000000000];0.0000000000;[-0.0000000000,0.0000000000];0.0000000000;0.0000000000;0.0000000000;0.0000000000
36;456;[-0.0000000000,0.0000000000];[0.0000000000,0.0000000000];[0.0000000000,0.0000000000];0.0000000000;[-0.0000000000,0.0000000000];0.0000000000;0.0000000000;0.0000000000;0.0000000000
36;559;[0.0000000000,0.0000000000];[0.0000000000,0.0000000000];[0.0000000000,0.0000000000];0.0000000000;[-0.0000000000,0.0000000000];0.0000000000;0.0000000000;0.0000000000;0.0000000000
36;547;[-0.0000000000,0.0000000000];[-0.0000000000,0.0000000000];[-0.0000000000,0.0000000000];0.0000000000;[-0.0000000000,0.0000000000];0.0000000000;0.0000000000;0.0000000000;0.0000000000
36;442;[0.0000000000,0.0000000000];[0.0000000000,0.0000000000];[0.0000000000,0.0000000000];0.0000000000;[-0.0000000000,0.0000000000];0.0000000000;0.0000000000;0.0000000000;0.0000000000
36;409;[0.0000000000,0.0000000000];[0.0000000000,0.0000000000];[0.0000000000,0.0000000000];0.0000000000;[-0.0000000000,0.0000000000];0.0000000000;0.0000000000;0.0000000000;0.0000000000
36;520;[-0.0000000000,0.0000000000];[-0.0000000000,0.0000000000];[-0.0000000000,0.0000000000];0.0000000000;[-0.0000000000,0.0000000000];0.0000000000;0.0000000000;0.0000000000;0.0000000000
36;507;[0.0000000000,0.0000000000];[-0.0000000000,0.0000000000];[-0.0000000000,0.0000000000];0.0000000000;[-0.0000000000,0.0000000000];0.0000000000;0.0000000000;0.0000000000;0.0000000000
36;535;[-0.0000000000,0.0000000000];[-0.0000000000,0.0000000000];[-0.0000000000,0.0000000000];0.0000000000;[-0.0000000000,0.0000000000];0.0000000000;0.0000000000;0.0000000000;0.0000000000
36;490;[0.0000000000,0.0000000000];[-0.0000000000,0.0000000000];[-0.0000000000,0.0000000000];0.0000000000;[-0.0000000000,0.0000000000];0.0000000000;0.0000000000;0.0000000000;0.0000000000
36;562;[0.0000000000,0.0000000000];[0.0000000000,0.0000000000];[0.0000000000,0.0000000000];0.0000000000;[-0.0000000000,0.0000000000];0.0000000000;0.0000000000;0.0000000000;0.0000000000
36;564;[0.0000000000,0.0000000000];[0.0000000000,0.0000000000];[0.0000000000,0.0000000000];0.0000000000;[-0.0000000000,0.0000000000];0.0000000000;0.0000000000;0.0000000000;0.0000000000
36;575;[-0.0000000000,11.2276288374];[-0.0000000000,0.6300764422];[-0.0000000000,0.6300764422];3.2522636774;[-0.0000000000,0.0000000000];0.0000000000;0.0000000000;0.0000000000;0.0000000000
36;576;[-0.0000000000,0.0000000000];[-0.0000000000,0.0000000000];[-0.0000000000,0.0000000000];0.0000000000;[-0.0000000000,0.0000000000];0.0000000000;0.1049117315;0.5746252191;0.0000000000
36;577;[0.0000000000,0.0000000000];[0.0000000000,0.0000000000];[0.0000000000,0.0000000000];0.0000000000;[-0.0000000000,0.0000000000];0.0000000000;0.1016332399;0.5658699313;0.0000000000
36;578;[-0.0000000000,0.0000000000];[0.0000000000,0.0000000000];[0.0000000000,0.0000000000];0.0000000000;[-0.0000000000,0.0000000000];0.0000000000;0.0985534448;0.5575024729;0.0000000000
36;579;[0.0000000000,0.0000000000];[0.0000000000,0.0000000000];[0.0000000000,0.0000000000];0.0000000000;[-0.0000000000,0.0000000000];0.0000000000;0.0956548140;0.5494950717;0.0000000000
36;580;[-0.0000000000,0.0000000000];[-0.0000000000,0.0000000000];[-0.0000000000,0.0000000000];0.0000000000;[-0.0000000000,0.0000000000];0.0000000000;0.0929218194;0.5418226586;0.0000000000
36;581;[0.0000000000,0.0000000000];[0.0000000000,0.0000000000];[0.0000000000,0.0000000000];0.0000000000;[-0.0000000000,0.0000000000];0.0000000000;0.0903406577;0.5344625386;0.0000000000
36;582;[-0.0000000000,0.0000000000];[-0.0000000000,0.0000000000];[-0.0000000000,0.0000000000];0.0000000000;[-0.0000000000,0.0000000000];0.0000000000;0.0878990183;0.5273941099;0.0000000000
36;583;[0.0000000000,0.0000000000];[0.0000000000,0.0000000000];[0.0000000000,0.0000000000];0.0000000000;[-0.0000000000,0.0000000000];0.0000000000;0.0855858862;0.5205986220;0.0000000000
36;584;[0.0000000000,0.0000000000];[0.0000000000,0.0000000000];[0.0000000000,0.0000000000];0.0000000000;[-0.0000000000,0.0000000000];0.0000000000;0.0833913763;0.5140589681;0.0000000000
36;585;[0.0000000000,0.0000000000];[0.0000000000,0.0000000000];[0.0000000000,0.0000000000];0.0000000000;[-0.0000000000,0.0000000000];0.0000000000;0.0813065919;0.5077595039;0.0000000000
36;586;[0.0000000000,0.0000000000];[0.0000000000,0.0000000000];[0.0000000000,0.0000000000];0.0000000000;[-0.0000000000,0.0000000000];0.0000000000;0.0793235043;0.5016858913;0.0000000000
36;587;[0.0000000000,0.0000000000];[0.0000000000,0.0000000000];[0.0000000000,0.0000000000];0.0000000000;[-0.0000000000,0.0000000000];0.0000000000;0.0774348495;0.4958249614;0.0000000000
36;588;[-0.0000000000,0.0000000000];[-0.0000000000,0.0000000000];[-0.0000000000,0.0000000000];0.0000000000;[-0.0000000000,0.0000000000];0.0000000000;0.0756340390;0.4901645948;0.0000000000
36;589;[10.5190681565,0.0000000000];[8.5101010094,0.0000000000];[8.5101010094,0.0000000000];15.7144973502;[-0.0000000000,0.0000000000];0.0000000000;0.0739150836;0.4846936166;0.0000000000
36;590;[0.0000000000,0.0000000000];[0.0000000000,0.0000000000];[0.0000000000,0.0000000000];0.0000000000;[-0.0000000000,0.0000000000];0.0000000000;0.4214835784;2.3547987302;0.0000000000
36;408;[-0.0000000000,0.0000000000];[-0.0000000000,0.0000000000];[-0.0000000000,0.0000000000];0.0000000000;[-0.0000000000,0.0000000000];0.0000000000;0.4123208919;2.3298733599;0.0000000000
36;326;[-0.0000000000,0.0000000000];[-0.0000000000,0.0000000000];[-0.0000000000,0.0000000000];0.0000000000;[-0.0000000000,0.0000000000];0.0000000000;0.4123208919;2.3298733599;0.0000000000
36;549;[0.0000000000,0.0000000000];[0.0000000000,0.0000000000];[0.0000000000,0.0000000000];0.0000000000;[-0.0000000000,0.0000000000];0.0000000000;0.4123208919;2.3298733599;0.0000000000
36;565;[-0.0000000000,0.0000000000];[-0.0000000000,0.0000000000];[-0.0000000000,0.0000000000];0.0000000000;[-0.0000000000,0.0000000000];0.0000000000;0.4123208919;2.3298733599;0.0000000000
36;567;[-0.0000000000,0.0000000000];[-0.0000000000,0.0000000000];[-0.0000000000,0.0000000000];0.0000000000;[-0.0000000000,0.0000000000];0.0000000000;0.4123208919;2.3298733599;0.0000000000
36;572;[-0.0000000000,0.0000000000];[-0.0000000000,0.0000000000];[-0.0000000000,0.0000000000];0.0000000000;[-0.0000000000,0.0000000000];0.0000000000;0.4123208919;2.3298733599;0.0000000000
36;573;[-0.0000000000,0.0000000000];[-0.0000000000,0.0000000000];[-0.0000000000,0.0000000000];0.0000000000;[-0.0000000000,0.0000000000];0.0000000000;0.4123208919;2.3298733599;0.0000000000
36;574;[0.0000000000,0.0000000000];[-0.0000000000,0.0000000000];[-0.0000000000,0.0000000000];0.0000000000;[-0.0000000000,0.0000000000];0.0000000000;0.4123208919;2.3298733599;0.0000000000
36;553;[-0.0000000000,0.0000000000];[-0.0000000000,0.0000000000];[-0.0000000000,0.0000000000];0.0000000000;[-0.0000000000,0.0000000000];0.0000000000;0.4123208919;2.3298733599;0.0000000000
36;543;[0.0000000000,0.0000000000];[0.0000000000,0.0000000000];[0.0000000000,0.0000000000];0.0000000000;[-0.0000000000,0.0000000000];0.0000000000;0.4123208919;2.3298733599;0.0000000000
36;547;[-0.0000000000,0.0000000000];[-0.0000000000,0.0000000000];[-0.0000000000,0.0000000000];0.0000000000;[-0.0000000000,0.0000000000];0.0000000000;0.4123208919;2.3298733599;0.0000000000
36;575;[-0.0000000000,0.6300764422];[-0.0000000000,0.0538344298];[-0.0000000000,0.0538344298];0.2276218626;[-0.0000000000,0.0000000000];0.0000000000;0.3465678090;2.2911560275;0.0000000000
36;576;[-0.0000000000,0.0000000000];[-0.0000000000,0.0000000000];[-0.0000000000,0.0000000000];0.0000000000;[-0.0000000000,0.0000000000];0.0000000000;0.3465678090;2.2911560275;0.0000000000
36;577;[0.0000000000,0.0000000000];[-0.0000000000,0.0000000000];[-0.0000000000,0.0000000000];0.0000000000;[-0.0000000000,0.0000000000];0.0000000000;0.3465678090;2.2911560275;0.0000000000
36;578;[0.0000000000,0.0000000000];[-0.0000000000,0.0000000000];[-0.0000000000,0.0000000000];0.0000000000;[-0.0000000000,0.0000000000];0.0000000000;0.3465678090;2.2911560275;0.0000000000
36;579;[0.0000000000,0.0000000000];[-0.0000000000,0.0000000000];[-0.0000000000,0.0000000000];0.0000000000;[-0.0000000000,0.0000000000];0.0000000000;0.3465678090;2.2911560275;0.0000000000
36;580;[-0.0000000000,0.0000000000];[-0.0000000000,0.0000000000];[-0.0000000000,0.0000000000];0.0000000000;[-0.0000000000,0.0000000000];0.0000000000;0.3465678090;2.2911560275;0.0000000000
36;581;[0.0000000000,0.0000000000];[0.0000000000,0.0000000000];[0.0000000000,0.0000000000];0.0000000000;[-0.0000000000,0.0000000000];0.0000000000;0.3465678090;2.2911560275;0.0000000000
36;582;[-0.0000000000,0.0000000000];[-0.0000000000,0.0000000000];[-0.0000000000,0.0000000000];0.0000000000;[-0.0000000000,0.0000000000];0.0000000000;0.3465678090;2.2911560275;0.0000000000
36;583;[0.0000000000,0.0000000000];[-0.0000000000,0.0000000000];[-0.0000000000,0.0000000000];0.0000000000;[-0.0000000000,0.0000000000];0.0000000000;0.3465678090;2.2911560275;0.0000000000
36;584;[0.0000000000,0.0000000000];[0.0000000000,0.0000000000];[0.0000000000,0.0000000000];0.0000000000;[-0.0000000000,0.0000000000];0.0000000000;0.3465678090;2.2911560275;0.0000000000
36;585;[0.0000000000,0.0000000000];[0.0000000000,0.0000000000];[0.0000000000,0.0000000000];0.0000000000;[-0.0000000000,0.0000000000];0.0000000000;0.3465678090;2.2911560275;0.0000000000
36;586;[0.0000000000,0.0000000000];[-0.0000000000,0.0000000000];[-0.0000000000,0.0000000000];0.0000000000;[-0.0000000000,0.0000000000];0.0000000000;0.3465678090;2.2911560275;0.0000000000
36;587;[0.0000000000,0.0000000000];[-0.0000000000,0.0000000000];[-0.0000000000,0.0000000000];0.0000000000;[-0.0000000000,0.0000000000];0.0000000000;0.3465678090;2.2911560275;0.0000000000
36;588;[-0.0000000000,0.0000000000];[-0.0000000000,0.0000000000];[-0.0000000000,0.0000000000];0.0000000000;[-0.0000000000,0.0000000000];0.0000000000;0.3465678090;2.2911560275;0.0000000000
36;589;[8.5101010094,0.0000000000];[1.6722227534,0.0000000000];[1.6722227534,0.0000000000];5.6265975491;[-0.0000000000,0.0000000000];0.0000000000;0.1272656394;0.8204634257;0.0000000000
36;590;[0.0000000000,0.0000000000];[-0.0000000000,0.0000000000];[-0.0000000000,0.0000000000];0.0000000000;[-0.0000000000,0.0000000000];0.0000000000;0.1272656394;0.8204634257;0.0000000000
37;471;[0.0000000000,0.0000000000];[-0.0000000000,0.0000000000];[-0.0000000000,0.0000000000];0.0000000000;[-0.0000000000,0.0000000000];0.0000000000;0.0000000000;0.0000000000;0.0000000000
37;546;[-0.0000000000,0.0000000000];[-0.0000000000,0.0000000000];[-0.0000000000,0.0000000000];0.0000000000;[-0.0000000000,0.0000000000];0.0000000000;0.0000000000;0.0000000000;0.0000000000
37;577;[-0.0000000000,0.0000000000];[-0.0000000000,0.0000000000];[-0.0000000000,0.0000000000];0.0000000000;[-0.0000000000,0.0000000000];0.0000000000;0.0000000000;0.0000000000;0.0000000000
37;560;[-0.0000000000,0.0000000000];[-0.0000000000,0.0000000000];[-0.0000000000,0.0000000000];0.0000000000;[-0.0000000000,0.0000000000];0.0000000000;0.0000000000;0.0000000000;0.0000000000
37;531;[-0.0000000000,0.0000000000];[-0.0000000000,0.0000000000];[-0.0000000000,0.0000000000];0.0000000000;[-0.0000000000,0.0000000000];0.0000000000;0.0000000000;0.0000000000;0.0000000000
37;336;[-0.0000000000,0.0000000000];[-0.0000000000,0.0000000000];[-0.0000000000,0.0000000000];0.0000000000;[-0.0000000000,0.0000000000];0.0000000000;0.0000000000;0.0000000000;0.0000000000
37;570;[0.0000000000,0.0000000000];[-0.0000000000,0.0000000000];[-0.0000000000,0.0000000000];0.0000000000;[-0.0000000000,0.0000000000];0.0000000000;0.0000000000;0.0000000000;0.0000000000
37;580;[-0.0000000000,0.0000000000];[-0.0000000000,0.0000000000];[-0.0000000000,0.0000000000];0.0000000000;[-0.0000000000,0.0000000000];0.0000000000;0.0000000000;0.0000000000;0.0000000000
37;582;[-0.0000000000,0.0000000000];[-0.0000000000,0.0000000000];[-0.0000000000,0.0000000000];0.0000000000;[-0.0000000000,0.0000000000];0.0000000000;0.0000000000;0.0000000000;0.0000000000
37;456;[0.0000000000,0.0000000000];[0.0000000000,0.0000000000];[0.0000000000,0.0000000000];0.0000000000;[-0.0000000000,0.0000000000];0.0000000000;0.0000000000;0.0000000000;0.0000000000
37;559;[0.0000000000,0.0000000000];[0.0000000000,0.0000000000];[0.0000000000,0.0000000000];0.0000000000;[-0.0000000000,0.0000000000];0.0000000000;0.0000000000;0.0000000000;0.0000000000
37;565;[-0.0000000000,0.0000000000];[0.0000000000,0.0000000000];[0.0000000000,0.0000000000];0.0000000000;[-0.0000000000,0.0000000000];0.0000000000;0.0000000000;0.0000000000;0.0000000000
37;581;[0.0000000000,0.0000000000];[0.0000000000,0.0000000000];[0.0000000000,0.0000000000];0.0000000000;[-0.0000000000,0.0000000000];0.0000000000;0.0000000000;0.0000000000;0.0000000000
37;409;[0.0000000000,0.0000000000];[-0.0000000000,0.0000000000];[-0.0000000000,0.0000000000];0.0000000000;[-0.0000000000,0.0000000000];0.0000000000;0.0000000000;0.0000000000;0.0000000000
37;520;[-0.0000000000,0.0000000000];[-0.0000000000,0.0000000000];[-0.0000000000,0.0000000000];0.0000000000;[-0.0000000000,0.0000000000];0.0000000000;0.0000000000;0.0000000000;0.0000000000
37;507;[-0.0000000000,0.0000000000];[-0.0000000000,0.0000000000];[-0.0000000000,0.0000000000];0.0000000000;[-0.0000000000,0.0000000000];0.0000000000;0.0000000000;0.0000000000;0.0000000000
37;535;[-0.0000000000,0.0000000000];[-0.0000000000,0.0000000000];[-0.0000000000,0.0000000000];0.0000000000;[-0.0000000000,0.0000000000];0.0000000000;0.0000000000;0.0000000000;0.0000000000
37;490;[-0.0000000000,0.0000000000];[-0.0000000000,0.0000000000];[-0.0000000000,0.0000000000];0.0000000000;[-0.0000000000,0.0000000000];0.0000000000;0.0000000000;0.0000000000;0.0000000000
37;579;[-0.0000000000,0.0000000000];[-0.0000000000,0.0000000000];[-0.0000000000,0.0000000000];0.0000000000;[-0.0000000000,0.0000000000];0.0000000000;0.0000000000;0.0000000000;0.0000000000
37;567;[-0.0000000000,0.0000000000];[-0.0000000000,0.0000000000];[-0.0000000000,0.0000000000];0.0000000000;[-0.0000000000,0.0000000000];0.0000000000;0.0000000000;0.0000000000;0.0000000000
37;562;[0.0000000000,0.0000000000];[0.0000000000,0.0000000000];[0.0000000000,0.0000000000];0.0000000000;[-0.0000000000,0.0000000000];0.0000000000;0.0000000000;0.0000000000;0.0000000000
37;576;[-0.0000000000,0.0000000000];[-0.0000000000,0.0000000000];[-0.0000000000,0.0000000000];0.0000000000;[-0.0000000000,0.0000000000];0.0000000000;0.0000000000;0.0000000000;0.0000000000
37;591;[-0.0000000000,0.0000000000];[-0.0000000000,0.0000000000];[-0.0000000000,0.0000000000];0.0000000000;[-0.0000000000,0.0000000000];0.0000000000;0.0000000000;0.0000000000;0.0000000000
37;592;[-0.0000000000,0.0000000000];[-0.0000000000,0.0000000000];[-0.0000000000,0.0000000000];0.0000000000;[-0.0000000000,0.0000000000];0.0000000000;0.0000000000;0.0000000000;0.0000000000
37;593;[-0.0000000000,0.0000000000];[-0.0000000000,0.0000000000];[-0.0000000000,0.0000000000];0.0000000000;[-0.0000000000,0.0000000000];0.0000000000;0.0000000000;0.0000000000;0.0000000000
37;594;[-0.0000000000,0.0000000000];[-0.0000000000,0.0000000000];[-0.0000000000,0.0000000000];0.0000000000;[-0.0000000000,0.0000000000];0.0000000000;0.0000000000;0.0000000000;0.0000000000
37;595;[-0.0000000000,0.0000000000];[-0.0000000000,0.0000000000];[-0.0000000000,0.0000000000];0.0000000000;[-0.0000000000,0.0000000000];0.0000000000;0.0000000000;0.0000000000;0.0000000000
37;596;[-0.0000000000,0.0000000000];[-0.0000000000,0.0000000000];[-0.0000000000,0.0000000000];0.0000000000;[-0.0000000000,0.0000000000];0.0000000000;0.0000000000;0.0000000000;0.0000000000
37;597;[-0.0000000000,0.0000000000];[-0.0000000000,0.0000000000];[-0.0000000000,0.0000000000];0.0000000000;[-0.0000000000,0.0000000000];0.0000000000;0.0000000000;0.0000000000;0.0000000000
37;598;[-0.0000000000,0.0000000000];[-0.0000000000,0.0000000000];[-0.0000000000,0.0000000000];0.0000000000;[-0.0000000000,0.0000000000];0.0000000000;0.0000000000;0.0000000000;0.0000000000
37;599;[0.0000000000,0.0000000000];[0.0000000000,0.0000000000];[0.0000000000,0.0000000000];0.0000000000;[-0.0000000000,0.0000000000];0.0000000000;0.0000000000;0.0000000000;0.0000000000
37;600;[0.0000000000,0.0000000000];[0.0000000000,0.0000000000];[0.0000000000,0.0000000000];0.0000000000;[-0.0000000000,0.0000000000];0.0000000000;0.0000000000;0.0000000000;0.0000000000
37;601;[0.0000000000,0.0000000000];[0.0000000000,0.0000000000];[0.0000000000,0.0000000000];0.0000000000;[-0.0000000000,0.0000000000];0.0000000000;0.0000000000;0.0000000000;0.0000000000
37;602;[0.0000000000,0.0000000000];[0.0000000000,0.0000000000];[0.0000000000,0.0000000000];0.0000000000;[-0.0000000000,0.0000000000];0.0000000000;0.0000000000;0.0000000000;0.0000000000
37;603;[-0.0000000000,0.0000000000];[-0.0000000000,0.0000000000];[-0.0000000000,0.0000000000];0.0000000000;[-0.0000000000,0.0000000000];0.0000000000;0.0000000000;0.0000000000;0.0000000000
37;604;[-0.0000000000,0.0000000000];[-0.0000000000,0.0000000000];[-0.0000000000,0.0000000000];0.0000000000;[-0.0000000000,0.0000000000];0.0000000000;0.0000000000;0.0000000000;0.0000000000
37;605;[-0.0000000000,0.0000000000];[-0.0000000000,0.0000000000];[-0.0000000000,0.0000000000];0.0000000000;[-0.0000000000,0.0000000000];0.0000000000;0.0000000000;0.0000000000;0.0000000000
37;606;[-0.0000000000,0.0000000000];[-0.0000000000,0.0000000000];[-0.0000000000,0.0000000000];0.0000000000;[-0.0000000000,0.0000000000];0.0000000000;0.0000000000;0.0000000000;0.0000000000
37;607;[-0.0000000000,0.0000000000];[-0.0000000000,0.0000000000];[-0.0000000000,0.0000000000];0.0000000000;[-0.0000000000,0.0000000000];0.0000000000;0.0000000000;0.0000000000;0.0000000000
37;608;[-0.0000000000,0.0000000000];[-0.0000000000,0.0000000000];[-0.0000000000,0.0000000000];0.0000000000;[-0.0000000000,0.0000000000];0.0000000000;0.0000000000;0.0000000000;0.0000000000
37;549;[0.0000000000,0.0000000000];[-0.0000000000,0.0000000000];[-0.0000000000,0.0000000000];0.0000000000;[-0.0000000000,0.0000000000];0.0000000000;0.0000000000;0.0000000000;0.0000000000
37;572;[-0.0000000000,0.0000000000];[-0.0000000000,0.0000000000];[-0.0000000000,0.0000000000];0.0000000000;[-0.0000000000,0.0000000000];0.0000000000;0.0000000000;0.0000000000;0.0000000000
37;578;[-0.0000000000,0.0000000000];[-0.0000000000,0.0000000000];[-0.0000000000,0.0000000000];0.0000000000;[-0.0000000000,0.0000000000];0.0000000000;0.0000000000;0.0000000000;0.0000000000
37;583;[-0.0000000000,0.0000000000];[-0.0000000000,0.0000000000];[-0.0000000000,0.0000000000];0.0000000000;[-0.0000000000,0.0000000000];0.0000000000;0.0000000000;0.0000000000;0.0000000000
37;584;[0.0000000000,0.0000000000];[0.0000000000,0.0000000000];[0.0000000000,0.0000000000];0.0000000000;[-0.0000000000,0.0000000000];0.0000000000;0.0000000000;0.0000000000;0.0000000000
37;587;[-0.0000000000,0.0000000000];[-0.0000000000,0.0000000000];[-0.0000000000,0.0000000000];0.0000000000;[-0.0000000000,0.0000000000];0.0000000000;0.0000000000;0.0000000000;0.0000000000
37;588;[-0.0000000000,0.0000000000];[-0.0000000000,0.0000000000];[-0.0000000000,0.0000000000];0.0000000000;[-0.0000000000,0.0000000000];0.0000000000;0.0000000000;0.0000000000;0.0000000000
37;562;[0.0000000000,0.0000000000];[0.0000000000,0.0000000000];[0.0000000000,0.0000000000];0.0000000000;[-0.0000000000,0.0000000000];0.0000000000;0.0000000000;0.0000000000;0.0000000000
37;591;[-0.0000000000,0.0000000000];[-0.0000000000,0.0000000000];[-0.0000000000,0.0000000000];0.0000000000;[-0.0000000000,0.0000000000];0.0000000000;0.0000000000;0.0000000000;0.0000000000
37;592;[-0.0000000000,0.0000000000];[-0.0000000000,0.0000000000];[-0.0000000000,0.0000000000];0.0000000000;[-0.0000000000,0.0000000000];0.0000000000;0.0000000000;0.0000000000;0.0000000000
37;593;[-0.0000000000,0.0000000000];[-0.0000000000,0.0000000000];[-0.0000000000,0.0000000000];0.0000000000;[-0.0000000000,0.0000000000];0.0000000000;0.0000000000;0.0000000000;0.0000000000
37;594;[-0.0000000000,0.0000000000];[-0.0000000000,0.0000000000];[-0.0000000000,0.0000000000];0.0000000000;[-0.0000000000,0.0000000000];0.0000000000;0.0000000000;0.0000000000;0.0000000000
37;595;[-0.0000000000,0.0000000000];[-0.0000000000,0.0000000000];[-0.0000000000,0.0000000000];0.0000000000;[-0.0000000000,0.0000000000];0.0000000000;0.0000000000;0.0000000000;0.0000000000
37;596;[-0.0000000000,0.0000000000];[-0.0000000000,0.0000000000];[-0.0000000000,0.0000000000];0.0000000000;[-0.0000000000,0.0000000000];0.0000000000;0.0000000000;0.0000000000;0.0000000000
37;597;[-0.0000000000,0.0000000000];[-0.0000000000,0.0000000000];[-0.0000000000,0.0000000000];0.0000000000;[-0.0000000000,0.0000000000];0.0000000000;0.0000000000;0.0000000000;0.0000000000
37;598;[-0.0000000000,0.0000000000];[-0.0000000000,0.0000000000];[-0.0000000000,0.0000000000];0.0000000000;[-0.0000000000,0.0000000000];0.0000000000;0.0000000000;0.0000000000;0.0000000000
37;599;[0.0000000000,0.0000000000];[-0.0000000000,0.0000000000];[-0.0000000000,0.0000000000];0.0000000000;[-0.0000000000,0.0000000000];0.0000000000;0.0000000000;0.0000000000;0.0000000000
37;600;[0.0000000000,0.0000000000];[0.0000000000,0.0000000000];[0.0000000000,0.0000000000];0.0000000000;[-0.0000000000,0.0000000000];0.0000000000;0.0000000000;0.0000000000;0.0000000000
37;601;[0.0000000000,0.0000000000];[0.0000000000,0.0000000000];[0.0000000000,0.0000000000];0.0000000000;[-0.0000000000,0.0000000000];0.0000000000;0.0000000000;0.0000000000;0.0000000000
37;602;[0.0000000000,0.0000000000];[0.0000000000,0.0000000000];[0.0000000000,0.0000000000];0.0000000000;[-0.0000000000,0.0000000000];0.0000000000;0.0000000000;0.0000000000;0.0000000000
37;603;[-0.0000000000,0.0000000000];[0.0000000000,0.0000000000];[0.0000000000,0.0000000000];0.0000000000;[-0.0000000000,0.0000000000];0.0000000000;0.0000000000;0.0000000000;0.0000000000
37;604;[-0.0000000000,0.0000000000];[-0.0000000000,0.0000000000];[-0.0000000000,0.0000000000];0.0000000000;[-0.0000000000,0.0000000000];0.0000000000;0.0000000000;0.0000000000;0.0000000000
37;605;[-0.0000000000,0.0000000000];[-0.0000000000,0.0000000000];[-0.0000000000,0.0000000000];0.0000000000;[-0.0000000000,0.0000000000];0.0000000000;0.0000000000;0.0000000000;0.0000000000
37;606;[-0.0000000000,0.0000000000];[-0.0000000000,0.0000000000];[-0.0000000000,0.0000000000];0.0000000000;[-0.0000000000,0.0000000000];0.0000000000;0.0000000000;0.0000000000;0.0000000000
37;607;[-0.0000000000,0.0000000000];[-0.0000000000,0.0000000000];[-0.0000000000,0.0000000000];0.0000000000;[-0.0000000000,0.0000000000];0.0000000000;0.0000000000;0.0000000000;0.0000000000
37;608;[-0.0000000000,0.0000000000];[-0.0000000000,0.0000000000];[-0.0000000000,0.0000000000];0.0000000000;[-0.0000000000,0.0000000000];0.0000000000;0.0000000000;0.0000000000;0.0000000000
38;546;[-0.0000000000,0.0000000000];[-0.0000000000,0.0000000000];[-0.0000000000,0.0000000000];0.0000000000;[-0.0000000000,0.0000000000];0.0000000000;0.0000000000;0.0000000000;0.0000000000
38;577;[-0.0000000000,0.0000000000];[-0.0000000000,0.0000000000];[-0.0000000000,0.0000000000];0.0000000000;[-0.0000000000,0.0000000000];0.0000000000;0.0000000000;0.0000000000;0.0000000000
38;595;[-0.0000000000,0.0000000000];[-0.0000000000,0.0000000000];[-0.0000000000,0.0000000000];0.0000000000;[-0.0000000000,0.0000000000];0.0000000000;0.0000000000;0.0000000000;0.0000000000
38;531;[-0.0000000000,0.0000000000];[-0.0000000000,0.0000000000];[-0.0000000000,0.0000000000];0.0000000000;[-0.0000000000,0.0000000000];0.0000000000;0.0000000000;0.0000000000;0.0000000000
38;336;[-0.0000000000,0.0000000000];[-0.0000000000,0.0000000000];[-0.0000000000,0.0000000000];0.0000000000;[-0.0000000000,0.0000000000];0.0000000000;0.0000000000;0.0000000000;0.0000000000
38;570;[-0.0000000000,0.0000000000];[-0.0000000000,0.0000000000];[-0.0000000000,0.0000000000];0.0000000000;[-0.0000000000,0.0000000000];0.0000000000;0.0000000000;0.0000000000;0.0000000000
38;601;[0.0000000000,0.0000000000];[-0.0000000000,0.0000000000];[-0.0000000000,0.0000000000];0.0000000000;[-0.0000000000,0.0000000000];0.0000000000;0.0000000000;0.0000000000;0.0000000000
38;582;[-0.0000000000,0.0000000000];[-0.0000000000,0.0000000000];[-0.0000000000,0.0000000000];0.0000000000;[-0.0000000000,0.0000000000];0.0000000000;0.0000000000;0.0000000000;0.0000000000
38;559;[0.0000000000,0.0000000000];[-0.0000000000,0.0000000000];[-0.0000000000,0.0000000000];0.0000000000;[-0.0000000000,0.0000000000];0.0000000000;0.0000000000;0.0000000000;0.0000000000
38;565;[0.0000000000,0.0000000000];[0.0000000000,0.0000000000];[0.0000000000,0.0000000000];0.0000000000;[-0.0000000000,0.0000000000];0.0000000000;0.0000000000;0.0000000000;0.0000000000
38;587;[-0.0000000000,0.0000000000];[-0.0000000000,0.0000000000];[-0.0000000000,0.0000000000];0.0000000000;[-0.0000000000,0.0000000000];0.0000000000;0.0000000000;0.0000000000;0.0000000000
38;581;[0.0000000000,0.0000000000];[0.0000000000,0.0000000000];[0.0000000000,0.0000000000];0.0000000000;[-0.0000000000,0.0000000000];0.0000000000;0.0000000000;0.0000000000;0.0000000000
38;520;[-0.0000000000,0.0000000000];[-0.0000000000,0.0000000000];[-0.0000000000,0.0000000000];0.0000000000;[-0.0000000000,0.0000000000];0.0000000000;0.0000000000;0.0000000000;0.0000000000
38;507;[-0.0000000000,0.0000000000];[-0.0000000000,0.0000000000];[-0.0000000000,0.0000000000];0.0000000000;[-0.0000000000,0.0000000000];0.0000000000;0.0000000000;0.0000000000;0.0000000000
38;535;[-0.0000000000,0.0000000000];[-0.0000000000,0.0000000000];[-0.0000000000,0.0000000000];0.0000000000;[-0.0000000000,0.0000000000];0.0000000000;0.0000000000;0.0000000000;0.0000000000
38;490;[-0.0000000000,0.0000000000];[-0.0000000000,0.0000000000];[-0.0000000000,0.0000000000];0.0000000000;[-0.0000000000,0.0000000000];0.0000000000;0.0000000000;0.0000000000;0.0000000000
38;579;[-0.0000000000,0.0000000000];[-0.0000000000,0.0000000000];[-0.0000000000,0.0000000000];0.0000000000;[-0.0000000000,0.0000000000];0.0000000000;0.0000000000;0.0000000000;0.0000000000
38;567;[-0.0000000000,0.0000000000];[-0.0000000000,0.0000000000];[-0.0000000000,0.0000000000];0.0000000000;[-0.0000000000,0.0000000000];0.0000000000;0.0000000000;0.0000000000;0.0000000000
38;598;[-0.0000000000,0.0000000000];[-0.0000000000,0.0000000000];[-0.0000000000,0.0000000000];0.0000000000;[-0.0000000000,0.0000000000];0.0000000000;0.0000000000;0.0000000000;0.0000000000
38;574;[-0.0000000000,0.0000000000];[-0.0000000000,0.0000000000];[-0.0000000000,0.0000000000];0.0000000000;[-0.0000000000,0.0000000000];0.0000000000;0.0000000000;0.0000000000;0.0000000000
38;584;[0.0000000000,0.0000000000];[-0.0000000000,0.0000000000];[-0.0000000000,0.0000000000];0.0000000000;[-0.0000000000,0.0000000000];0.0000000000;0.0000000000;0.0000000000;0.0000000000
38;409;[-0.0000000000,0.0000000000];[-0.0000000000,0.0000000000];[-0.0000000000,0.0000000000];0.0000000000;[-0.0000000000,0.0000000000];0.0000000000;0.0000000000;0.0000000000;0.0000000000
38;597;[-0.0000000000,0.0000000000];[-0.0000000000,0.0000000000];[-0.0000000000,0.0000000000];0.0000000000;[-0.0000000000,0.0000000000];0.0000000000;0.0000000000;0.0000000000;0.0000000000
38;609;[-0.0000000000,0.0000000000];[-0.0000000000,0.0000000000];[-0.0000000000,0.0000000000];0.0000000000;[-0.0000000000,0.0000000000];0.0000000000;0.0000000000;0.0000000000;0.0000000000
38;610;[-0.0000000000,0.0000000000];[-0.0000000000,0.0000000000];[-0.0000000000,0.0000000000];0.0000000000;[-0.0000000000,0.0000000000];0.0000000000;0.0000000000;0.0000000000;0.0000000000
38;611;[-0.0000000000,0.0000000000];[-0.0000000000,0.0000000000];[-0.0000000000,0.0000000000];0.0000000000;[-0.0000000000,0.0000000000];0.0000000000;0.0000000000;0.0000000000;0.0000000000
38;612;[-0.0000000000,0.0000000000];[-0.0000000000,0.0000000000];[-0.0000000000,0.0000000000];0.0000000000;[-0.0000000000,0.0000000000];0.0000000000;0.0000000000;0.0000000000;0.0000000000
38;613;[-0.0000000000,0.0000000000];[-0.0000000000,0.0000000000];[-0.0000000000,0.0000000000];0.0000000000;[-0.0000000000,0.0000000000];0.0000000000;0.0000000000;0.0000000000;0.0000000000
38;614;[-0.0000000000,0.0000000000];[-0.0000000000,0.0000000000];[-0.0000000000,0.0000000000];0.0000000000;[-0.0000000000,0.0000000000];0.0000000000;0.0000000000;0.0000000000;0.0000000000
38;615;[-0.0000000000,0.0000000000];[-0.0000000000,0.0000000000];[-0.0000000000,0.0000000000];0.0000000000;[-0.0000000000,0.0000000000];0.0000000000;0.0000000000;0.0000000000;0.0000000000
38;616;[-0.0000000000,0.0000000000];[-0.0000000000,0.0000000000];[-0.0000000000,0.0000000000];0.0000000000;[-0.0000000000,0.0000000000];0.0000000000;0.0000000000;0.0000000000;0.0000000000
38;617;[0.0000000000,14.6107198430];[0.0000000000,2.0607283345];[0.0000000000,2.0607283345];5.1521385515;[-0.0000000000,0.0000000000];0.0000000000;0.0000000000;0.0000000000;0.0000000000
38;618;[-0.0000000000,0.0000000000];[-0.0000000000,0.0000000000];[-0.0000000000,0.0000000000];0.0000000000;[-0.0000000000,0.0000000000];0.0000000000;0.1321061167;0.8143567957;0.0000000000
38;619;[0.0000000000,0.0000000000];[0.0000000000,0.0000000000];[0.0000000000,0.0000000000];0.0000000000;[-0.0000000000,0.0000000000];0.0000000000;0.1288034638;0.8043773735;0.0000000000
38;620;[-0.0000000000,0.0000000000];[-0.0000000000,0.0000000000];[-0.0000000000,0.0000000000];0.0000000000;[-0.0000000000,0.0000000000];0.0000000000;0.1256619159;0.7947557387;0.0000000000
38;621;[0.0000000000,0.0000000000];[0.0000000000,0.0000000000];[0.0000000000,0.0000000000];0.0000000000;[-0.0000000000,0.0000000000];0.0000000000;0.1226699655;0.7854710294;0.0000000000
38;622;[-0.0000000000,0.0000000000];[-0.0000000000,0.0000000000];[-0.0000000000,0.0000000000];0.0000000000;[-0.0000000000,0.0000000000];0.0000000000;0.1198171756;0.7765040464;0.0000000000
38;623;[0.0000000000,0.0000000000];[0.0000000000,0.0000000000];[0.0000000000,0.0000000000];0.0000000000;[-0.0000000000,0.0000000000];0.0000000000;0.1170940580;0.7678370868;0.0000000000
38;624;[-0.0000000000,0.0000000000];[-0.0000000000,0.0000000000];[-0.0000000000,0.0000000000];0.0000000000;[-0.0000000000,0.0000000000];0.0000000000;0.1144919678;0.7594537975;0.0000000000
38;625;[-0.0000000000,0.0000000000];[-0.0000000000,0.0000000000];[-0.0000000000,0.0000000000];0.0000000000;[-0.0000000000,0.0000000000];0.0000000000;0.1120030120;0.7513390455;0.0000000000
38;626;[-0.0000000000,0.0000000000];[-0.0000000000,0.0000000000];[-0.0000000000,0.0000000000];0.0000000000;[-0.0000000000,0.0000000000];0.0000000000;0.1096199692;0.7434788037;0.0000000000
38;572;[-0.0000000000,0.0000000000];[-0.0000000000,0.0000000000];[-0.0000000000,0.0000000000];0.0000000000;[-0.0000000000,0.0000000000];0.0000000000;0.1073362198;0.7358600492;0.0000000000
38;583;[-0.0000000000,0.0000000000];[-0.0000000000,0.0000000000];[-0.0000000000,0.0000000000];0.0000000000;[-0.0000000000,0.0000000000];0.0000000000;0.1073362198;0.7358600492;0.0000000000
38;599;[-0.0000000000,0.0000000000];[-0.0000000000,0.0000000000];[-0.0000000000,0.0000000000];0.0000000000;[-0.0000000000,0.0000000000];0.0000000000;0.1073362198;0.7358600492;0.0000000000
38;602;[0.0000000000,0.0000000000];[0.0000000000,0.0000000000];[0.0000000000,0.0000000000];0.0000000000;[-0.0000000000,0.0000000000];0.0000000000;0.1073362198;0.7358600492;0.0000000000
38;607;[-0.0000000000,0.0000000000];[-0.0000000000,0.0000000000];[-0.0000000000,0.0000000000];0.0000000000;[-0.0000000000,0.0000000000];0.0000000000;0.1073362198;0.7358600492;0.0000000000
38;608;[-0.0000000000,0.0000000000];[-0.0000000000,0.0000000000];[-0.0000000000,0.0000000000];0.0000000000;[-0.0000000000,0.0000000000];0.0000000000;0.1073362198;0.7358600492;0.0000000000
38;574;[-0.0000000000,0.0000000000];[-0.0000000000,0.0000000000];[-0.0000000000,0.0000000000];0.0000000000;[-0.0000000000,0.0000000000];0.0000000000;0.1073362198;0.7358600492;0.0000000000
38;609;[-0.0000000000,0.0000000000];[-0.0000000000,0.0000000000];[-0.0000000000,0.0000000000];0.0000000000;[-0.0000000000,0.0000000000];0.0000000000;0.1073362198;0.7358600492;0.0000000000
38;610;[-0.0000000000,0.0000000000];[-0.0000000000,0.0000000000];[-0.0000000000,0.0000000000];0.0000000000;[-0.0000000000,0.0000000000];0.0000000000;0.1073362198;0.7358600492;0.0000000000
38;611;[-0.0000000000,0.0000000000];[-0.0000000000,0.0000000000];[-0.0000000000,0.0000000000];0.0000000000;[-0.0000000000,0.0000000000];0.0000000000;0.1073362198;0.7358600492;0.0000000000
38;612;[-0.0000000000,0.0000000000];[-0.0000000000,0.0000000000];[-0.0000000000,0.0000000000];0.0000000000;[-0.0000000000,0.0000000000];0.0000000000;0.1073362198;0.7358600492;0.0000000000
38;613;[-0.0000000000,0.0000000000];[-0.0000000000,0.0000000000];[-0.0000000000,0.0000000000];0.0000000000;[-0.0000000000,0.0000000000];0.0000000000;0.1073362198;0.7358600492;0.0000000000
38;614;[-0.0000000000,0.0000000000];[-0.0000000000,0.0000000000];[-0.0000000000,0.0000000000];0.0000000000;[-0.0000000000,0.0000000000];0.0000000000;0.1073362198;0.7358600492;0.0000000000
38;615;[-0.0000000000,0.0000000000];[-0.0000000000,0.0000000000];[-0.0000000000,0.0000000000];0.0000000000;[-0.0000000000,0.0000000000];0.0000000000;0.1073362198;0.7358600492;0.0000000000
38;616;[-0.0000000000,0.0000000000];[-0.0000000000,0.0000000000];[-0.0000000000,0.0000000000];0.0000000000;[-0.0000000000,0.0000000000];0.0000000000;0.1073362198;0.7358600492;0.0000000000
38;617;[0.0000000000,2.0607283345];[-0.0000000000,0.3543211992];[-0.0000000000,0.3543211992];2.4801632678;[-0.0000000000,0.0000000000];0.0000000000;0.0516700681;0.3542321399;0.0000000000
38;618;[-0.0000000000,0.0000000000];[-0.0000000000,0.0000000000];[-0.0000000000,0.0000000000];0.0000000000;[-0.0000000000,0.0000000000];0.0000000000;0.0516700681;0.3542321399;0.0000000000
38;619;[0.0000000000,0.0000000000];[-0.0000000000,0.0000000000];[-0.0000000000,0.0000000000];0.0000000000;[-0.0000000000,0.0000000000];0.0000000000;0.0516700681;0.3542321399;0.0000000000
38;620;[-0.0000000000,0.0000000000];[-0.0000000000,0.0000000000];[-0.0000000000,0.0000000000];0.0000000000;[-0.0000000000,0.0000000000];0.0000000000;0.0516700681;0.3542321399;0.0000000000
38;621;[0.0000000000,0.0000000000];[-0.0000000000,0.0000000000];[-0.0000000000,0.0000000000];0.0000000000;[-0.0000000000,0.0000000000];0.0000000000;0.0516700681;0.3542321399;0.0000000000
38;622;[-0.0000000000,0.0000000000];[-0.0000000000,0.0000000000];[-0.0000000000,0.0000000000];0.0000000000;[-0.0000000000,0.0000000000];0.0000000000;0.0516700681;0.3542321399;0.0000000000
38;623;[0.0000000000,0.0000000000];[-0.0000000000,0.0000000000];[-0.0000000000,0.0000000000];0.0000000000;[-0.0000000000,0.0000000000];0.0000000000;0.0516700681;0.3542321399;0.0000000000
38;624;[-0.0000000000,0.0000000000];[-0.0000000000,0.0000000000];[-0.0000000000,0.0000000000];0.0000000000;[-0.0000000000,0.0000000000];0.0000000000;0.0516700681;0.3542321399;0.0000000000
38;625;[-0.0000000000,0.0000000000];[-0.0000000000,0.0000000000];[-0.0000000000,0.0000000000];0.0000000000;[-0.0000000000,0.0000000000];0.0000000000;0.0516700681;0.3542321399;0.0000000000
38;626;[-0.0000000000,0.0000000000];[-0.0000000000,0.0000000000];[-0.0000000000,0.0000000000];0.0000000000;[-0.0000000000,0.0000000000];0.0000000000;0.0516700681;0.3542321399;0.0000000000
39;577;[-0.0000000000,0.0000000000];[-0.0000000000,0.0000000000];[-0.0000000000,0.0000000000];0.0000000000;[-0.0000000000,0.0000000000];0.0000000000;0.0000000000;0.0000000000;0.0000000000
39;595;[-0.0000000000,0.0000000000];[-0.0000000000,0.0000000000];[-0.0000000000,0.0000000000];0.0000000000;[-0.0000000000,0.0000000000];0.0000000000;0.0000000000;0.0000000000;0.0000000000
39;336;[-0.0000000000,0.0000000000];[-0.0000000000,0.0000000000];[-0.0000000000,0.0000000000];0.0000000000;[-0.0000000000,0.0000000000];0.0000000000;0.0000000000;0.0000000000;0.0000000000
39;570;[-0.0000000000,0.0000000000];[-0.0000000000,0.0000000000];[-0.0000000000,0.0000000000];0.0000000000;[-0.0000000000,0.0000000000];0.0000000000;0.0000000000;0.0000000000;0.0000000000
39;601;[-0.0000000000,0.0000000000];[-0.0000000000,0.0000000000];[-0.0000000000,0.0000000000];0.0000000000;[-0.0000000000,0.0000000000];0.0000000000;0.0000000000;0.0000000000;0.0000000000
39;612;[-0.0000000000,0.0000000000];[-0.0000000000,0.0000000000];[-0.0000000000,0.0000000000];0.0000000000;[-0.0000000000,0.0000000000];0.0000000000;0.0000000000;0.0000000000;0.0000000000
39;624;[-0.0000000000,0.0000000000];[-0.0000000000,0.0000000000];[-0.0000000000,0.0000000000];0.0000000000;[-0.0000000000,0.0000000000];0.0000000000;0.0000000000;0.0000000000;0.0000000000
39;582;[-0.0000000000,0.0000000000];[-0.0000000000,0.0000000000];[-0.0000000000,0.0000000000];0.0000000000;[-0.0000000000,0.0000000000];0.0000000000;0.0000000000;0.0000000000;0.0000000000
39;559;[-0.0000000000,0.0000000000];[-0.0000000000,0.0000000000];[-0.0000000000,0.0000000000];0.0000000000;[-0.0000000000,0.0000000000];0.0000000000;0.0000000000;0.0000000000;0.0000000000
39;565;[0.0000000000,0.0000000000];[-0.0000000000,0.0000000000];[-0.0000000000,0.0000000000];0.0000000000;[-0.0000000000,0.0000000000];0.0000000000;0.0000000000;0.0000000000;0.0000000000
39;587;[-0.0000000000,0.0000000000];[-0.0000000000,0.0000000000];[-0.0000000000,0.0000000000];0.0000000000;[-0.0000000000,0.0000000000];0.0000000000;0.0000000000;0.0000000000;0.0000000000
39;615;[-0.0000000000,0.0000000000];[-0.0000000000,0.0000000000];[-0.0000000000,0.0000000000];0.0000000000;[-0.0000000000,0.0000000000];0.0000000000;0.0000000000;0.0000000000;0.0000000000
39;507;[-0.0000000000,0.0000000000];[-0.0000000000,0.0000000000];[-0.0000000000,0.0000000000];0.0000000000;[-0.0000000000,0.0000000000];0.0000000000;0.0000000000;0.0000000000;0.0000000000
39;535;[-0.0000000000,0.0000000000];[-0.0000000000,0.0000000000];[-0.0000000000,0.0000000000];0.0000000000;[-0.0000000000,0.0000000000];0.0000000000;0.0000000000;0.0000000000;0.0000000000
39;490;[-0.0000000000,0.0000000000];[-0.0000000000,0.0000000000];[-0.0000000000,0.0000000000];0.0000000000;[-0.0000000000,0.0000000000];0.0000000000;0.0000000000;0.0000000000;0.0000000000
39;579;[-0.0000000000,0.0000000000];[-0.0000000000,0.0000000000];[-0.0000000000,0.0000000000];0.0000000000;[-0.0000000000,0.0000000000];0.0000000000;0.0000000000;0.0000000000;0.0000000000
39;567;[-0.0000000000,0.0000000000];[-0.0000000000,0.0000000000];[-0.0000000000,0.0000000000];0.0000000000;[-0.0000000000,0.0000000000];0.0000000000;0.0000000000;0.0000000000;0.0000000000
39;598;[-0.0000000000,0.0000000000];[-0.0000000000,0.0000000000];[-0.0000000000,0.0000000000];0.0000000000;[-0.0000000000,0.0000000000];0.0000000000;0.0000000000;0.0000000000;0.0000000000
39;622;[-0.0000000000,0.0000000000];[-0.0000000000,0.0000000000];[-0.0000000000,0.0000000000];0.0000000000;[-0.0000000000,0.0000000000];0.0000000000;0.0000000000;0.0000000000;0.0000000000
39;581;[0.0000000000,0.0000000000];[0.0000000000,0.0000000000];[0.0000000000,0.0000000000];0.0000000000;[-0.0000000000,0.0000000000];0.0000000000;0.0000000000;0.0000000000;0.0000000000
39;584;[-0.0000000000,0.0000000000];[-0.0000000000,0.0000000000];[-0.0000000000,0.0000000000];0.0000000000;[-0.0000000000,0.0000000000];0.0000000000;0.0000000000;0.0000000000;0.0000000000
39;613;[-0.0000000000,0.0000000000];[-0.0000000000,0.0000000000];[-0.0000000000,0.0000000000];0.0000000000;[-0.0000000000,0.0000000000];0.0000000000;0.0000000000;0.0000000000;0.0000000000
39;597;[-0.0000000000,0.0000000000];[-0.0000000000,0.0000000000];[-0.0000000000,0.0000000000];0.0000000000;[-0.0000000000,0.0000000000];0.0000000000;0.0000000000;0.0000000000;0.0000000000
39;627;[-0.0000000000,0.0000000000];[-0.0000000000,0.0000000000];[-0.0000000000,0.0000000000];0.0000000000;[-0.0000000000,0.0000000000];0.0000000000;0.0000000000;0.0000000000;0.0000000000
39;628;[-0.0000000000,0.0000000000];[-0.0000000000,0.0000000000];[-0.0000000000,0.0000000000];0.0000000000;[-0.0000000000,0.0000000000];0.0000000000;0.0000000000;0.0000000000;0.0000000000
39;629;[-0.0000000000,0.0000000000];[-0.0000000000,0.0000000000];[-0.0000000000,0.0000000000];0.0000000000;[-0.0000000000,0.0000000000];0.0000000000;0.0000000000;0.0000000000;0.0000000000
39;630;[-0.0000000000,0.0000000000];[-0.0000000000,0.0000000000];[-0.0000000000,0.0000000000];0.0000000000;[-0.0000000000,0.0000000000];0.0000000000;0.0000000000;0.0000000000;0.0000000000
39;631;[-0.0000000000,0.0000000000];[-0.0000000000,0.0000000000];[-0.0000000000,0.0000000000];0.0000000000;[-0.0000000000,0.0000000000];0.0000000000;0.0000000000;0.0000000000;0.0000000000
39;632;[-0.0000000000,0.9411548770];[-0.0000000000,0.3693709565];[-0.0000000000,0.3693709565];2.5636657560;[-0.0000000000,0.0000000000];0.0000000000;0.0000000000;0.0000000000;0.0000000000
39;633;[-0.0000000000,0.0000000000];[-0.0000000000,0.0000000000];[-0.0000000000,0.0000000000];0.0000000000;[-0.0000000000,0.0000000000];0.0000000000;0.0712129377;0.4213014208;0.0000000000
39;634;[-0.0000000000,0.0000000000];[-0.0000000000,0.0000000000];[-0.0000000000,0.0000000000];0.0000000000;[-0.0000000000,0.0000000000];0.0000000000;0.0692882637;0.4157295820;0.0000000000
39;635;[-0.0000000000,0.0000000000];[-0.0000000000,0.0000000000];[-0.0000000000,0.0000000000];0.0000000000;[-0.0000000000,0.0000000000];0.0000000000;0.0674648883;0.4103728948;0.0000000000
39;636;[-0.0000000000,0.0000000000];[-0.0000000000,0.0000000000];[-0.0000000000,0.0000000000];0.0000000000;[-0.0000000000,0.0000000000];0.0000000000;0.0657350194;0.4052178740;0.0000000000
39;637;[0.0000000000,0.0000000000];[0.0000000000,0.0000000000];[0.0000000000,0.0000000000];0.0000000000;[-0.0000000000,0.0000000000];0.0000000000;0.0640916439;0.4002521879;0.0000000000
39;638;[-0.0000000000,0.0000000000];[0.0000000000,0.0000000000];[0.0000000000,0.0000000000];0.0000000000;[-0.0000000000,0.0000000000];0.0000000000;0.0625284331;0.3954645341;0.0000000000
39;639;[0.0000000000,0.0000000000];[-0.0000000000,0.0000000000];[-0.0000000000,0.0000000000];0.0000000000;[-0.0000000000,0.0000000000];0.0000000000;0.0610396609;0.3908445319;0.0000000000
39;640;[-0.0000000000,0.0000000000];[-0.0000000000,0.0000000000];[-0.0000000000,0.0000000000];0.0000000000;[-0.0000000000,0.0000000000];0.0000000000;0.0596201339;0.3863826279;0.0000000000
39;641;[0.0000000000,0.0000000000];[0.0000000000,0.0000000000];[0.0000000000,0.0000000000];0.0000000000;[-0.0000000000,0.0000000000];0.0000000000;0.0582651308;0.3820700134;0.0000000000
39;642;[-0.0000000000,0.0000000000];[-0.0000000000,0.0000000000];[-0.0000000000,0.0000000000];0.0000000000;[-0.0000000000,0.0000000000];0.0000000000;0.0569703501;0.3778985511;0.0000000000
39;643;[-0.0000000000,0.0000000000];[-0.0000000000,0.0000000000];[-0.0000000000,0.0000000000];0.0000000000;[-0.0000000000,0.0000000000];0.0000000000;0.0557318643;0.3738607110;0.0000000000
39;644;[-0.0000000000,0.0000000000];[-0.0000000000,0.0000000000];[-0.0000000000,0.0000000000];0.0000000000;[-0.0000000000,0.0000000000];0.0000000000;0.0545460799;0.3699495133;0.0000000000
39;610;[-0.0000000000,0.0000000000];[-0.0000000000,0.0000000000];[-0.0000000000,0.0000000000];0.0000000000;[-0.0000000000,0.0000000000];0.0000000000;0.0534097032;0.3661584778;0.0000000000
39;614;[-0.0000000000,0.0000000000];[-0.0000000000,0.0000000000];[-0.0000000000,0.0000000000];0.0000000000;[-0.0000000000,0.0000000000];0.0000000000;0.0534097032;0.3661584778;0.0000000000
39;616;[-0.0000000000,0.0000000000];[-0.0000000000,0.0000000000];[-0.0000000000,0.0000000000];0.0000000000;[-0.0000000000,0.0000000000];0.0000000000;0.0534097032;0.3661584778;0.0000000000
39;621;[-0.0000000000,0.0000000000];[-0.0000000000,0.0000000000];[-0.0000000000,0.0000000000];0.0000000000;[-0.0000000000,0.0000000000];0.0000000000;0.0534097032;0.3661584778;0.0000000000
39;626;[-0.0000000000,0.0000000000];[-0.0000000000,0.0000000000];[-0.0000000000,0.0000000000];0.0000000000;[-0.0000000000,0.0000000000];0.0000000000;0.0534097032;0.3661584778;0.0000000000
39;611;[-0.0000000000,0.0000000000];[-0.0000000000,0.0000000000];[-0.0000000000,0.0000000000];0.0000000000;[-0.0000000000,0.0000000000];0.0000000000;0.0534097032;0.3661584778;0.0000000000
39;599;[-0.0000000000,0.0000000000];[-0.0000000000,0.0000000000];[-0.0000000000,0.0000000000];0.0000000000;[-0.0000000000,0.0000000000];0.0000000000;0.0534097032;0.3661584778;0.0000000000
39;627;[-0.0000000000,0.0000000000];[-0.0000000000,0.0000000000];[-0.0000000000,0.0000000000];0.0000000000;[-0.0000000000,0.0000000000];0.0000000000;0.0534097032;0.3661584778;0.0000000000
39;628;[-0.0000000000,0.0000000000];[-0.0000000000,0.0000000000];[-0.0000000000,0.0000000000];0.0000000000;[-0.0000000000,0.0000000000];0.0000000000;0.0534097032;0.3661584778;0.0000000000
39;629;[-0.0000000000,0.0000000000];[-0.0000000000,0.0000000000];[-0.0000000000,0.0000000000];0.0000000000;[-0.0000000000,0.0000000000];0.0000000000;0.0534097032;0.3661584778;0.0000000000
39;630;[-0.0000000000,0.0000000000];[-0.0000000000,0.0000000000];[-0.0000000000,0.0000000000];0.0000000000;[-0.0000000000,0.0000000000];0.0000000000;0.0534097032;0.3661584778;0.0000000000
39;631;[-0.0000000000,0.0000000000];[-0.0000000000,0.0000000000];[-0.0000000000,0.0000000000];0.0000000000;[-0.0000000000,0.0000000000];0.0000000000;0.0534097032;0.3661584778;0.0000000000
39;632;[-0.0000000000,0.3693709565];[-0.0000000000,0.2541750045];[-0.0000000000,0.2541750045];1.7971897356;[-0.0000000000,0.0000000000];0.0000000000;0.0374414528;0.2566856683;0.0000000000
39;633;[-0.0000000000,0.0000000000];[-0.0000000000,0.0000000000];[-0.0000000000,0.0000000000];0.0000000000;[-0.0000000000,0.0000000000];0.0000000000;0.0374414528;0.2566856683;0.0000000000
39;634;[-0.0000000000,0.0000000000];[-0.0000000000,0.0000000000];[-0.0000000000,0.0000000000];0.0000000000;[-0.0000000000,0.0000000000];0.0000000000;0.0374414528;0.2566856683;0.0000000000
39;635;[-0.0000000000,0.0000000000];[-0.0000000000,0.0000000000];[-0.0000000000,0.0000000000];0.0000000000;[-0.0000000000,0.0000000000];0.0000000000;0.0374414528;0.2566856683;0.0000000000
39;636;[-0.0000000000,0.0000000000];[-0.0000000000,0.0000000000];[-0.0000000000,0.0000000000];0.0000000000;[-0.0000000000,0.0000000000];0.0000000000;0.0374414528;0.2566856683;0.0000000000
39;637;[0.0000000000,0.0000000000];[-0.0000000000,0.0000000000];[-0.0000000000,0.0000000000];0.0000000000;[-0.0000000000,0.0000000000];0.0000000000;0.0374414528;0.2566856683;0.0000000000
39;638;[0.0000000000,0.0000000000];[0.0000000000,0.0000000000];[0.0000000000,0.0000000000];0.0000000000;[-0.0000000000,0.0000000000];0.0000000000;0.0374414528;0.2566856683;0.0000000000
39;639;[-0.0000000000,0.0000000000];[-0.0000000000,0.0000000000];[-0.0000000000,0.0000000000];0.0000000000;[-0.0000000000,0.0000000000];0.0000000000;0.0374414528;0.2566856683;0.0000000000
39;640;[-0.0000000000,0.0000000000];[-0.0000000000,0.0000000000];[-0.0000000000,0.0000000000];0.0000000000;[-0.0000000000,0.0000000000];0.0000000000;0.0374414528;0.2566856683;0.0000000000
39;641;[0.0000000000,0.0000000000];[0.0000000000,0.0000000000];[0.0000000000,0.0000000000];0.0000000000;[-0.0000000000,0.0000000000];0.0000000000;0.0374414528;0.2566856683;0.0000000000
39;642;[-0.0000000000,0.0000000000];[-0.0000000000,0.0000000000];[-0.0000000000,0.0000000000];0.0000000000;[-0.0000000000,0.0000000000];0.0000000000;0.0374414528;0.2566856683;0.0000000000
39;643;[-0.0000000000,0.0000000000];[-0.0000000000,0.0000000000];[-0.0000000000,0.0000000000];0.0000000000;[-0.0000000000,0.0000000000];0.0000000000;0.0374414528;0.2566856683;0.0000000000
39;644;[-0.0000000000,0.0000000000];[-0.0000000000,0.0000000000];[-0.0000000000,0.0000000000];0.0000000000;[-0.0000000000,0.0000000000];0.0000000000;0.0374414528;0.2566856683;0.0000000000
40;614;[-0.0000000000,0.0000000000];[-0.0000000000,0.0000000000];[-0.0000000000,0.0000000000];0.0000000000;[-0.0000000000,0.0000000000];0.0000000000;0.0000000000;0.0000000000;0.0000000000
40;595;[-0.0000000000,0.0000000000];[-0.0000000000,0.0000000000];[-0.0000000000,0.0000000000];0.0000000000;[-0.0000000000,0.0000000000];0.0000000000;0.0000000000;0.0000000000;0.0000000000
40;336;[-0.0000000000,0.0000000000];[-0.0000000000,0.0000000000];[-0.0000000000,0.0000000000];0.0000000000;[-0.0000000000,0.0000000000];0.0000000000;0.0000000000;0.0000000000;0.0000000000
40;570;[-0.0000000000,0.0000000000];[-0.0000000000,0.0000000000];[-0.0000000000,0.0000000000];0.0000000000;[-0.0000000000,0.0000000000];0.0000000000;0.0000000000;0.0000000000;0.0000000000
40;601;[-0.0000000000,0.0000000000];[-0.0000000000,0.0000000000];[-0.0000000000,0.0000000000];0.0000000000;[-0.0000000000,0.0000000000];0.0000000000;0.0000000000;0.0000000000;0.0000000000
40;612;[-0.0000000000,0.0000000000];[-0.0000000000,0.0000000000];[-0.0000000000,0.0000000000];0.0000000000;[-0.0000000000,0.0000000000];0.0000000000;0.0000000000;0.0000000000;0.0000000000
40;630;[-0.0000000000,0.0000000000];[-0.0000000000,0.0000000000];[-0.0000000000,0.0000000000];0.0000000000;[-0.0000000000,0.0000000000];0.0000000000;0.0000000000;0.0000000000;0.0000000000
40;565;[-0.0000000000,0.0000000000];[-0.0000000000,0.0000000000];[-0.0000000000,0.0000000000];0.0000000000;[-0.0000000000,0.0000000000];0.0000000000;0.0000000000;0.0000000000;0.0000000000
40;587;[-0.0000000000,0.0000000000];[-0.0000000000,0.0000000000];[-0.0000000000,0.0000000000];0.0000000000;[-0.0000000000,0.0000000000];0.0000000000;0.0000000000;0.0000000000;0.0000000000
40;631;[-0.0000000000,0.0000000000];[-0.0000000000,0.0000000000];[-0.0000000000,0.0000000000];0.0000000000;[-0.0000000000,0.0000000000];0.0000000000;0.0000000000;0.0000000000;0.0000000000
40;615;[-0.0000000000,0.0000000000];[-0.0000000000,0.0000000000];[-0.0000000000,0.0000000000];0.0000000000;[-0.0000000000,0.0000000000];0.0000000000;0.0000000000;0.0000000000;0.0000000000
40;507;[-0.0000000000,0.0000000000];[-0.0000000000,0.0000000000];[-0.0000000000,0.0000000000];0.0000000000;[-0.0000000000,0.0000000000];0.0000000000;0.0000000000;0.0000000000;0.0000000000
40;535;[-0.0000000000,0.0000000000];[-0.0000000000,0.0000000000];[-0.0000000000,0.0000000000];0.0000000000;[-0.0000000000,0.0000000000];0.0000000000;0.0000000000;0.0000000000;0.0000000000
40;490;[-0.0000000000,0.0000000000];[-0.0000000000,0.0000000000];[-0.0000000000,0.0000000000];0.0000000000;[-0.0000000000,0.0000000000];0.0000000000;0.0000000000;0.0000000000;0.0000000000
40;579;[-0.0000000000,0.0000000000];[-0.0000000000,0.0000000000];[-0.0000000000,0.0000000000];0.0000000000;[-0.0000000000,0.0000000000];0.0000000000;0.0000000000;0.0000000000;0.0000000000
40;598;[-0.0000000000,0.0000000000];[-0.0000000000,0.0000000000];[-0.0000000000,0.0000000000];0.0000000000;[-0.0000000000,0.0000000000];0.0000000000;0.0000000000;0.0000000000;0.0000000000
40;622;[-0.0000000000,0.0000000000];[-0.0000000000,0.0000000000];[-0.0000000000,0.0000000000];0.0000000000;[-0.0000000000,0.0000000000];0.0000000000;0.0000000000;0.0000000000;0.0000000000
40;644;[-0.0000000000,0.0000000000];[-0.0000000000,0.0000000000];[-0.0000000000,0.0000000000];0.0000000000;[-0.0000000000,0.0000000000];0.0000000000;0.0000000000;0.0000000000;0.0000000000
40;613;[-0.0000000000,0.0000000000];[-0.0000000000,0.0000000000];[-0.0000000000,0.0000000000];0.0000000000;[-0.0000000000,0.0000000000];0.0000000000;0.0000000000;0.0000000000;0.0000000000
40;641;[0.0000000000,0.0000000000];[-0.0000000000,0.0000000000];[-0.0000000000,0.0000000000];0.0000000000;[-0.0000000000,0.0000000000];0.0000000000;0.0000000000;0.0000000000;0.0000000000
40;634;[-0.0000000000,0.0000000000];[-0.0000000000,0.0000000000];[-0.0000000000,0.0000000000];0.0000000000;[-0.0000000000,0.0000000000];0.0000000000;0.0000000000;0.0000000000;0.0000000000
40;645;[-0.0000000000,32.4301052666];[-0.0000000000,1.0385077522];[-0.0000000000,1.0385077522];2.7711287348;[-0.0000000000,0.0000000000];0.0000000000;0.0000000000;0.0000000000;0.0000000000
40;646;[-0.0000000000,0.0000000000];[-0.0000000000,0.0000000000];[-0.0000000000,0.0000000000];0.0000000000;[-0.0000000000,0.0000000000];0.0000000000;0.0893912495;0.4896160380;0.0000000000
40;647;[-0.0000000000,0.0000000000];[-0.0000000000,0.0000000000];[-0.0000000000,0.0000000000];0.0000000000;[-0.0000000000,0.0000000000];0.0000000000;0.0865977730;0.4821559942;0.0000000000
40;648;[-0.0000000000,0.0000000000];[-0.0000000000,0.0000000000];[-0.0000000000,0.0000000000];0.0000000000;[-0.0000000000,0.0000000000];0.0000000000;0.0839735980;0.4750264048;0.0000000000
40;649;[-0.0000000000,0.0000000000];[-0.0000000000,0.0000000000];[-0.0000000000,0.0000000000];0.0000000000;[-0.0000000000,0.0000000000];0.0000000000;0.0815037863;0.4682036064;0.0000000000
40;650;[-0.0000000000,0.0000000000];[-0.0000000000,0.0000000000];[-0.0000000000,0.0000000000];0.0000000000;[-0.0000000000,0.0000000000];0.0000000000;0.0791751067;0.4616662385;0.0000000000
40;651;[-0.0000000000,0.0000000000];[-0.0000000000,0.0000000000];[-0.0000000000,0.0000000000];0.0000000000;[-0.0000000000,0.0000000000];0.0000000000;0.0769757982;0.4553949635;0.0000000000
40;652;[-0.0000000000,0.0000000000];[-0.0000000000,0.0000000000];[-0.0000000000,0.0000000000];0.0000000000;[-0.0000000000,0.0000000000];0.0000000000;0.0748953712;0.4493722273;0.0000000000
40;653;[-0.0000000000,0.0000000000];[-0.0000000000,0.0000000000];[-0.0000000000,0.0000000000];0.0000000000;[-0.0000000000,0.0000000000];0.0000000000;0.0729244404;0.4435820535;0.0000000000
40;654;[-0.0000000000,0.0000000000];[-0.0000000000,0.0000000000];[-0.0000000000,0.0000000000];0.0000000000;[-0.0000000000,0.0000000000];0.0000000000;0.0710545829;0.4380098661;0.0000000000
40;655;[-0.0000000000,9.0610770045];[-0.0000000000,5.6167523317];[-0.0000000000,5.6167523317];12.5433485384;[-0.0000000000,0.0000000000];0.0000000000;0.0692782184;0.4326423351;0.0000000000
40;656;[-0.0000000000,0.0000000000];[-0.0000000000,0.0000000000];[-0.0000000000,0.0000000000];0.0000000000;[-0.0000000000,0.0000000000];0.0000000000;0.3735238359;1.9710986458;0.0000000000
40;657;[-28.2567508255,0.0000000000];[-28.2567508255,0.0000000000];[-28.2567508255,0.0000000000];20.7364075203;[-0.0000000000,0.0000000000];0.0000000000;0.3646304113;1.9483242059;0.0000000000
40;658;[-0.0000000000,-8.7431518051];[-0.0000000000,-3.4915889072];[-0.0000000000,-3.4915889072];9.5113466996;[-0.0000000000,0.0000000000];0.0000000000;0.8383926696;3.6241712648;0.0000000000
40;659;[-0.0000000000,0.0000000000];[-0.0000000000,0.0000000000];[-0.0000000000,0.0000000000];0.0000000000;[-0.0000000000,0.0000000000];0.0000000000;1.0355052612;3.8087791216;0.0000000000
40;660;[7.3122425679,0.0000000000];[5.7064966625,0.0000000000];[5.7064966625,0.0000000000];12.3540207453;[-0.0000000000,0.0000000000];0.0000000000;1.0124940332;3.7693134429;0.0000000000
40;661;[-0.0000000000,0.0000000000];[-0.0000000000,0.0000000000];[-0.0000000000,0.0000000000];0.0000000000;[-0.0000000000,0.0000000000];0.0000000000;1.2590489617;4.0785267247;0.0000000000
40;662;[-31.0212444447,0.0000000000];[-31.0212444447,0.0000000000];[-31.0212444447,0.0000000000];19.7633203219;[-0.0000000000,0.0000000000];0.0000000000;1.2322606859;4.0389933646;0.0000000000
40;621;[-0.0000000000,0.0000000000];[-0.0000000000,0.0000000000];[-0.0000000000,0.0000000000];0.0000000000;[-0.0000000000,0.0000000000];0.0000000000;1.6183244283;4.7936133048;0.0000000000
40;626;[-0.0000000000,0.0000000000];[-0.0000000000,0.0000000000];[-0.0000000000,0.0000000000];0.0000000000;[-0.0000000000,0.0000000000];0.0000000000;1.6183244283;4.7936133048;0.0000000000
40;611;[-0.0000000000,0.0000000000];[-0.0000000000,0.0000000000];[-0.0000000000,0.0000000000];0.0000000000;[-0.0000000000,0.0000000000];0.0000000000;1.6183244283;4.7936133048;0.0000000000
40;599;[-0.0000000000,0.0000000000];[-0.0000000000,0.0000000000];[-0.0000000000,0.0000000000];0.0000000000;[-0.0000000000,0.0000000000];0.0000000000;1.6183244283;4.7936133048;0.0000000000
40;629;[-0.0000000000,0.0000000000];[-0.0000000000,0.0000000000];[-0.0000000000,0.0000000000];0.0000000000;[-0.0000000000,0.0000000000];0.0000000000;1.6183244283;4.7936133048;0.0000000000
40;633;[-0.0000000000,0.0000000000];[-0.0000000000,0.0000000000];[-0.0000000000,0.0000000000];0.0000000000;[-0.0000000000,0.0000000000];0.0000000000;1.6183244283;4.7936133048;0.0000000000
40;637;[-0.0000000000,0.0000000000];[-0.0000000000,0.0000000000];[-0.0000000000,0.0000000000];0.0000000000;[-0.0000000000,0.0000000000];0.0000000000;1.6183244283;4.7936133048;0.0000000000
40;639;[-0.0000000000,0.0000000000];[-0.0000000000,0.0000000000];[-0.0000000000,0.0000000000];0.0000000000;[-0.0000000000,0.0000000000];0.0000000000;1.6183244283;4.7936133048;0.0000000000
40;624;[-0.0000000000,0.0000000000];[-0.0000000000,0.0000000000];[-0.0000000000,0.0000000000];0.0000000000;[-0.0000000000,0.0000000000];0.0000000000;1.6183244283;4.7936133048;0.0000000000
40;645;[-0.0000000000,1.0385077522];[-0.0000000000,1.0385077522];[-0.0000000000,1.0385077522];2.7711287348;[-0.0000000000,0.0000000000];0.0000000000;1.6183244283;4.7936133048;0.0000000000
40;646;[-0.0000000000,0.0000000000];[-0.0000000000,0.0000000000];[-0.0000000000,0.0000000000];0.0000000000;[-0.0000000000,0.0000000000];0.0000000000;1.6183244283;4.7936133048;0.0000000000
40;647;[-0.0000000000,0.0000000000];[-0.0000000000,0.0000000000];[-0.0000000000,0.0000000000];0.0000000000;[-0.0000000000,0.0000000000];0.0000000000;1.6183244283;4.7936133048;0.0000000000
40;648;[-0.0000000000,0.0000000000];[-0.0000000000,0.0000000000];[-0.0000000000,0.0000000000];0.0000000000;[-0.0000000000,0.0000000000];0.0000000000;1.6183244283;4.7936133048;0.0000000000
40;649;[-0.0000000000,0.0000000000];[-0.0000000000,0.0000000000];[-0.0000000000,0.0000000000];0.0000000000;[-0.0000000000,0.0000000000];0.0000000000;1.6183244283;4.7936133048;0.0000000000
40;650;[-0.0000000000,0.0000000000];[-0.0000000000,0.0000000000];[-0.0000000000,0.0000000000];0.0000000000;[-0.0000000000,0.0000000000];0.0000000000;1.6183244283;4.7936133048;0.0000000000
40;651;[-0.0000000000,0.0000000000];[-0.0000000000,0.0000000000];[-0.0000000000,0.0000000000];0.0000000000;[-0.0000000000,0.0000000000];0.0000000000;1.6183244283;4.7936133048;0.0000000000
40;652;[-0.0000000000,0.0000000000];[-0.0000000000,0.0000000000];[-0.0000000000,0.0000000000];0.0000000000;[-0.0000000000,0.0000000000];0.0000000000;1.6183244283;4.7936133048;0.0000000000
40;653;[-0.0000000000,0.0000000000];[-0.0000000000,0.0000000000];[-0.0000000000,0.0000000000];0.0000000000;[-0.0000000000,0.0000000000];0.0000000000;1.6183244283;4.7936133048;0.0000000000
40;654;[-0.0000000000,0.0000000000];[-0.0000000000,0.0000000000];[-0.0000000000,0.0000000000];0.0000000000;[-0.0000000000,0.0000000000];0.0000000000;1.6183244283;4.7936133048;0.0000000000
40;655;[-0.0000000000,5.6167523317];[-0.0000000000,4.3535988085];[-0.0000000000,4.3535988085];10.6951536166;[-0.0000000000,0.0000000000];0.0000000000;1.5798203675;4.7124402783;0.0000000000
40;656;[-0.0000000000,0.0000000000];[-0.0000000000,0.0000000000];[-0.0000000000,0.0000000000];0.0000000000;[-0.0000000000,0.0000000000];0.0000000000;1.5798203675;4.7124402783;0.0000000000
40;657;[-28.2567508255,0.0000000000];[-19.7568202347,0.0000000000];[-19.7568202347,0.0000000000];19.8103883017;[-0.0000000000,0.0000000000];0.0000000000;1.5605283004;4.6352395504;0.0000000000
40;658;[-0.0000000000,-3.4915889072];[-0.0000000000,-3.3226330847];[-0.0000000000,-3.3226330847];8.8942038988;[-0.0000000000,0.0000000000];0.0000000000;1.5476711587;4.6139750193;0.0000000000
40;659;[-0.0000000000,0.0000000000];[-0.0000000000,0.0000000000];[-0.0000000000,0.0000000000];0.0000000000;[-0.0000000000,0.0000000000];0.0000000000;1.5476711587;4.6139750193;0.0000000000
40;660;[5.7064966625,0.0000000000];[3.0635983152,0.0000000000];[3.0635983152,0.0000000000];7.1371353322;[-0.0000000000,0.0000000000];0.0000000000;1.4389860460;4.4153111054;0.0000000000
40;661;[-0.0000000000,0.0000000000];[-0.0000000000,0.0000000000];[-0.0000000000,0.0000000000];0.0000000000;[-0.0000000000,0.0000000000];0.0000000000;1.4389860460;4.4153111054;0.0000000000
40;662;[-31.0212444447,0.0000000000];[-10.2037112092,0.0000000000];[-10.2037112092,0.0000000000];16.0911281760;[-0.0000000000,0.0000000000];0.0000000000;1.3624820429;4.1190152760;0.0000000000
41;614;[-0.0000000000,0.0000000000];[-0.0000000000,0.0000000000];[-0.0000000000,0.0000000000];0.0000000000;[-0.0000000000,0.0000000000];0.0000000000;0.2379045111;1.2811550005;0.0000000000
41;646;[-0.0000000000,0.0000000000];[-0.0000000000,0.0000000000];[-0.0000000000,0.0000000000];0.0000000000;[-0.0000000000,0.0000000000];0.0000000000;0.2379045111;1.2811550005;0.0000000000
41;336;[-0.0000000000,0.0000000000];[-0.0000000000,0.0000000000];[-0.0000000000,0.0000000000];0.0000000000;[-0.0000000000,0.0000000000];0.0000000000;0.2379045111;1.2811550005;0.0000000000
41;570;[-0.0000000000,0.0000000000];[-0.0000000000,0.0000000000];[-0.0000000000,0.0000000000];0.0000000000;[-0.0000000000,0.0000000000];0.0000000000;0.2379045111;1.2811550005;0.0000000000
41;612;[-0.0000000000,0.0000000000];[-0.0000000000,0.0000000000];[-0.0000000000,0.0000000000];0.0000000000;[-0.0000000000,0.0000000000];0.0000000000;0.2379045111;1.2811550005;0.0000000000
41;626;[-0.0000000000,0.0000000000];[-0.0000000000,0.0000000000];[-0.0000000000,0.0000000000];0.0000000000;[-0.0000000000,0.0000000000];0.0000000000;0.2379045111;1.2811550005;0.0000000000
41;630;[-0.0000000000,0.0000000000];[-0.0000000000,0.0000000000];[-0.0000000000,0.0000000000];0.0000000000;[-0.0000000000,0.0000000000];0.0000000000;0.2379045111;1.2811550005;0.0000000000
41;587;[-0.0000000000,0.0000000000];[-0.0000000000,0.0000000000];[-0.0000000000,0.0000000000];0.0000000000;[-0.0000000000,0.0000000000];0.0000000000;0.2379045111;1.2811550005;0.0000000000
41;631;[-0.0000000000,0.0000000000];[-0.0000000000,0.0000000000];[-0.0000000000,0.0000000000];0.0000000000;[-0.0000000000,0.0000000000];0.0000000000;0.2379045111;1.2811550005;0.0000000000
41;637;[-0.0000000000,0.0000000000];[-0.0000000000,0.0000000000];[-0.0000000000,0.0000000000];0.0000000000;[-0.0000000000,0.0000000000];0.0000000000;0.2379045111;1.2811550005;0.0000000000
41;615;[-0.0000000000,0.0000000000];[-0.0000000000,0.0000000000];[-0.0000000000,0.0000000000];0.0000000000;[-0.0000000000,0.0000000000];0.0000000000;0.2379045111;1.2811550005;0.0000000000
41;507;[-0.0000000000,0.0000000000];[-0.0000000000,0.0000000000];[-0.0000000000,0.0000000000];0.0000000000;[-0.0000000000,0.0000000000];0.0000000000;0.2379045111;1.2811550005;0.0000000000
41;535;[-0.0000000000,0.0000000000];[-0.0000000000,0.0000000000];[-0.0000000000,0.0000000000];0.0000000000;[-0.0000000000,0.0000000000];0.0000000000;0.2379045111;1.2811550005;0.0000000000
41;579;[-0.0000000000,0.0000000000];[-0.0000000000,0.0000000000];[-0.0000000000,0.0000000000];0.0000000000;[-0.0000000000,0.0000000000];0.0000000000;0.2379045111;1.2811550005;0.0000000000
41;622;[-0.0000000000,0.0000000000];[-0.0000000000,0.0000000000];[-0.0000000000,0.0000000000];0.0000000000;[-0.0000000000,0.0000000000];0.0000000000;0.2379045111;1.2811550005;0.0000000000
41;624;[-0.0000000000,0.0000000000];[-0.0000000000,0.0000000000];[-0.0000000000,0.0000000000];0.0000000000;[-0.0000000000,0.0000000000];0.0000000000;0.2379045111;1.2811550005;0.0000000000
41;644;[-0.0000000000,0.0000000000];[-0.0000000000,0.0000000000];[-0.0000000000,0.0000000000];0.0000000000;[-0.0000000000,0.0000000000];0.0000000000;0.2379045111;1.2811550005;0.0000000000
41;641;[-0.0000000000,0.0000000000];[-0.0000000000,0.0000000000];[-0.0000000000,0.0000000000];0.0000000000;[-0.0000000000,0.0000000000];0.0000000000;0.2379045111;1.2811550005;0.0000000000
41;647;[-0.0000000000,0.0000000000];[-0.0000000000,0.0000000000];[-0.0000000000,0.0000000000];0.0000000000;[-0.0000000000,0.0000000000];0.0000000000;0.2379045111;1.2811550005;0.0000000000
41;660;[3.0635983152,0.0000000000];[-0.2124548908,0.0000000000];[-0.2124548908,0.0000000000];1.4571562797;[-0.0000000000,0.0000000000];0.0000000000;0.0485718760;0.2615675572;0.0000000000
41;634;[-0.0000000000,0.0000000000];[-0.0000000000,0.0000000000];[-0.0000000000,0.0000000000];0.0000000000;[-0.0000000000,0.0000000000];0.0000000000;0.0485718760;0.2615675572;0.0000000000
41;663;[-0.0000000000,0.0000000000];[-0.0000000000,0.0000000000];[-0.0000000000,0.0000000000];0.0000000000;[-0.0000000000,0.0000000000];0.0000000000;0.0485718760;0.2615675572;0.0000000000
41;664;[-0.0000000000,0.0000000000];[-0.0000000000,0.0000000000];[-0.0000000000,0.0000000000];0.0000000000;[-0.0000000000,0.0000000000];0.0000000000;0.0470050413;0.2574572143;0.0000000000
41;665;[-0.0000000000,0.0000000000];[-0.0000000000,0.0000000000];[-0.0000000000,0.0000000000];0.0000000000;[-0.0000000000,0.0000000000];0.0000000000;0.0455361337;0.2535344627;0.0000000000
41;666;[-0.0000000000,0.0000000000];[-0.0000000000,0.0000000000];[-0.0000000000,0.0000000000];0.0000000000;[-0.0000000000,0.0000000000];0.0000000000;0.0441562509;0.2497854755;0.0000000000
41;667;[-0.0000000000,0.0000000000];[-0.0000000000,0.0000000000];[-0.0000000000,0.0000000000];0.0000000000;[-0.0000000000,0.0000000000];0.0000000000;0.0428575376;0.2461978098;0.0000000000
41;668;[-0.0000000000,0.0000000000];[-0.0000000000,0.0000000000];[-0.0000000000,0.0000000000];0.0000000000;[-0.0000000000,0.0000000000];0.0000000000;0.0416330366;0.2427602334;0.0000000000
41;669;[-0.0000000000,27.0721400335];[-0.0000000000,7.7641123918];[-0.0000000000,7.7641123918];14.3242449184;[-0.0000000000,0.0000000000];0.0000000000;0.0404765633;0.2394625780;0.0000000000
41;670;[-0.0000000000,11.1026317046];[-0.0000000000,8.6632206088];[-0.0000000000,8.6632206088];15.5719751319;[-0.0000000000,0.0000000000];0.0000000000;0.4265243567;2.3282991409;0.0000000000
41;671;[-0.0000000000,0.0000000000];[-0.0000000000,0.0000000000];[-0.0000000000,0.0000000000];0.0000000000;[-0.0000000000,0.0000000000];0.0000000000;0.8250888508;3.3400456393;0.0000000000
41;672;[-0.0000000000,19.2368191565];[-0.0000000000,8.1332883085];[-0.0000000000,8.1332883085];14.0828891652;[-0.0000000000,0.0000000000];0.0000000000;0.8039327264;3.2995248341;0.0000000000
41;673;[-0.0000000000,0.0000000000];[-0.0000000000,0.0000000000];[-0.0000000000,0.0000000000];0.0000000000;[-0.0000000000,0.0000000000];0.0000000000;1.1359066374;3.8617033745;0.0000000000
41;674;[-0.0000000000,0.0000000000];[-0.0000000000,0.0000000000];[-0.0000000000,0.0000000000];0.0000000000;[-0.0000000000,0.0000000000];0.0000000000;1.1082015974;3.8183412682;0.0000000000
41;675;[-0.0000000000,0.0000000000];[-0.0000000000,0.0000000000];[-0.0000000000,0.0000000000];0.0000000000;[-0.0000000000,0.0000000000];0.0000000000;1.0818158451;3.7763922116;0.0000000000
41;676;[-0.0000000000,18.8801894044];[-0.0000000000,15.0602973530];[-0.0000000000,15.0602973530];17.7175840614;[-0.0000000000,0.0000000000];0.0000000000;1.0566573371;3.7357820711;0.0000000000
41;677;[-0.2124548908,0.0000000000];[-0.1023042362,0.0000000000];[-0.1023042362,0.0000000000];0.5454358734;[-0.0000000000,0.0000000000];0.0000000000;1.4353147627;4.4502007259;0.0000000000
41;678;[-0.0000000000,0.0000000000];[-0.0000000000,0.0000000000];[-0.0000000000,0.0000000000];0.0000000000;[-0.0000000000,0.0000000000];0.0000000000;1.4155396762;4.4024308766;0.0000000000
41;679;[-30.6797658030,0.0000000000];[-12.8442826476,0.0000000000];[-12.8442826476,0.0000000000];17.2865885418;[-0.0000000000,0.0000000000];0.0000000000;1.3847670746;4.3592058655;0.0000000000
41;680;[-0.0000000000,0.0000000000];[-0.0000000000,0.0000000000];[-0.0000000000,0.0000000000];0.0000000000;[-0.0000000000,0.0000000000];0.0000000000;1.7231037015;4.8850855153;0.0000000000
41;629;[-0.0000000000,0.0000000000];[-0.0000000000,0.0000000000];[-0.0000000000,0.0000000000];0.0000000000;[-0.0000000000,0.0000000000];0.0000000000;1.6872057077;4.8401921310;0.0000000000
41;639;[-0.0000000000,0.0000000000];[-0.0000000000,0.0000000000];[-0.0000000000,0.0000000000];0.0000000000;[-0.0000000000,0.0000000000];0.0000000000;1.6872057077;4.8401921310;0.0000000000
41;648;[-0.0000000000,0.0000000000];[-0.0000000000,0.0000000000];[-0.0000000000,0.0000000000];0.0000000000;[-0.0000000000,0.0000000000];0.0000000000;1.6872057077;4.8401921310;0.0000000000
41;650;[-0.0000000000,0.0000000000];[-0.0000000000,0.0000000000];[-0.0000000000,0.0000000000];0.0000000000;[-0.0000000000,0.0000000000];0.0000000000;1.6872057077;4.8401921310;0.0000000000
41;652;[-0.0000000000,0.0000000000];[-0.0000000000,0.0000000000];[-0.0000000000,0.0000000000];0.0000000000;[-0.0000000000,0.0000000000];0.0000000000;1.6872057077;4.8401921310;0.0000000000
41;656;[-0.0000000000,0.0000000000];[-0.0000000000,0.0000000000];[-0.0000000000,0.0000000000];0.0000000000;[-0.0000000000,0.0000000000];0.0000000000;1.6872057077;4.8401921310;0.0000000000
41;601;[-0.0000000000,0.0000000000];[-0.0000000000,0.0000000000];[-0.0000000000,0.0000000000];0.0000000000;[-0.0000000000,0.0000000000];0.0000000000;1.6872057077;4.8401921310;0.0000000000
41;633;[-0.0000000000,0.0000000000];[-0.0000000000,0.0000000000];[-0.0000000000,0.0000000000];0.0000000000;[-0.0000000000,0.0000000000];0.0000000000;1.6872057077;4.8401921310;0.0000000000
41;615;[-0.0000000000,0.0000000000];[-0.0000000000,0.0000000000];[-0.0000000000,0.0000000000];0.0000000000;[-0.0000000000,0.0000000000];0.0000000000;1.6872057077;4.8401921310;0.0000000000
41;663;[-0.0000000000,0.0000000000];[-0.0000000000,0.0000000000];[-0.0000000000,0.0000000000];0.0000000000;[-0.0000000000,0.0000000000];0.0000000000;1.6872057077;4.8401921310;0.0000000000
41;664;[-0.0000000000,0.0000000000];[-0.0000000000,0.0000000000];[-0.0000000000,0.0000000000];0.0000000000;[-0.0000000000,0.0000000000];0.0000000000;1.6872057077;4.8401921310;0.0000000000
41;665;[-0.0000000000,0.0000000000];[-0.0000000000,0.0000000000];[-0.0000000000,0.0000000000];0.0000000000;[-0.0000000000,0.0000000000];0.0000000000;1.6872057077;4.8401921310;0.0000000000
41;666;[-0.0000000000,0.0000000000];[-0.0000000000,0.0000000000];[-0.0000000000,0.0000000000];0.0000000000;[-0.0000000000,0.0000000000];0.0000000000;1.6872057077;4.8401921310;0.0000000000
41;667;[-0.0000000000,0.0000000000];[-0.0000000000,0.0000000000];[-0.0000000000,0.0000000000];0.0000000000;[-0.0000000000,0.0000000000];0.0000000000;1.6872057077;4.8401921310;0.0000000000
41;668;[-0.0000000000,0.0000000000];[-0.0000000000,0.0000000000];[-0.0000000000,0.0000000000];0.0000000000;[-0.0000000000,0.0000000000];0.0000000000;1.6872057077;4.8401921310;0.0000000000
41;669;[-0.0000000000,7.7641123918];[-0.0000000000,3.6147663215];[-0.0000000000,3.6147663215];9.5902993249;[-0.0000000000,0.0000000000];0.0000000000;1.5885818412;4.6251471198;0.0000000000
41;670;[-0.0000000000,8.6632206088];[-0.0000000000,0.6107813979];[-0.0000000000,0.6107813979];3.2499771664;[-0.0000000000,0.0000000000];0.0000000000;1.3318735503;4.1605215761;0.0000000000
41;671;[-0.0000000000,0.0000000000];[-0.0000000000,0.0000000000];[-0.0000000000,0.0000000000];0.0000000000;[-0.0000000000,0.0000000000];0.0000000000;1.3318735503;4.1605215761;0.0000000000
41;672;[-0.0000000000,8.1332883085];[-0.0000000000,4.8905408637];[-0.0000000000,4.8905408637];10.2768404043;[-0.0000000000,0.0000000000];0.0000000000;1.2525808677;3.9475713807;0.0000000000
41;673;[-0.0000000000,0.0000000000];[-0.0000000000,0.0000000000];[-0.0000000000,0.0000000000];0.0000000000;[-0.0000000000,0.0000000000];0.0000000000;1.2525808677;3.9475713807;0.0000000000
41;674;[-0.0000000000,0.0000000000];[-0.0000000000,0.0000000000];[-0.0000000000,0.0000000000];0.0000000000;[-0.0000000000,0.0000000000];0.0000000000;1.2525808677;3.9475713807;0.0000000000
41;675;[-0.0000000000,0.0000000000];[-0.0000000000,0.0000000000];[-0.0000000000,0.0000000000];0.0000000000;[-0.0000000000,0.0000000000];0.0000000000;1.2525808677;3.9475713807;0.0000000000
41;676;[-0.0000000000,15.0602973530];[-0.0000000000,8.5726960162];[-0.0000000000,8.5726960162];15.7158143561;[-0.0000000000,0.0000000000];0.0000000000;1.2108773322;3.7804449214;0.0000000000
41;677;[-0.1023042362,0.0000000000];[-0.1015664317,0.0000000000];[-0.1015664317,0.0000000000];0.5399689970;[-0.0000000000,0.0000000000];0.0000000000;1.2107634390;3.7804650497;0.0000000000
41;678;[-0.0000000000,0.0000000000];[-0.0000000000,0.0000000000];[-0.0000000000,0.0000000000];0.0000000000;[-0.0000000000,0.0000000000];0.0000000000;1.2107634390;3.7804650497;0.0000000000
41;679;[-12.8442826476,0.0000000000];[-1.2981471541,0.0000000000];[-1.2981471541,0.0000000000];4.6521303429;[-0.0000000000,0.0000000000];0.0000000000;0.9475455598;3.0141928361;0.0000000000
41;680;[-0.0000000000,0.0000000000];[-0.0000000000,0.0000000000];[-0.0000000000,0.0000000000];0.0000000000;[-0.0000000000,0.0000000000];0.0000000000;0.9475455598;3.0141928361;0.0000000000
42;656;[-0.0000000000,0.0000000000];[-0.0000000000,0.0000000000];[-0.0000000000,0.0000000000];0.0000000000;[-0.0000000000,0.0000000000];0.0000000000;0.0000000000;0.0000000000;0.0000000000
42;646;[-0.0000000000,0.0000000000];[-0.0000000000,0.0000000000];[-0.0000000000,0.0000000000];0.0000000000;[-0.0000000000,0.0000000000];0.0000000000;0.0000000000;0.0000000000;0.0000000000
42;570;[-0.0000000000,0.0000000000];[-0.0000000000,0.0000000000];[-0.0000000000,0.0000000000];0.0000000000;[-0.0000000000,0.0000000000];0.0000000000;0.0000000000;0.0000000000;0.0000000000
42;612;[-0.0000000000,0.0000000000];[-0.0000000000,0.0000000000];[-0.0000000000,0.0000000000];0.0000000000;[-0.0000000000,0.0000000000];0.0000000000;0.0000000000;0.0000000000;0.0000000000
42;626;[-0.0000000000,0.0000000000];[-0.0000000000,0.0000000000];[-0.0000000000,0.0000000000];0.0000000000;[-0.0000000000,0.0000000000];0.0000000000;0.0000000000;0.0000000000;0.0000000000
42;665;[-0.0000000000,0.0000000000];[-0.0000000000,0.0000000000];[-0.0000000000,0.0000000000];0.0000000000;[-0.0000000000,0.0000000000];0.0000000000;0.0000000000;0.0000000000;0.0000000000
42;587;[-0.0000000000,0.0000000000];[-0.0000000000,0.0000000000];[-0.0000000000,0.0000000000];0.0000000000;[-0.0000000000,0.0000000000];0.0000000000;0.0000000000;0.0000000000;0.0000000000
42;637;[-0.0000000000,0.0000000000];[-0.0000000000,0.0000000000];[-0.0000000000,0.0000000000];0.0000000000;[-0.0000000000,0.0000000000];0.0000000000;0.0000000000;0.0000000000;0.0000000000
42;652;[-0.0000000000,0.0000000000];[-0.0000000000,0.0000000000];[-0.0000000000,0.0000000000];0.0000000000;[-0.0000000000,0.0000000000];0.0000000000;0.0000000000;0.0000000000;0.0000000000
42;507;[-0.0000000000,0.0000000000];[-0.0000000000,0.0000000000];[-0.0000000000,0.0000000000];0.0000000000;[-0.0000000000,0.0000000000];0.0000000000;0.0000000000;0.0000000000;0.0000000000
42;649;[-0.0000000000,0.0000000000];[-0.0000000000,0.0000000000];[-0.0000000000,0.0000000000];0.0000000000;[-0.0000000000,0.0000000000];0.0000000000;0.0000000000;0.0000000000;0.0000000000
42;535;[-0.0000000000,0.0000000000];[-0.0000000000,0.0000000000];[-0.0000000000,0.0000000000];0.0000000000;[-0.0000000000,0.0000000000];0.0000000000;0.0000000000;0.0000000000;0.0000000000
42;579;[-0.0000000000,0.0000000000];[-0.0000000000,0.0000000000];[-0.0000000000,0.0000000000];0.0000000000;[-0.0000000000,0.0000000000];0.0000000000;0.0000000000;0.0000000000;0.0000000000
42;622;[-0.0000000000,0.0000000000];[-0.0000000000,0.0000000000];[-0.0000000000,0.0000000000];0.0000000000;[-0.0000000000,0.0000000000];0.0000000000;0.0000000000;0.0000000000;0.0000000000
42;624;[-0.0000000000,0.0000000000];[-0.0000000000,0.0000000000];[-0.0000000000,0.0000000000];0.0000000000;[-0.0000000000,0.0000000000];0.0000000000;0.0000000000;0.0000000000;0.0000000000
42;663;[-0.0000000000,0.0000000000];[-0.0000000000,0.0000000000];[-0.0000000000,0.0000000000];0.0000000000;[-0.0000000000,0.0000000000];0.0000000000;0.0000000000;0.0000000000;0.0000000000
42;629;[-0.0000000000,0.0000000000];[-0.0000000000,0.0000000000];[-0.0000000000,0.0000000000];0.0000000000;[-0.0000000000,0.0000000000];0.0000000000;0.0000000000;0.0000000000;0.0000000000
42;644;[-0.0000000000,0.0000000000];[-0.0000000000,0.0000000000];[-0.0000000000,0.0000000000];0.0000000000;[-0.0000000000,0.0000000000];0.0000000000;0.0000000000;0.0000000000;0.0000000000
42;641;[-0.0000000000,0.0000000000];[-0.0000000000,0.0000000000];[-0.0000000000,0.0000000000];0.0000000000;[-0.0000000000,0.0000000000];0.0000000000;0.0000000000;0.0000000000;0.0000000000
42;647;[-0.0000000000,0.0000000000];[-0.0000000000,0.0000000000];[-0.0000000000,0.0000000000];0.0000000000;[-0.0000000000,0.0000000000];0.0000000000;0.0000000000;0.0000000000;0.0000000000
42;675;[-0.0000000000,0.0000000000];[-0.0000000000,0.0000000000];[-0.0000000000,0.0000000000];0.0000000000;[-0.0000000000,0.0000000000];0.0000000000;0.0000000000;0.0000000000;0.0000000000
42;634;[-0.0000000000,0.0000000000];[-0.0000000000,0.0000000000];[-0.0000000000,0.0000000000];0.0000000000;[-0.0000000000,0.0000000000];0.0000000000;0.0000000000;0.0000000000;0.0000000000
42;681;[-0.0000000000,0.0000000000];[-0.0000000000,0.0000000000];[-0.0000000000,0.0000000000];0.0000000000;[-0.0000000000,0.0000000000];0.0000000000;0.0000000000;0.0000000000;0.0000000000
42;682;[-0.0000000000,0.0000000000];[-0.0000000000,0.0000000000];[-0.0000000000,0.0000000000];0.0000000000;[-0.0000000000,0.0000000000];0.0000000000;0.0000000000;0.0000000000;0.0000000000
42;683;[-0.0000000000,0.0000000000];[-0.0000000000,0.0000000000];[-0.0000000000,0.0000000000];0.0000000000;[-0.0000000000,0.0000000000];0.0000000000;0.0000000000;0.0000000000;0.0000000000
42;684;[-0.0000000000,0.0000000000];[-0.0000000000,0.0000000000];[-0.0000000000,0.0000000000];0.0000000000;[-0.0000000000,0.0000000000];0.0000000000;0.0000000000;0.0000000000;0.0000000000
42;685;[-0.0000000000,0.0000000000];[-0.0000000000,0.0000000000];[-0.0000000000,0.0000000000];0.0000000000;[-0.0000000000,0.0000000000];0.0000000000;0.0000000000;0.0000000000;0.0000000000
42;686;[-0.0000000000,0.0000000000];[-0.0000000000,0.0000000000];[-0.0000000000,0.0000000000];0.0000000000;[-0.0000000000,0.0000000000];0.0000000000;0.0000000000;0.0000000000;0.0000000000
42;687;[-0.0000000000,0.0000000000];[-0.0000000000,0.0000000000];[-0.0000000000,0.0000000000];0.0000000000;[-0.0000000000,0.0000000000];0.0000000000;0.0000000000;0.0000000000;0.0000000000
42;688;[-0.0000000000,0.0000000000];[-0.0000000000,0.0000000000];[-0.0000000000,0.0000000000];0.0000000000;[-0.0000000000,0.0000000000];0.0000000000;0.0000000000;0.0000000000;0.0000000000
42;689;[-0.0000000000,0.0000000000];[-0.0000000000,0.0000000000];[-0.0000000000,0.0000000000];0.0000000000;[-0.0000000000,0.0000000000];0.0000000000;0.0000000000;0.0000000000;0.0000000000
42;690;[-18.9311503384,0.0000000000];[-9.4273722173,0.0000000000];[-9.4273722173,0.0000000000];16.3933091743;[-0.0000000000,0.0000000000];0.0000000000;0.0000000000;0.0000000000;0.0000000000
42;691;[-0.0000000000,0.0000000000];[-0.0000000000,0.0000000000];[-0.0000000000,0.0000000000];0.0000000000;[-0.0000000000,0.0000000000];0.0000000000;0.4098327294;2.5594045745;0.0000000000
42;692;[-0.0000000000,0.0000000000];[-0.0000000000,0.0000000000];[-0.0000000000,0.0000000000];0.0000000000;[-0.0000000000,0.0000000000];0.0000000000;0.3998368091;2.5287900185;0.0000000000
42;693;[-0.0000000000,0.0000000000];[-0.0000000000,0.0000000000];[-0.0000000000,0.0000000000];0.0000000000;[-0.0000000000,0.0000000000];0.0000000000;0.3903168851;2.4992475073;0.0000000000
42;694;[-0.0000000000,0.0000000000];[-0.0000000000,0.0000000000];[-0.0000000000,0.0000000000];0.0000000000;[-0.0000000000,0.0000000000];0.0000000000;0.3812397482;2.4707159523;0.0000000000
42;695;[-0.0000000000,0.0000000000];[-0.0000000000,0.0000000000];[-0.0000000000,0.0000000000];0.0000000000;[-0.0000000000,0.0000000000];0.0000000000;0.3725752085;2.4431390255;0.0000000000
42;696;[-0.0000000000,0.0000000000];[-0.0000000000,0.0000000000];[-0.0000000000,0.0000000000];0.0000000000;[-0.0000000000,0.0000000000];0.0000000000;0.3642957594;2.4164646935;0.0000000000
42;697;[-0.0000000000,0.0000000000];[-0.0000000000,0.0000000000];[-0.0000000000,0.0000000000];0.0000000000;[-0.0000000000,0.0000000000];0.0000000000;0.3563762864;2.3906448059;0.0000000000
42;698;[-0.0000000000,0.0000000000];[-0.0000000000,0.0000000000];[-0.0000000000,0.0000000000];0.0000000000;[-0.0000000000,0.0000000000];0.0000000000;0.3487938122;2.3656347305;0.0000000000
42;699;[-0.0000000000,0.0000000000];[-0.0000000000,0.0000000000];[-0.0000000000,0.0000000000];0.0000000000;[-0.0000000000,0.0000000000];0.0000000000;0.3415272745;2.3413930304;0.0000000000
42;700;[-0.0000000000,0.0000000000];[-0.0000000000,0.0000000000];[-0.0000000000,0.0000000000];0.0000000000;[-0.0000000000,0.0000000000];0.0000000000;0.3345573301;2.3178811750;0.0000000000
42;633;[-0.0000000000,0.0000000000];[-0.0000000000,0.0000000000];[-0.0000000000,0.0000000000];0.0000000000;[-0.0000000000,0.0000000000];0.0000000000;0.3278661835;2.2950632844;0.0000000000
42;668;[-0.0000000000,0.0000000000];[-0.0000000000,0.0000000000];[-0.0000000000,0.0000000000];0.0000000000;[-0.0000000000,0.0000000000];0.0000000000;0.3278661835;2.2950632844;0.0000000000
42;671;[-0.0000000000,0.0000000000];[-0.0000000000,0.0000000000];[-0.0000000000,0.0000000000];0.0000000000;[-0.0000000000,0.0000000000];0.0000000000;0.3278661835;2.2950632844;0.0000000000
42;678;[-0.0000000000,0.0000000000];[-0.0000000000,0.0000000000];[-0.0000000000,0.0000000000];0.0000000000;[-0.0000000000,0.0000000000];0.0000000000;0.3278661835;2.2950632844;0.0000000000
42;614;[-0.0000000000,0.0000000000];[-0.0000000000,0.0000000000];[-0.0000000000,0.0000000000];0.0000000000;[-0.0000000000,0.0000000000];0.0000000000;0.3278661835;2.2950632844;0.0000000000
42;336;[-0.0000000000,0.0000000000];[-0.0000000000,0.0000000000];[-0.0000000000,0.0000000000];0.0000000000;[-0.0000000000,0.0000000000];0.0000000000;0.3278661835;2.2950632844;0.0000000000
42;649;[-0.0000000000,0.0000000000];[-0.0000000000,0.0000000000];[-0.0000000000,0.0000000000];0.0000000000;[-0.0000000000,0.0000000000];0.0000000000;0.3278661835;2.2950632844;0.0000000000
42;634;[-0.0000000000,0.0000000000];[-0.0000000000,0.0000000000];[-0.0000000000,0.0000000000];0.0000000000;[-0.0000000000,0.0000000000];0.0000000000;0.3278661835;2.2950632844;0.0000000000
42;681;[-0.0000000000,0.0000000000];[-0.0000000000,0.0000000000];[-0.0000000000,0.0000000000];0.0000000000;[-0.0000000000,0.0000000000];0.0000000000;0.3278661835;2.2950632844;0.0000000000
42;682;[-0.0000000000,0.0000000000];[-0.0000000000,0.0000000000];[-0.0000000000,0.0000000000];0.0000000000;[-0.0000000000,0.0000000000];0.0000000000;0.3278661835;2.2950632844;0.0000000000
42;683;[-0.0000000000,0.0000000000];[-0.0000000000,0.0000000000];[-0.0000000000,0.0000000000];0.0000000000;[-0.0000000000,0.0000000000];0.0000000000;0.3278661835;2.2950632844;0.0000000000
42;684;[-0.0000000000,0.0000000000];[-0.0000000000,0.0000000000];[-0.0000000000,0.0000000000];0.0000000000;[-0.0000000000,0.0000000000];0.0000000000;0.3278661835;2.2950632844;0.0000000000
42;685;[-0.0000000000,0.0000000000];[-0.0000000000,0.0000000000];[-0.0000000000,0.0000000000];0.0000000000;[-0.0000000000,0.0000000000];0.0000000000;0.3278661835;2.2950632844;0.0000000000
42;686;[-0.0000000000,0.0000000000];[-0.0000000000,0.0000000000];[-0.0000000000,0.0000000000];0.0000000000;[-0.0000000000,0.0000000000];0.0000000000;0.3278661835;2.2950632844;0.0000000000
42;687;[-0.0000000000,0.0000000000];[-0.0000000000,0.0000000000];[-0.0000000000,0.0000000000];0.0000000000;[-0.0000000000,0.0000000000];0.0000000000;0.3278661835;2.2950632844;0.0000000000
42;688;[-0.0000000000,0.0000000000];[-0.0000000000,0.0000000000];[-0.0000000000,0.0000000000];0.0000000000;[-0.0000000000,0.0000000000];0.0000000000;0.3278661835;2.2950632844;0.0000000000
42;689;[-0.0000000000,0.0000000000];[-0.0000000000,0.0000000000];[-0.0000000000,0.0000000000];0.0000000000;[-0.0000000000,0.0000000000];0.0000000000;0.3278661835;2.2950632844;0.0000000000
42;690;[-9.4273722173,0.0000000000];[-7.8851371710,0.0000000000];[-7.8851371710,0.0000000000];13.7611157862;[-0.0000000000,0.0000000000];0.0000000000;0.2752223157;1.9265562101;0.0000000000
42;691;[-0.0000000000,0.0000000000];[-0.0000000000,0.0000000000];[-0.0000000000,0.0000000000];0.0000000000;[-0.0000000000,0.0000000000];0.0000000000;0.2752223157;1.9265562101;0.0000000000
42;692;[-0.0000000000,0.0000000000];[-0.0000000000,0.0000000000];[-0.0000000000,0.0000000000];0.0000000000;[-0.0000000000,0.0000000000];0.0000000000;0.2752223157;1.9265562101;0.0000000000
42;693;[-0.0000000000,0.0000000000];[-0.0000000000,0.0000000000];[-0.0000000000,0.0000000000];0.0000000000;[-0.0000000000,0.0000000000];0.0000000000;0.2752223157;1.9265562101;0.0000000000
42;694;[-0.0000000000,0.0000000000];[-0.0000000000,0.0000000000];[-0.0000000000,0.0000000000];0.0000000000;[-0.0000000000,0.0000000000];0.0000000000;0.2752223157;1.9265562101;0.0000000000
42;695;[-0.0000000000,0.0000000000];[-0.0000000000,0.0000000000];[-0.0000000000,0.0000000000];0.0000000000;[-0.0000000000,0.0000000000];0.0000000000;0.2752223157;1.9265562101;0.0000000000
42;696;[-0.0000000000,0.0000000000];[-0.0000000000,0.0000000000];[-0.0000000000,0.0000000000];0.0000000000;[-0.0000000000,0.0000000000];0.0000000000;0.2752223157;1.9265562101;0.0000000000
42;697;[-0.0000000000,0.0000000000];[-0.0000000000,0.0000000000];[-0.0000000000,0.0000000000];0.0000000000;[-0.0000000000,0.0000000000];0.0000000000;0.2752223157;1.9265562101;0.0000000000
42;698;[-0.0000000000,0.0000000000];[-0.0000000000,0.0000000000];[-0.0000000000,0.0000000000];0.0000000000;[-0.0000000000,0.0000000000];0.0000000000;0.2752223157;1.9265562101;0.0000000000
42;699;[-0.0000000000,0.0000000000];[-0.0000000000,0.0000000000];[-0.0000000000,0.0000000000];0.0000000000;[-0.0000000000,0.0000000000];0.0000000000;0.2752223157;1.9265562101;0.0000000000
42;700;[-0.0000000000,0.0000000000];[-0.0000000000,0.0000000000];[-0.0000000000,0.0000000000];0.0000000000;[-0.0000000000,0.0000000000];0.0000000000;0.2752223157;1.9265562101;0.0000000000
43;656;[-0.0000000000,0.0000000000];[-0.0000000000,0.0000000000];[-0.0000000000,0.0000000000];0.0000000000;[-0.0000000000,0.0000000000];0.0000000000;0.0000000000;0.0000000000;0.0000000000
43;683;[-0.0000000000,0.0000000000];[-0.0000000000,0.0000000000];[-0.0000000000,0.0000000000];0.0000000000;[-0.0000000000,0.0000000000];0.0000000000;0.0000000000;0.0000000000;0.0000000000
43;570;[-0.0000000000,0.0000000000];[-0.0000000000,0.0000000000];[-0.0000000000,0.0000000000];0.0000000000;[-0.0000000000,0.0000000000];0.0000000000;0.0000000000;0.0000000000;0.0000000000
43;626;[-0.0000000000,0.0000000000];[-0.0000000000,0.0000000000];[-0.0000000000,0.0000000000];0.0000000000;[-0.0000000000,0.0000000000];0.0000000000;0.0000000000;0.0000000000;0.0000000000
43;682;[-0.0000000000,0.0000000000];[-0.0000000000,0.0000000000];[-0.0000000000,0.0000000000];0.0000000000;[-0.0000000000,0.0000000000];0.0000000000;0.0000000000;0.0000000000;0.0000000000
43;665;[-0.0000000000,0.0000000000];[-0.0000000000,0.0000000000];[-0.0000000000,0.0000000000];0.0000000000;[-0.0000000000,0.0000000000];0.0000000000;0.0000000000;0.0000000000;0.0000000000
43;637;[-0.0000000000,0.0000000000];[-0.0000000000,0.0000000000];[-0.0000000000,0.0000000000];0.0000000000;[-0.0000000000,0.0000000000];0.0000000000;0.0000000000;0.0000000000;0.0000000000
43;652;[-0.0000000000,0.0000000000];[-0.0000000000,0.0000000000];[-0.0000000000,0.0000000000];0.0000000000;[-0.0000000000,0.0000000000];0.0000000000;0.0000000000;0.0000000000;0.0000000000
43;507;[-0.0000000000,0.0000000000];[-0.0000000000,0.0000000000];[-0.0000000000,0.0000000000];0.0000000000;[-0.0000000000,0.0000000000];0.0000000000;0.0000000000;0.0000000000;0.0000000000
43;697;[-0.0000000000,0.0000000000];[-0.0000000000,0.0000000000];[-0.0000000000,0.0000000000];0.0000000000;[-0.0000000000,0.0000000000];0.0000000000;0.0000000000;0.0000000000;0.0000000000
43;336;[-0.0000000000,0.0000000000];[-0.0000000000,0.0000000000];[-0.0000000000,0.0000000000];0.0000000000;[-0.0000000000,0.0000000000];0.0000000000;0.0000000000;0.0000000000;0.0000000000
43;664;[-0.0000000000,0.0000000000];[-0.0000000000,0.0000000000];[-0.0000000000,0.0000000000];0.0000000000;[-0.0000000000,0.0000000000];0.0000000000;0.0000000000;0.0000000000;0.0000000000
43;535;[-0.0000000000,0.0000000000];[-0.0000000000,0.0000000000];[-0.0000000000,0.0000000000];0.0000000000;[-0.0000000000,0.0000000000];0.0000000000;0.0000000000;0.0000000000;0.0000000000
43;579;[-0.0000000000,0.0000000000];[-0.0000000000,0.0000000000];[-0.0000000000,0.0000000000];0.0000000000;[-0.0000000000,0.0000000000];0.0000000000;0.0000000000;0.0000000000;0.0000000000
43;624;[-0.0000000000,0.0000000000];[-0.0000000000,0.0000000000];[-0.0000000000,0.0000000000];0.0000000000;[-0.0000000000,0.0000000000];0.0000000000;0.0000000000;0.0000000000;0.0000000000
43;663;[-0.0000000000,0.0000000000];[-0.0000000000,0.0000000000];[-0.0000000000,0.0000000000];0.0000000000;[-0.0000000000,0.0000000000];0.0000000000;0.0000000000;0.0000000000;0.0000000000
43;629;[-0.0000000000,0.0000000000];[-0.0000000000,0.0000000000];[-0.0000000000,0.0000000000];0.0000000000;[-0.0000000000,0.0000000000];0.0000000000;0.0000000000;0.0000000000;0.0000000000
43;698;[-0.0000000000,0.0000000000];[-0.0000000000,0.0000000000];[-0.0000000000,0.0000000000];0.0000000000;[-0.0000000000,0.0000000000];0.0000000000;0.0000000000;0.0000000000;0.0000000000
43;633;[-0.0000000000,0.0000000000];[-0.0000000000,0.0000000000];[-0.0000000000,0.0000000000];0.0000000000;[-0.0000000000,0.0000000000];0.0000000000;0.0000000000;0.0000000000;0.0000000000
43;673;[-0.0000000000,0.0000000000];[-0.0000000000,0.0000000000];[-0.0000000000,0.0000000000];0.0000000000;[-0.0000000000,0.0000000000];0.0000000000;0.0000000000;0.0000000000;0.0000000000
43;641;[-0.0000000000,0.0000000000];[-0.0000000000,0.0000000000];[-0.0000000000,0.0000000000];0.0000000000;[-0.0000000000,0.0000000000];0.0000000000;0.0000000000;0.0000000000;0.0000000000
43;647;[-0.0000000000,0.0000000000];[-0.0000000000,0.0000000000];[-0.0000000000,0.0000000000];0.0000000000;[-0.0000000000,0.0000000000];0.0000000000;0.0000000000;0.0000000000;0.0000000000
43;675;[-0.0000000000,0.0000000000];[-0.0000000000,0.0000000000];[-0.0000000000,0.0000000000];0.0000000000;[-0.0000000000,0.0000000000];0.0000000000;0.0000000000;0.0000000000;0.0000000000
43;696;[-0.0000000000,0.0000000000];[-0.0000000000,0.0000000000];[-0.0000000000,0.0000000000];0.0000000000;[-0.0000000000,0.0000000000];0.0000000000;0.0000000000;0.0000000000;0.0000000000
43;684;[-0.0000000000,0.0000000000];[-0.0000000000,0.0000000000];[-0.0000000000,0.0000000000];0.0000000000;[-0.0000000000,0.0000000000];0.0000000000;0.0000000000;0.0000000000;0.0000000000
43;701;[-0.0000000000,0.0000000000];[-0.0000000000,0.0000000000];[-0.0000000000,0.0000000000];0.0000000000;[-0.0000000000,0.0000000000];0.0000000000;0.0000000000;0.0000000000;0.0000000000
43;702;[-0.0000000000,0.0000000000];[-0.0000000000,0.0000000000];[-0.0000000000,0.0000000000];0.0000000000;[-0.0000000000,0.0000000000];0.0000000000;0.0000000000;0.0000000000;0.0000000000
43;703;[29.6614395005,0.0000000000];[25.2271470158,0.0000000000];[25.2271470158,0.0000000000];20.3828370195;[-0.0000000000,0.0000000000];0.0000000000;0.0000000000;0.0000000000;0.0000000000
43;704;[-0.0000000000,0.0000000000];[-0.0000000000,0.0000000000];[-0.0000000000,0.0000000000];0.0000000000;[-0.0000000000,0.0000000000];0.0000000000;0.6176617279;3.4940223700;0.0000000000
43;705;[-0.0000000000,0.0000000000];[-0.0000000000,0.0000000000];[-0.0000000000,0.0000000000];0.0000000000;[-0.0000000000,0.0000000000];0.0000000000;0.5994952065;3.4438377698;0.0000000000
43;706;[-0.0000000000,-20.0402359958];[-0.0000000000,-7.8207030215];[-0.0000000000,-7.8207030215];14.0568269715;[-0.0000000000,0.0000000000];0.0000000000;0.5823667720;3.3957526326;0.0000000000
43;707;[-17.9052157080,0.0000000000];[-5.7721141747,0.0000000000];[-5.7721141747,0.0000000000];12.1100562778;[-0.0000000000,0.0000000000];0.0000000000;0.9566573331;4.0142367213;0.0000000000
43;708;[-0.0000000000,0.0000000000];[-0.0000000000,0.0000000000];[-0.0000000000,0.0000000000];0.0000000000;[-0.0000000000,0.0000000000];0.0000000000;1.2581005478;4.3531401029;0.0000000000
43;709;[-0.0000000000,0.0000000000];[-0.0000000000,0.0000000000];[-0.0000000000,0.0000000000];0.0000000000;[-0.0000000000,0.0000000000];0.0000000000;1.2249926387;4.3001983671;0.0000000000
43;710;[-0.0000000000,-5.2174677327];[-0.0000000000,-3.3596281049];[-0.0000000000,-3.3596281049];9.0822714100;[-0.0000000000,0.0000000000];0.0000000000;1.1935825710;4.2491234623;0.0000000000
43;711;[-0.0000000000,0.0000000000];[-0.0000000000,0.0000000000];[-0.0000000000,0.0000000000];0.0000000000;[-0.0000000000,0.0000000000];0.0000000000;1.3907997920;4.3727067819;0.0000000000
43;712;[6.1308625598,0.0000000000];[1.9404654468,0.0000000000];[1.9404654468,0.0000000000];4.8921730256;[-0.0000000000,0.0000000000];0.0000000000;1.3568778458;4.3243771001;0.0000000000
43;713;[-0.0000000000,28.2696627842];[-0.0000000000,0.4446402704];[-0.0000000000,0.4446402704];2.9067929182;[-0.0000000000,0.0000000000];0.0000000000;1.4410515406;4.3064471673;0.0000000000
43;714;[-0.0000000000,0.0000000000];[-0.0000000000,0.0000000000];[-0.0000000000,0.0000000000];0.0000000000;[-0.0000000000,0.0000000000];0.0000000000;1.4751385494;4.2618068492;0.0000000000
43;715;[-27.9520834105,0.0000000000];[-17.9535007812,0.0000000000];[-17.9535007812,0.0000000000];18.4780975291;[-0.0000000000,0.0000000000];0.0000000000;1.4416126732;4.2188308271;0.0000000000
43;716;[-0.0000000000,0.0000000000];[-0.0000000000,0.0000000000];[-0.0000000000,0.0000000000];0.0000000000;[-0.0000000000,0.0000000000];0.0000000000;1.8202012256;4.8692401282;0.0000000000
43;717;[-0.0000000000,0.0000000000];[-0.0000000000,0.0000000000];[-0.0000000000,0.0000000000];0.0000000000;[-0.0000000000,0.0000000000];0.0000000000;1.7806316337;4.8233322914;0.0000000000
43;718;[-0.0000000000,0.0000000000];[-0.0000000000,0.0000000000];[-0.0000000000,0.0000000000];0.0000000000;[-0.0000000000,0.0000000000];0.0000000000;1.7427458543;4.7786577179;0.0000000000
43;719;[-21.3509439648,11.2252613204];[-1.0488878151,4.1677085668];[-1.0488878151,4.1677085668];9.7649720365;[-0.0000000000,0.0000000000];0.0000000000;1.7064386490;4.7351646824;0.0000000000
43;720;[-0.0000000000,0.0000000000];[-0.0000000000,0.0000000000];[-0.0000000000,0.0000000000];0.0000000000;[-0.0000000000,0.0000000000];0.0000000000;1.8708985140;4.8231167719;0.0000000000
43;693;[-0.0000000000,0.0000000000];[-0.0000000000,0.0000000000];[-0.0000000000,0.0000000000];0.0000000000;[-0.0000000000,0.0000000000];0.0000000000;1.8334805438;4.7818209302;0.0000000000
43;694;[-0.0000000000,0.0000000000];[-0.0000000000,0.0000000000];[-0.0000000000,0.0000000000];0.0000000000;[-0.0000000000,0.0000000000];0.0000000000;1.8334805438;4.7818209302;0.0000000000
43;695;[-0.0000000000,0.0000000000];[-0.0000000000,0.0000000000];[-0.0000000000,0.0000000000];0.0000000000;[-0.0000000000,0.0000000000];0.0000000000;1.8334805438;4.7818209302;0.0000000000
43;664;[-0.0000000000,0.0000000000];[-0.0000000000,0.0000000000];[-0.0000000000,0.0000000000];0.0000000000;[-0.0000000000,0.0000000000];0.0000000000;1.8334805438;4.7818209302;0.0000000000
43;673;[-0.0000000000,0.0000000000];[-0.0000000000,0.0000000000];[-0.0000000000,0.0000000000];0.0000000000;[-0.0000000000,0.0000000000];0.0000000000;1.8334805438;4.7818209302;0.0000000000
43;701;[-0.0000000000,0.0000000000];[-0.0000000000,0.0000000000];[-0.0000000000,0.0000000000];0.0000000000;[-0.0000000000,0.0000000000];0.0000000000;1.8334805438;4.7818209302;0.0000000000
43;702;[-0.0000000000,0.0000000000];[-0.0000000000,0.0000000000];[-0.0000000000,0.0000000000];0.0000000000;[-0.0000000000,0.0000000000];0.0000000000;1.8334805438;4.7818209302;0.0000000000
43;703;[25.2271470158,0.0000000000];[18.0294895276,0.0000000000];[18.0294895276,0.0000000000];18.4611486874;[-0.0000000000,0.0000000000];0.0000000000;1.7950467771;4.6381406510;0.0000000000
43;704;[-0.0000000000,0.0000000000];[-0.0000000000,0.0000000000];[-0.0000000000,0.0000000000];0.0000000000;[-0.0000000000,0.0000000000];0.0000000000;1.7950467771;4.6381406510;0.0000000000
43;705;[-0.0000000000,0.0000000000];[-0.0000000000,0.0000000000];[-0.0000000000,0.0000000000];0.0000000000;[-0.0000000000,0.0000000000];0.0000000000;1.7950467771;4.6381406510;0.0000000000
43;706;[-0.0000000000,-7.8207030215];[-0.0000000000,-1.7968531436];[-0.0000000000,-1.7968531436];5.3000719985;[-0.0000000000,0.0000000000];0.0000000000;1.6199116777;4.3267025968;0.0000000000
43;707;[-5.7721141747,0.0000000000];[-5.7721141747,0.0000000000];[-5.7721141747,0.0000000000];12.1100562778;[-0.0000000000,0.0000000000];0.0000000000;1.6199116777;4.3267025968;0.0000000000
43;708;[-0.0000000000,0.0000000000];[-0.0000000000,0.0000000000];[-0.0000000000,0.0000000000];0.0000000000;[-0.0000000000,0.0000000000];0.0000000000;1.6199116777;4.3267025968;0.0000000000
43;709;[-0.0000000000,0.0000000000];[-0.0000000000,0.0000000000];[-0.0000000000,0.0000000000];0.0000000000;[-0.0000000000,0.0000000000];0.0000000000;1.6199116777;4.3267025968;0.0000000000
43;710;[-0.0000000000,-3.3596281049];[-0.0000000000,-2.0691583733];[-0.0000000000,-2.0691583733];5.1973546182;[-0.0000000000,0.0000000000];0.0000000000;1.5422133418;4.2257004193;0.0000000000
43;711;[-0.0000000000,0.0000000000];[-0.0000000000,0.0000000000];[-0.0000000000,0.0000000000];0.0000000000;[-0.0000000000,0.0000000000];0.0000000000;1.5422133418;4.2257004193;0.0000000000
43;712;[1.9404654468,0.0000000000];[0.3570457214,0.0000000000];[0.3570457214,0.0000000000];2.4956575492;[-0.0000000000,0.0000000000];0.0000000000;1.4942830323;4.2009502781;0.0000000000
43;713;[-0.0000000000,0.4446402704];[-0.0000000000,0.4240170310];[-0.0000000000,0.4240170310];2.8248335767;[-0.0000000000,0.0000000000];0.0000000000;1.4926438455;4.2004147609;0.0000000000
43;714;[-0.0000000000,0.0000000000];[-0.0000000000,0.0000000000];[-0.0000000000,0.0000000000];0.0000000000;[-0.0000000000,0.0000000000];0.0000000000;1.4926438455;4.2004147609;0.0000000000
43;715;[-17.9535007812,0.0000000000];[-17.9535007812,0.0000000000];[-17.9535007812,0.0000000000];18.4780975291;[-0.0000000000,0.0000000000];0.0000000000;1.4926438455;4.2004147609;0.0000000000
43;716;[-0.0000000000,0.0000000000];[-0.0000000000,0.0000000000];[-0.0000000000,0.0000000000];0.0000000000;[-0.0000000000,0.0000000000];0.0000000000;1.4926438455;4.2004147609;0.0000000000
43;717;[-0.0000000000,0.0000000000];[-0.0000000000,0.0000000000];[-0.0000000000,0.0000000000];0.0000000000;[-0.0000000000,0.0000000000];0.0000000000;1.4926438455;4.2004147609;0.0000000000
43;718;[-0.0000000000,0.0000000000];[-0.0000000000,0.0000000000];[-0.0000000000,0.0000000000];0.0000000000;[-0.0000000000,0.0000000000];0.0000000000;1.4926438455;4.2004147609;0.0000000000
43;719;[-1.0488878151,4.1677085668];[-0.7266492231,3.0911706805];[-0.7266492231,3.0911706805];8.5389608054;[-0.0000000000,0.0000000000];0.0000000000;1.4681236208;4.1553900301;0.0000000000
43;720;[-0.0000000000,0.0000000000];[-0.0000000000,0.0000000000];[-0.0000000000,0.0000000000];0.0000000000;[-0.0000000000,0.0000000000];0.0000000000;1.4681236208;4.1553900301;0.0000000000
44;656;[-0.0000000000,0.0000000000];[-0.0000000000,0.0000000000];[-0.0000000000,0.0000000000];0.0000000000;[-0.0000000000,0.0000000000];0.0000000000;0.0000000000;0.0000000000;0.0000000000
44;570;[-0.0000000000,0.0000000000];[-0.0000000000,0.0000000000];[-0.0000000000,0.0000000000];0.0000000000;[-0.0000000000,0.0000000000];0.0000000000;0.0000000000;0.0000000000;0.0000000000
44;694;[-0.0000000000,0.0000000000];[-0.0000000000,0.0000000000];[-0.0000000000,0.0000000000];0.0000000000;[-0.0000000000,0.0000000000];0.0000000000;0.0000000000;0.0000000000;0.0000000000
44;709;[-0.0000000000,0.0000000000];[-0.0000000000,0.0000000000];[-0.0000000000,0.0000000000];0.0000000000;[-0.0000000000,0.0000000000];0.0000000000;0.0000000000;0.0000000000;0.0000000000
44;626;[-0.0000000000,0.0000000000];[-0.0000000000,0.0000000000];[-0.0000000000,0.0000000000];0.0000000000;[-0.0000000000,0.0000000000];0.0000000000;0.0000000000;0.0000000000;0.0000000000
44;682;[-0.0000000000,0.0000000000];[-0.0000000000,0.0000000000];[-0.0000000000,0.0000000000];0.0000000000;[-0.0000000000,0.0000000000];0.0000000000;0.0000000000;0.0000000000;0.0000000000
44;701;[-0.0000000000,0.0000000000];[-0.0000000000,0.0000000000];[-0.0000000000,0.0000000000];0.0000000000;[-0.0000000000,0.0000000000];0.0000000000;0.0000000000;0.0000000000;0.0000000000
44;665;[-0.0000000000,0.0000000000];[-0.0000000000,0.0000000000];[-0.0000000000,0.0000000000];0.0000000000;[-0.0000000000,0.0000000000];0.0000000000;0.0000000000;0.0000000000;0.0000000000
44;652;[-0.0000000000,0.0000000000];[-0.0000000000,0.0000000000];[-0.0000000000,0.0000000000];0.0000000000;[-0.0000000000,0.0000000000];0.0000000000;0.0000000000;0.0000000000;0.0000000000
44;507;[-0.0000000000,0.0000000000];[-0.0000000000,0.0000000000];[-0.0000000000,0.0000000000];0.0000000000;[-0.0000000000,0.0000000000];0.0000000000;0.0000000000;0.0000000000;0.0000000000
44;697;[-0.0000000000,0.0000000000];[-0.0000000000,0.0000000000];[-0.0000000000,0.0000000000];0.0000000000;[-0.0000000000,0.0000000000];0.0000000000;0.0000000000;0.0000000000;0.0000000000
44;708;[-0.0000000000,0.0000000000];[-0.0000000000,0.0000000000];[-0.0000000000,0.0000000000];0.0000000000;[-0.0000000000,0.0000000000];0.0000000000;0.0000000000;0.0000000000;0.0000000000
44;688;[-0.0000000000,0.0000000000];[-0.0000000000,0.0000000000];[-0.0000000000,0.0000000000];0.0000000000;[-0.0000000000,0.0000000000];0.0000000000;0.0000000000;0.0000000000;0.0000000000
44;579;[-0.0000000000,0.0000000000];[-0.0000000000,0.0000000000];[-0.0000000000,0.0000000000];0.0000000000;[-0.0000000000,0.0000000000];0.0000000000;0.0000000000;0.0000000000;0.0000000000
44;624;[-0.0000000000,0.0000000000];[-0.0000000000,0.0000000000];[-0.0000000000,0.0000000000];0.0000000000;[-0.0000000000,0.0000000000];0.0000000000;0.0000000000;0.0000000000;0.0000000000
44;663;[-0.0000000000,0.0000000000];[-0.0000000000,0.0000000000];[-0.0000000000,0.0000000000];0.0000000000;[-0.0000000000,0.0000000000];0.0000000000;0.0000000000;0.0000000000;0.0000000000
44;629;[-0.0000000000,0.0000000000];[-0.0000000000,0.0000000000];[-0.0000000000,0.0000000000];0.0000000000;[-0.0000000000,0.0000000000];0.0000000000;0.0000000000;0.0000000000;0.0000000000
44;698;[-0.0000000000,0.0000000000];[-0.0000000000,0.0000000000];[-0.0000000000,0.0000000000];0.0000000000;[-0.0000000000,0.0000000000];0.0000000000;0.0000000000;0.0000000000;0.0000000000
44;633;[-0.0000000000,0.0000000000];[-0.0000000000,0.0000000000];[-0.0000000000,0.0000000000];0.0000000000;[-0.0000000000,0.0000000000];0.0000000000;0.0000000000;0.0000000000;0.0000000000
44;716;[-0.0000000000,0.0000000000];[-0.0000000000,0.0000000000];[-0.0000000000,0.0000000000];0.0000000000;[-0.0000000000,0.0000000000];0.0000000000;0.0000000000;0.0000000000;0.0000000000
44;699;[-0.0000000000,0.0000000000];[-0.0000000000,0.0000000000];[-0.0000000000,0.0000000000];0.0000000000;[-0.0000000000,0.0000000000];0.0000000000;0.0000000000;0.0000000000;0.0000000000
44;641;[-0.0000000000,0.0000000000];[-0.0000000000,0.0000000000];[-0.0000000000,0.0000000000];0.0000000000;[-0.0000000000,0.0000000000];0.0000000000;0.0000000000;0.0000000000;0.0000000000
44;647;[-0.0000000000,0.0000000000];[-0.0000000000,0.0000000000];[-0.0000000000,0.0000000000];0.0000000000;[-0.0000000000,0.0000000000];0.0000000000;0.0000000000;0.0000000000;0.0000000000
44;675;[-0.0000000000,0.0000000000];[-0.0000000000,0.0000000000];[-0.0000000000,0.0000000000];0.0000000000;[-0.0000000000,0.0000000000];0.0000000000;0.0000000000;0.0000000000;0.0000000000
44;696;[-0.0000000000,0.0000000000];[-0.0000000000,0.0000000000];[-0.0000000000,0.0000000000];0.0000000000;[-0.0000000000,0.0000000000];0.0000000000;0.0000000000;0.0000000000;0.0000000000
44;684;[-0.0000000000,0.0000000000];[-0.0000000000,0.0000000000];[-0.0000000000,0.0000000000];0.0000000000;[-0.0000000000,0.0000000000];0.0000000000;0.0000000000;0.0000000000;0.0000000000
44;721;[-0.0000000000,0.0000000000];[-0.0000000000,0.0000000000];[-0.0000000000,0.0000000000];0.0000000000;[-0.0000000000,0.0000000000];0.0000000000;0.0000000000;0.0000000000;0.0000000000
44;722;[13.6676057316,0.0000000000];[6.2932150109,0.0000000000];[6.2932150109,0.0000000000];13.0633173304;[-0.0000000000,0.0000000000];0.0000000000;0.0000000000;0.0000000000;0.0000000000
44;723;[-0.0000000000,0.0000000000];[-0.0000000000,0.0000000000];[-0.0000000000,0.0000000000];0.0000000000;[-0.0000000000,0.0000000000];0.0000000000;0.4082286666;2.2729210216;0.0000000000
44;724;[-0.0000000000,0.0000000000];[-0.0000000000,0.0000000000];[-0.0000000000,0.0000000000];0.0000000000;[-0.0000000000,0.0000000000];0.0000000000;0.3958581009;2.2393115804;0.0000000000
44;725;[-0.0000000000,0.0000000000];[-0.0000000000,0.0000000000];[-0.0000000000,0.0000000000];0.0000000000;[-0.0000000000,0.0000000000];0.0000000000;0.3842152156;2.2071483758;0.0000000000
44;726;[-0.0000000000,0.0000000000];[-0.0000000000,0.0000000000];[-0.0000000000,0.0000000000];0.0000000000;[-0.0000000000,0.0000000000];0.0000000000;0.3732376380;2.1763307126;0.0000000000
44;727;[-0.0000000000,0.0000000000];[-0.0000000000,0.0000000000];[-0.0000000000,0.0000000000];0.0000000000;[-0.0000000000,0.0000000000];0.0000000000;0.3628699258;2.1467674322;0.0000000000
44;728;[-0.0000000000,0.0000000000];[-0.0000000000,0.0000000000];[-0.0000000000,0.0000000000];0.0000000000;[-0.0000000000,0.0000000000];0.0000000000;0.3530626306;2.1183757833;0.0000000000
44;729;[-0.0000000000,0.0000000000];[-0.0000000000,0.0000000000];[-0.0000000000,0.0000000000];0.0000000000;[-0.0000000000,0.0000000000];0.0000000000;0.3437715087;2.0910804521;0.0000000000
44;730;[-0.0000000000,0.0000000000];[-0.0000000000,0.0000000000];[-0.0000000000,0.0000000000];0.0000000000;[-0.0000000000,0.0000000000];0.0000000000;0.3349568546;2.0648127250;0.0000000000
44;731;[-0.0000000000,0.0000000000];[-0.0000000000,0.0000000000];[-0.0000000000,0.0000000000];0.0000000000;[-0.0000000000,0.0000000000];0.0000000000;0.3265829333;2.0395097645;0.0000000000
44;732;[-0.0000000000,0.0000000000];[-0.0000000000,0.0000000000];[-0.0000000000,0.0000000000];0.0000000000;[-0.0000000000,0.0000000000];0.0000000000;0.3186174959;2.0151139786;0.0000000000
44;733;[-0.0000000000,0.0000000000];[-0.0000000000,0.0000000000];[-0.0000000000,0.0000000000];0.0000000000;[-0.0000000000,0.0000000000];0.0000000000;0.3110313650;1.9915724719;0.0000000000
44;734;[-0.0000000000,0.0000000000];[-0.0000000000,0.0000000000];[-0.0000000000,0.0000000000];0.0000000000;[-0.0000000000,0.0000000000];0.0000000000;0.3037980775;1.9688365646;0.0000000000
44;735;[-0.0000000000,0.0000000000];[-0.0000000000,0.0000000000];[-0.0000000000,0.0000000000];0.0000000000;[-0.0000000000,0.0000000000];0.0000000000;0.2968935757;1.9468613708;0.0000000000
44;736;[-0.0000000000,0.0000000000];[-0.0000000000,0.0000000000];[-0.0000000000,0.0000000000];0.0000000000;[-0.0000000000,0.0000000000];0.0000000000;0.2902959407;1.9256054268;0.0000000000
44;737;[-0.0000000000,0.0000000000];[-0.0000000000,0.0000000000];[-0.0000000000,0.0000000000];0.0000000000;[-0.0000000000,0.0000000000];0.0000000000;0.2839851594;1.9050303628;0.0000000000
44;738;[-0.0000000000,0.0000000000];[-0.0000000000,0.0000000000];[-0.0000000000,0.0000000000];0.0000000000;[-0.0000000000,0.0000000000];0.0000000000;0.2779429219;1.8851006130;0.0000000000
44;739;[-0.0000000000,0.0000000000];[-0.0000000000,0.0000000000];[-0.0000000000,0.0000000000];0.0000000000;[-0.0000000000,0.0000000000];0.0000000000;0.2721524444;1.8657831573;0.0000000000
44;740;[-0.0000000000,0.0000000000];[-0.0000000000,0.0000000000];[-0.0000000000,0.0000000000];0.0000000000;[-0.0000000000,0.0000000000];0.0000000000;0.2665983129;1.8470472924;0.0000000000
44;741;[-0.0000000000,0.0000000000];[-0.0000000000,0.0000000000];[-0.0000000000,0.0000000000];0.0000000000;[-0.0000000000,0.0000000000];0.0000000000;0.2612663466;1.8288644263;0.0000000000
44;742;[-0.0000000000,0.0000000000];[-0.0000000000,0.0000000000];[-0.0000000000,0.0000000000];0.0000000000;[-0.0000000000,0.0000000000];0.0000000000;0.2561434771;1.8112078959;0.0000000000
44;683;[-0.0000000000,0.0000000000];[-0.0000000000,0.0000000000];[-0.0000000000,0.0000000000];0.0000000000;[-0.0000000000,0.0000000000];0.0000000000;0.2512176410;1.7940528030;0.0000000000
44;637;[-0.0000000000,0.0000000000];[-0.0000000000,0.0000000000];[-0.0000000000,0.0000000000];0.0000000000;[-0.0000000000,0.0000000000];0.0000000000;0.2512176410;1.7940528030;0.0000000000
44;535;[-0.0000000000,0.0000000000];[-0.0000000000,0.0000000000];[-0.0000000000,0.0000000000];0.0000000000;[-0.0000000000,0.0000000000];0.0000000000;0.2512176410;1.7940528030;0.0000000000
44;336;[-0.0000000000,0.0000000000];[-0.0000000000,0.0000000000];[-0.0000000000,0.0000000000];0.0000000000;[-0.0000000000,0.0000000000];0.0000000000;0.2512176410;1.7940528030;0.0000000000
44;721;[-0.0000000000,0.0000000000];[-0.0000000000,0.0000000000];[-0.0000000000,0.0000000000];0.0000000000;[-0.0000000000,0.0000000000];0.0000000000;0.2512176410;1.7940528030;0.0000000000
44;722;[6.2932150109,0.0000000000];[4.9909850794,0.0000000000];[4.9909850794,0.0000000000];10.1282247187;[-0.0000000000,0.0000000000];0.0000000000;0.1947735523;1.3909613834;0.0000000000
44;723;[-0.0000000000,0.0000000000];[-0.0000000000,0.0000000000];[-0.0000000000,0.0000000000];0.0000000000;[-0.0000000000,0.0000000000];0.0000000000;0.1947735523;1.3909613834;0.0000000000
44;724;[-0.0000000000,0.0000000000];[-0.0000000000,0.0000000000];[-0.0000000000,0.0000000000];0.0000000000;[-0.0000000000,0.0000000000];0.0000000000;0.1947735523;1.3909613834;0.0000000000
44;725;[-0.0000000000,0.0000000000];[-0.0000000000,0.0000000000];[-0.0000000000,0.0000000000];0.0000000000;[-0.0000000000,0.0000000000];0.0000000000;0.1947735523;1.3909613834;0.0000000000
44;726;[-0.0000000000,0.0000000000];[-0.0000000000,0.0000000000];[-0.0000000000,0.0000000000];0.0000000000;[-0.0000000000,0.0000000000];0.0000000000;0.1947735523;1.3909613834;0.0000000000
44;727;[-0.0000000000,0.0000000000];[-0.0000000000,0.0000000000];[-0.0000000000,0.0000000000];0.0000000000;[-0.0000000000,0.0000000000];0.0000000000;0.1947735523;1.3909613834;0.0000000000
44;728;[-0.0000000000,0.0000000000];[-0.0000000000,0.0000000000];[-0.0000000000,0.0000000000];0.0000000000;[-0.0000000000,0.0000000000];0.0000000000;0.1947735523;1.3909613834;0.0000000000
44;729;[-0.0000000000,0.0000000000];[-0.0000000000,0.0000000000];[-0.0000000000,0.0000000000];0.0000000000;[-0.0000000000,0.0000000000];0.0000000000;0.1947735523;1.3909613834;0.0000000000
44;730;[-0.0000000000,0.0000000000];[-0.0000000000,0.0000000000];[-0.0000000000,0.0000000000];0.0000000000;[-0.0000000000,0.0000000000];0.0000000000;0.1947735523;1.3909613834;0.0000000000
44;731;[-0.0000000000,0.0000000000];[-0.0000000000,0.0000000000];[-0.0000000000,0.0000000000];0.0000000000;[-0.0000000000,0.0000000000];0.0000000000;0.1947735523;1.3909613834;0.0000000000
44;732;[-0.0000000000,0.0000000000];[-0.0000000000,0.0000000000];[-0.0000000000,0.0000000000];0.0000000000;[-0.0000000000,0.0000000000];0.0000000000;0.1947735523;1.3909613834;0.0000000000
44;733;[-0.0000000000,0.0000000000];[-0.0000000000,0.0000000000];[-0.0000000000,0.0000000000];0.0000000000;[-0.0000000000,0.0000000000];0.0000000000;0.1947735523;1.3909613834;0.0000000000
44;734;[-0.0000000000,0.0000000000];[-0.0000000000,0.0000000000];[-0.0000000000,0.0000000000];0.0000000000;[-0.0000000000,0.0000000000];0.0000000000;0.1947735523;1.3909613834;0.0000000000
44;735;[-0.0000000000,0.0000000000];[-0.0000000000,0.0000000000];[-0.0000000000,0.0000000000];0.0000000000;[-0.0000000000,0.0000000000];0.0000000000;0.1947735523;1.3909613834;0.0000000000
44;736;[-0.0000000000,0.0000000000];[-0.0000000000,0.0000000000];[-0.0000000000,0.0000000000];0.0000000000;[-0.0000000000,0.0000000000];0.0000000000;0.1947735523;1.3909613834;0.0000000000
44;737;[-0.0000000000,0.0000000000];[-0.0000000000,0.0000000000];[-0.0000000000,0.0000000000];0.0000000000;[-0.0000000000,0.0000000000];0.0000000000;0.1947735523;1.3909613834;0.0000000000
44;738;[-0.0000000000,0.0000000000];[-0.0000000000,0.0000000000];[-0.0000000000,0.0000000000];0.0000000000;[-0.0000000000,0.0000000000];0.0000000000;0.1947735523;1.3909613834;0.0000000000
44;739;[-0.0000000000,0.0000000000];[-0.0000000000,0.0000000000];[-0.0000000000,0.0000000000];0.0000000000;[-0.0000000000,0.0000000000];0.0000000000;0.1947735523;1.3909613834;0.0000000000
44;740;[-0.0000000000,0.0000000000];[-0.0000000000,0.0000000000];[-0.0000000000,0.0000000000];0.0000000000;[-0.0000000000,0.0000000000];0.0000000000;0.1947735523;1.3909613834;0.0000000000
44;741;[-0.0000000000,0.0000000000];[-0.0000000000,0.0000000000];[-0.0000000000,0.0000000000];0.0000000000;[-0.0000000000,0.0000000000];0.0000000000;0.1947735523;1.3909613834;0.0000000000
44;742;[-0.0000000000,0.0000000000];[-0.0000000000,0.0000000000];[-0.0000000000,0.0000000000];0.0000000000;[-0.0000000000,0.0000000000];0.0000000000;0.1947735523;1.3909613834;0.0000000000
45;656;[-0.0000000000,0.0000000000];[-0.0000000000,0.0000000000];[-0.0000000000,0.0000000000];0.0000000000;[-0.0000000000,0.0000000000];0.0000000000;0.0000000000;0.0000000000;0.0000000000
45;694;[-0.0000000000,0.0000000000];[-0.0000000000,0.0000000000];[-0.0000000000,0.0000000000];0.0000000000;[-0.0000000000,0.0000000000];0.0000000000;0.0000000000;0.0000000000;0.0000000000
45;535;[-0.0000000000,0.0000000000];[-0.0000000000,0.0000000000];[-0.0000000000,0.0000000000];0.0000000000;[-0.0000000000,0.0000000000];0.0000000000;0.0000000000;0.0000000000;0.0000000000
45;709;[-0.0000000000,0.0000000000];[-0.0000000000,0.0000000000];[-0.0000000000,0.0000000000];0.0000000000;[-0.0000000000,0.0000000000];0.0000000000;0.0000000000;0.0000000000;0.0000000000
45;626;[-0.0000000000,0.0000000000];[-0.0000000000,0.0000000000];[-0.0000000000,0.0000000000];0.0000000000;[-0.0000000000,0.0000000000];0.0000000000;0.0000000000;0.0000000000;0.0000000000
45;682;[-0.0000000000,0.0000000000];[-0.0000000000,0.0000000000];[-0.0000000000,0.0000000000];0.0000000000;[-0.0000000000,0.0000000000];0.0000000000;0.0000000000;0.0000000000;0.0000000000
45;701;[-0.0000000000,0.0000000000];[-0.0000000000,0.0000000000];[-0.0000000000,0.0000000000];0.0000000000;[-0.0000000000,0.0000000000];0.0000000000;0.0000000000;0.0000000000;0.0000000000
45;724;[-0.0000000000,0.0000000000];[-0.0000000000,0.0000000000];[-0.0000000000,0.0000000000];0.0000000000;[-0.0000000000,0.0000000000];0.0000000000;0.0000000000;0.0000000000;0.0000000000
45;507;[-0.0000000000,0.0000000000];[-0.0000000000,0.0000000000];[-0.0000000000,0.0000000000];0.0000000000;[-0.0000000000,0.0000000000];0.0000000000;0.0000000000;0.0000000000;0.0000000000
45;697;[-0.0000000000,0.0000000000];[-0.0000000000,0.0000000000];[-0.0000000000,0.0000000000];0.0000000000;[-0.0000000000,0.0000000000];0.0000000000;0.0000000000;0.0000000000;0.0000000000
45;708;[-0.0000000000,0.0000000000];[-0.0000000000,0.0000000000];[-0.0000000000,0.0000000000];0.0000000000;[-0.0000000000,0.0000000000];0.0000000000;0.0000000000;0.0000000000;0.0000000000
45;733;[-0.0000000000,0.0000000000];[-0.0000000000,0.0000000000];[-0.0000000000,0.0000000000];0.0000000000;[-0.0000000000,0.0000000000];0.0000000000;0.0000000000;0.0000000000;0.0000000000
45;688;[-0.0000000000,0.0000000000];[-0.0000000000,0.0000000000];[-0.0000000000,0.0000000000];0.0000000000;[-0.0000000000,0.0000000000];0.0000000000;0.0000000000;0.0000000000;0.0000000000
45;579;[-0.0000000000,0.0000000000];[-0.0000000000,0.0000000000];[-0.0000000000,0.0000000000];0.0000000000;[-0.0000000000,0.0000000000];0.0000000000;0.0000000000;0.0000000000;0.0000000000
45;629;[-0.0000000000,0.0000000000];[-0.0000000000,0.0000000000];[-0.0000000000,0.0000000000];0.0000000000;[-0.0000000000,0.0000000000];0.0000000000;0.0000000000;0.0000000000;0.0000000000
45;633;[-0.0000000000,0.0000000000];[-0.0000000000,0.0000000000];[-0.0000000000,0.0000000000];0.0000000000;[-0.0000000000,0.0000000000];0.0000000000;0.0000000000;0.0000000000;0.0000000000
45;716;[-0.0000000000,0.0000000000];[-0.0000000000,0.0000000000];[-0.0000000000,0.0000000000];0.0000000000;[-0.0000000000,0.0000000000];0.0000000000;0.0000000000;0.0000000000;0.0000000000
45;735;[-0.0000000000,0.0000000000];[-0.0000000000,0.0000000000];[-0.0000000000,0.0000000000];0.0000000000;[-0.0000000000,0.0000000000];0.0000000000;0.0000000000;0.0000000000;0.0000000000
45;641;[-0.0000000000,0.0000000000];[-0.0000000000,0.0000000000];[-0.0000000000,0.0000000000];0.0000000000;[-0.0000000000,0.0000000000];0.0000000000;0.0000000000;0.0000000000;0.0000000000
45;699;[-0.0000000000,0.0000000000];[-0.0000000000,0.0000000000];[-0.0000000000,0.0000000000];0.0000000000;[-0.0000000000,0.0000000000];0.0000000000;0.0000000000;0.0000000000;0.0000000000
45;647;[-0.0000000000,0.0000000000];[-0.0000000000,0.0000000000];[-0.0000000000,0.0000000000];0.0000000000;[-0.0000000000,0.0000000000];0.0000000000;0.0000000000;0.0000000000;0.0000000000
45;675;[-0.0000000000,0.0000000000];[-0.0000000000,0.0000000000];[-0.0000000000,0.0000000000];0.0000000000;[-0.0000000000,0.0000000000];0.0000000000;0.0000000000;0.0000000000;0.0000000000
45;696;[-0.0000000000,0.0000000000];[-0.0000000000,0.0000000000];[-0.0000000000,0.0000000000];0.0000000000;[-0.0000000000,0.0000000000];0.0000000000;0.0000000000;0.0000000000;0.0000000000
45;737;[-0.0000000000,0.0000000000];[-0.0000000000,0.0000000000];[-0.0000000000,0.0000000000];0.0000000000;[-0.0000000000,0.0000000000];0.0000000000;0.0000000000;0.0000000000;0.0000000000
45;684;[-0.0000000000,0.0000000000];[-0.0000000000,0.0000000000];[-0.0000000000,0.0000000000];0.0000000000;[-0.0000000000,0.0000000000];0.0000000000;0.0000000000;0.0000000000;0.0000000000
45;743;[-0.0000000000,0.0000000000];[-0.0000000000,0.0000000000];[-0.0000000000,0.0000000000];0.0000000000;[-0.0000000000,0.0000000000];0.0000000000;0.0000000000;0.0000000000;0.0000000000
45;744;[-0.0000000000,0.0000000000];[-0.0000000000,0.0000000000];[-0.0000000000,0.0000000000];0.0000000000;[-0.0000000000,0.0000000000];0.0000000000;0.0000000000;0.0000000000;0.0000000000
45;745;[-26.6172747451,0.0000000000];[-6.4550496739,0.0000000000];[-6.4550496739,0.0000000000];13.6709573196;[-0.0000000000,0.0000000000];0.0000000000;0.0000000000;0.0000000000;0.0000000000
45;746;[-0.0000000000,0.0000000000];[-0.0000000000,0.0000000000];[-0.0000000000,0.0000000000];0.0000000000;[-0.0000000000,0.0000000000];0.0000000000;0.4142714339;2.3434731215;0.0000000000
45;747;[-0.0000000000,31.8190134137];[-0.0000000000,31.8190134137];[-0.0000000000,31.8190134137];20.4619207866;[-0.0000000000,0.0000000000];0.0000000000;0.4020869800;2.3098138459;0.0000000000
45;748;[-0.0000000000,0.0000000000];[-0.0000000000,0.0000000000];[-0.0000000000,0.0000000000];0.0000000000;[-0.0000000000,0.0000000000];0.0000000000;0.9752250887;4.0436830356;0.0000000000
45;749;[-0.0000000000,0.0000000000];[-0.0000000000,0.0000000000];[-0.0000000000,0.0000000000];0.0000000000;[-0.0000000000,0.0000000000];0.0000000000;0.9481355030;3.9903448847;0.0000000000
45;750;[-0.0000000000,0.0000000000];[-0.0000000000,0.0000000000];[-0.0000000000,0.0000000000];0.0000000000;[-0.0000000000,0.0000000000];0.0000000000;0.9225102191;3.9390537602;0.0000000000
45;751;[-0.0000000000,0.0000000000];[-0.0000000000,0.0000000000];[-0.0000000000,0.0000000000];0.0000000000;[-0.0000000000,0.0000000000];0.0000000000;0.8982336344;3.8896826320;0.0000000000
45;752;[-0.0000000000,0.0000000000];[-0.0000000000,0.0000000000];[-0.0000000000,0.0000000000];0.0000000000;[-0.0000000000,0.0000000000];0.0000000000;0.8752020027;3.8421151795;0.0000000000
45;753;[-0.0000000000,0.0000000000];[-0.0000000000,0.0000000000];[-0.0000000000,0.0000000000];0.0000000000;[-0.0000000000,0.0000000000];0.0000000000;0.8533219527;3.7962446645;0.0000000000
45;754;[-0.0000000000,0.0000000000];[-0.0000000000,0.0000000000];[-0.0000000000,0.0000000000];0.0000000000;[-0.0000000000,0.0000000000];0.0000000000;0.8325092221;3.7519729461;0.0000000000
45;755;[-0.0000000000,0.0000000000];[-0.0000000000,0.0000000000];[-0.0000000000,0.0000000000];0.0000000000;[-0.0000000000,0.0000000000];0.0000000000;0.8126875740;3.7092096142;0.0000000000
45;756;[-0.0000000000,0.0000000000];[-0.0000000000,0.0000000000];[-0.0000000000,0.0000000000];0.0000000000;[-0.0000000000,0.0000000000];0.0000000000;0.7937878629;3.6678712283;0.0000000000
45;757;[-0.0000000000,0.0000000000];[-0.0000000000,0.0000000000];[-0.0000000000,0.0000000000];0.0000000000;[-0.0000000000,0.0000000000];0.0000000000;0.7757472297;3.6278806444;0.0000000000
45;758;[-0.0000000000,-10.0436729271];[-0.0000000000,-3.4003914474];[-0.0000000000,-3.4003914474];9.2541925006;[-0.0000000000,0.0000000000];0.0000000000;0.7585084024;3.5891664197;0.0000000000
45;759;[-0.0000000000,0.0000000000];[-0.0000000000,0.0000000000];[-0.0000000000,0.0000000000];0.0000000000;[-0.0000000000,0.0000000000];0.0000000000;0.9431971871;3.7599225021;0.0000000000
45;760;[-0.0000000000,0.0000000000];[-0.0000000000,0.0000000000];[-0.0000000000,0.0000000000];0.0000000000;[-0.0000000000,0.0000000000];0.0000000000;0.9231291618;3.7221976036;0.0000000000
45;761;[-0.0000000000,0.0000000000];[-0.0000000000,0.0000000000];[-0.0000000000,0.0000000000];0.0000000000;[-0.0000000000,0.0000000000];0.0000000000;0.9038973043;3.6855797231;0.0000000000
45;762;[-0.0000000000,0.0000000000];[-0.0000000000,0.0000000000];[-0.0000000000,0.0000000000];0.0000000000;[-0.0000000000,0.0000000000];0.0000000000;0.8854504205;3.6500160895;0.0000000000
45;763;[-0.0000000000,0.0000000000];[-0.0000000000,0.0000000000];[-0.0000000000,0.0000000000];0.0000000000;[-0.0000000000,0.0000000000];0.0000000000;0.8677414121;3.6154573631;0.0000000000
45;764;[-0.0000000000,0.0000000000];[-0.0000000000,0.0000000000];[-0.0000000000,0.0000000000];0.0000000000;[-0.0000000000,0.0000000000];0.0000000000;0.8507268746;3.5818573563;0.0000000000
45;730;[-0.0000000000,0.0000000000];[-0.0000000000,0.0000000000];[-0.0000000000,0.0000000000];0.0000000000;[-0.0000000000,0.0000000000];0.0000000000;0.8343667424;3.5491727812;0.0000000000
45;742;[-0.0000000000,0.0000000000];[-0.0000000000,0.0000000000];[-0.0000000000,0.0000000000];0.0000000000;[-0.0000000000,0.0000000000];0.0000000000;0.8343667424;3.5491727812;0.0000000000
45;698;[-0.0000000000,0.0000000000];[-0.0000000000,0.0000000000];[-0.0000000000,0.0000000000];0.0000000000;[-0.0000000000,0.0000000000];0.0000000000;0.8343667424;3.5491727812;0.0000000000
45;688;[-0.0000000000,0.0000000000];[-0.0000000000,0.0000000000];[-0.0000000000,0.0000000000];0.0000000000;[-0.0000000000,0.0000000000];0.0000000000;0.8343667424;3.5491727812;0.0000000000
45;684;[-0.0000000000,0.0000000000];[-0.0000000000,0.0000000000];[-0.0000000000,0.0000000000];0.0000000000;[-0.0000000000,0.0000000000];0.0000000000;0.8343667424;3.5491727812;0.0000000000
45;743;[-0.0000000000,0.0000000000];[-0.0000000000,0.0000000000];[-0.0000000000,0.0000000000];0.0000000000;[-0.0000000000,0.0000000000];0.0000000000;0.8343667424;3.5491727812;0.0000000000
45;744;[-0.0000000000,0.0000000000];[-0.0000000000,0.0000000000];[-0.0000000000,0.0000000000];0.0000000000;[-0.0000000000,0.0000000000];0.0000000000;0.8343667424;3.5491727812;0.0000000000
45;745;[-6.4550496739,0.0000000000];[-5.6946782926,0.0000000000];[-5.6946782926,0.0000000000];12.3891208322;[-0.0000000000,0.0000000000];0.0000000000;0.8097160408;3.4633446280;0.0000000000
45;746;[-0.0000000000,0.0000000000];[-0.0000000000,0.0000000000];[-0.0000000000,0.0000000000];0.0000000000;[-0.0000000000,0.0000000000];0.0000000000;0.8097160408;3.4633446280;0.0000000000
45;747;[-0.0000000000,31.8190134137];[-0.0000000000,31.8190134137];[-0.0000000000,31.8190134137];20.4619207866;[-0.0000000000,0.0000000000];0.0000000000;0.8097160408;3.4633446280;0.0000000000
45;748;[-0.0000000000,0.0000000000];[-0.0000000000,0.0000000000];[-0.0000000000,0.0000000000];0.0000000000;[-0.0000000000,0.0000000000];0.0000000000;0.8097160408;3.4633446280;0.0000000000
45;749;[-0.0000000000,0.0000000000];[-0.0000000000,0.0000000000];[-0.0000000000,0.0000000000];0.0000000000;[-0.0000000000,0.0000000000];0.0000000000;0.8097160408;3.4633446280;0.0000000000
45;750;[-0.0000000000,0.0000000000];[-0.0000000000,0.0000000000];[-0.0000000000,0.0000000000];0.0000000000;[-0.0000000000,0.0000000000];0.0000000000;0.8097160408;3.4633446280;0.0000000000
45;751;[-0.0000000000,0.0000000000];[-0.0000000000,0.0000000000];[-0.0000000000,0.0000000000];0.0000000000;[-0.0000000000,0.0000000000];0.0000000000;0.8097160408;3.4633446280;0.0000000000
45;752;[-0.0000000000,0.0000000000];[-0.0000000000,0.0000000000];[-0.0000000000,0.0000000000];0.0000000000;[-0.0000000000,0.0000000000];0.0000000000;0.8097160408;3.4633446280;0.0000000000
45;753;[-0.0000000000,0.0000000000];[-0.0000000000,0.0000000000];[-0.0000000000,0.0000000000];0.0000000000;[-0.0000000000,0.0000000000];0.0000000000;0.8097160408;3.4633446280;0.0000000000
45;754;[-0.0000000000,0.0000000000];[-0.0000000000,0.0000000000];[-0.0000000000,0.0000000000];0.0000000000;[-0.0000000000,0.0000000000];0.0000000000;0.8097160408;3.4633446280;0.0000000000
45;755;[-0.0000000000,0.0000000000];[-0.0000000000,0.0000000000];[-0.0000000000,0.0000000000];0.0000000000;[-0.0000000000,0.0000000000];0.0000000000;0.8097160408;3.4633446280;0.0000000000
45;756;[-0.0000000000,0.0000000000];[-0.0000000000,0.0000000000];[-0.0000000000,0.0000000000];0.0000000000;[-0.0000000000,0.0000000000];0.0000000000;0.8097160408;3.4633446280;0.0000000000
45;757;[-0.0000000000,0.0000000000];[-0.0000000000,0.0000000000];[-0.0000000000,0.0000000000];0.0000000000;[-0.0000000000,0.0000000000];0.0000000000;0.8097160408;3.4633446280;0.0000000000
45;758;[-0.0000000000,-3.4003914474];[-0.0000000000,-2.0143458417];[-0.0000000000,-2.0143458417];4.9632944563;[-0.0000000000,0.0000000000];0.0000000000;0.7271987707;3.3088351146;0.0000000000
45;759;[-0.0000000000,0.0000000000];[-0.0000000000,0.0000000000];[-0.0000000000,0.0000000000];0.0000000000;[-0.0000000000,0.0000000000];0.0000000000;0.7271987707;3.3088351146;0.0000000000
45;760;[-0.0000000000,0.0000000000];[-0.0000000000,0.0000000000];[-0.0000000000,0.0000000000];0.0000000000;[-0.0000000000,0.0000000000];0.0000000000;0.7271987707;3.3088351146;0.0000000000
45;761;[-0.0000000000,0.0000000000];[-0.0000000000,0.0000000000];[-0.0000000000,0.0000000000];0.0000000000;[-0.0000000000,0.0000000000];0.0000000000;0.7271987707;3.3088351146;0.0000000000
45;762;[-0.0000000000,0.0000000000];[-0.0000000000,0.0000000000];[-0.0000000000,0.0000000000];0.0000000000;[-0.0000000000,0.0000000000];0.0000000000;0.7271987707;3.3088351146;0.0000000000
45;763;[-0.0000000000,0.0000000000];[-0.0000000000,0.0000000000];[-0.0000000000,0.0000000000];0.0000000000;[-0.0000000000,0.0000000000];0.0000000000;0.7271987707;3.3088351146;0.0000000000
45;764;[-0.0000000000,0.0000000000];[-0.0000000000,0.0000000000];[-0.0000000000,0.0000000000];0.0000000000;[-0.0000000000,0.0000000000];0.0000000000;0.7271987707;3.3088351146;0.0000000000
46;656;[-0.0000000000,0.0000000000];[-0.0000000000,0.0000000000];[-0.0000000000,0.0000000000];0.0000000000;[-0.0000000000,0.0000000000];0.0000000000;0.0000000000;0.0000000000;0.0000000000
46;694;[-0.0000000000,0.0000000000];[-0.0000000000,0.0000000000];[-0.0000000000,0.0000000000];0.0000000000;[-0.0000000000,0.0000000000];0.0000000000;0.0000000000;0.0000000000;0.0000000000
46;535;[-0.0000000000,0.0000000000];[-0.0000000000,0.0000000000];[-0.0000000000,0.0000000000];0.0000000000;[-0.0000000000,0.0000000000];0.0000000000;0.0000000000;0.0000000000;0.0000000000
46;743;[-0.0000000000,0.0000000000];[-0.0000000000,0.0000000000];[-0.0000000000,0.0000000000];0.0000000000;[-0.0000000000,0.0000000000];0.0000000000;0.0000000000;0.0000000000;0.0000000000
46;682;[-0.0000000000,0.0000000000];[-0.0000000000,0.0000000000];[-0.0000000000,0.0000000000];0.0000000000;[-0.0000000000,0.0000000000];0.0000000000;0.0000000000;0.0000000000;0.0000000000
46;701;[-0.0000000000,0.0000000000];[-0.0000000000,0.0000000000];[-0.0000000000,0.0000000000];0.0000000000;[-0.0000000000,0.0000000000];0.0000000000;0.0000000000;0.0000000000;0.0000000000
46;730;[-0.0000000000,0.0000000000];[-0.0000000000,0.0000000000];[-0.0000000000,0.0000000000];0.0000000000;[-0.0000000000,0.0000000000];0.0000000000;0.0000000000;0.0000000000;0.0000000000
46;724;[-0.0000000000,0.0000000000];[-0.0000000000,0.0000000000];[-0.0000000000,0.0000000000];0.0000000000;[-0.0000000000,0.0000000000];0.0000000000;0.0000000000;0.0000000000;0.0000000000
46;507;[-0.0000000000,0.0000000000];[-0.0000000000,0.0000000000];[-0.0000000000,0.0000000000];0.0000000000;[-0.0000000000,0.0000000000];0.0000000000;0.0000000000;0.0000000000;0.0000000000
46;697;[-0.0000000000,0.0000000000];[-0.0000000000,0.0000000000];[-0.0000000000,0.0000000000];0.0000000000;[-0.0000000000,0.0000000000];0.0000000000;0.0000000000;0.0000000000;0.0000000000
46;708;[-0.0000000000,0.0000000000];[-0.0000000000,0.0000000000];[-0.0000000000,0.0000000000];0.0000000000;[-0.0000000000,0.0000000000];0.0000000000;0.0000000000;0.0000000000;0.0000000000
46;733;[-0.0000000000,0.0000000000];[-0.0000000000,0.0000000000];[-0.0000000000,0.0000000000];0.0000000000;[-0.0000000000,0.0000000000];0.0000000000;0.0000000000;0.0000000000;0.0000000000
46;753;[-0.0000000000,0.0000000000];[-0.0000000000,0.0000000000];[-0.0000000000,0.0000000000];0.0000000000;[-0.0000000000,0.0000000000];0.0000000000;0.0000000000;0.0000000000;0.0000000000
46;726;[-0.0000000000,0.0000000000];[-0.0000000000,0.0000000000];[-0.0000000000,0.0000000000];0.0000000000;[-0.0000000000,0.0000000000];0.0000000000;0.0000000000;0.0000000000;0.0000000000
46;579;[-0.0000000000,0.0000000000];[-0.0000000000,0.0000000000];[-0.0000000000,0.0000000000];0.0000000000;[-0.0000000000,0.0000000000];0.0000000000;0.0000000000;0.0000000000;0.0000000000
46;629;[-0.0000000000,0.0000000000];[-0.0000000000,0.0000000000];[-0.0000000000,0.0000000000];0.0000000000;[-0.0000000000,0.0000000000];0.0000000000;0.0000000000;0.0000000000;0.0000000000
46;716;[-0.0000000000,0.0000000000];[-0.0000000000,0.0000000000];[-0.0000000000,0.0000000000];0.0000000000;[-0.0000000000,0.0000000000];0.0000000000;0.0000000000;0.0000000000;0.0000000000
46;735;[-0.0000000000,0.0000000000];[-0.0000000000,0.0000000000];[-0.0000000000,0.0000000000];0.0000000000;[-0.0000000000,0.0000000000];0.0000000000;0.0000000000;0.0000000000;0.0000000000
46;749;[-0.0000000000,0.0000000000];[-0.0000000000,0.0000000000];[-0.0000000000,0.0000000000];0.0000000000;[-0.0000000000,0.0000000000];0.0000000000;0.0000000000;0.0000000000;0.0000000000
46;675;[-0.0000000000,0.0000000000];[-0.0000000000,0.0000000000];[-0.0000000000,0.0000000000];0.0000000000;[-0.0000000000,0.0000000000];0.0000000000;0.0000000000;0.0000000000;0.0000000000
46;696;[-0.0000000000,0.0000000000];[-0.0000000000,0.0000000000];[-0.0000000000,0.0000000000];0.0000000000;[-0.0000000000,0.0000000000];0.0000000000;0.0000000000;0.0000000000;0.0000000000
46;742;[-0.0000000000,0.0000000000];[-0.0000000000,0.0000000000];[-0.0000000000,0.0000000000];0.0000000000;[-0.0000000000,0.0000000000];0.0000000000;0.0000000000;0.0000000000;0.0000000000
46;736;[-0.0000000000,0.0000000000];[-0.0000000000,0.0000000000];[-0.0000000000,0.0000000000];0.0000000000;[-0.0000000000,0.0000000000];0.0000000000;0.0000000000;0.0000000000;0.0000000000
46;765;[-0.0000000000,0.0000000000];[-0.0000000000,0.0000000000];[-0.0000000000,0.0000000000];0.0000000000;[-0.0000000000,0.0000000000];0.0000000000;0.0000000000;0.0000000000;0.0000000000
46;766;[-0.0000000000,0.0000000000];[-0.0000000000,0.0000000000];[-0.0000000000,0.0000000000];0.0000000000;[-0.0000000000,0.0000000000];0.0000000000;0.0000000000;0.0000000000;0.0000000000
46;767;[-0.0000000000,0.0000000000];[-0.0000000000,0.0000000000];[-0.0000000000,0.0000000000];0.0000000000;[-0.0000000000,0.0000000000];0.0000000000;0.0000000000;0.0000000000;0.0000000000
46;768;[-0.0000000000,-2.6047639791];[-0.0000000000,-1.9875115694];[-0.0000000000,-1.9875115694];4.9047684873;[-0.0000000000,0.0000000000];0.0000000000;0.0000000000;0.0000000000;0.0000000000
46;769;[-0.0000000000,0.0000000000];[-0.0000000000,0.0000000000];[-0.0000000000,0.0000000000];0.0000000000;[-0.0000000000,0.0000000000];0.0000000000;0.1442578967;0.8286985248;0.0000000000
46;770;[-8.8561379313,0.0000000000];[-7.1828565916,0.0000000000];[-7.1828565916,0.0000000000];13.4527851039;[-0.0000000000,0.0000000000];0.0000000000;0.1401362425;0.8171276887;0.0000000000
46;771;[-0.0000000000,0.0000000000];[-0.0000000000,0.0000000000];[-0.0000000000,0.0000000000];0.0000000000;[-0.0000000000,0.0000000000];0.0000000000;0.5099320442;2.3313865458;0.0000000000
46;772;[-0.0000000000,0.0000000000];[-0.0000000000,0.0000000000];[-0.0000000000,0.0000000000];0.0000000000;[-0.0000000000,0.0000000000];0.0000000000;0.4961500971;2.3011517620;0.0000000000
46;773;[-0.0000000000,0.0000000000];[-0.0000000000,0.0000000000];[-0.0000000000,0.0000000000];0.0000000000;[-0.0000000000,0.0000000000];0.0000000000;0.4830935156;2.2720600776;0.0000000000
46;774;[-0.0000000000,0.0000000000];[-0.0000000000,0.0000000000];[-0.0000000000,0.0000000000];0.0000000000;[-0.0000000000,0.0000000000];0.0000000000;0.4707065023;2.2440414613;0.0000000000
46;775;[-0.0000000000,0.0000000000];[-0.0000000000,0.0000000000];[-0.0000000000,0.0000000000];0.0000000000;[-0.0000000000,0.0000000000];0.0000000000;0.4589388398;2.2170317241;0.0000000000
46;776;[-0.0000000000,0.0000000000];[-0.0000000000,0.0000000000];[-0.0000000000,0.0000000000];0.0000000000;[-0.0000000000,0.0000000000];0.0000000000;0.4477452095;2.1909719098;0.0000000000
46;777;[-0.0000000000,0.0000000000];[-0.0000000000,0.0000000000];[-0.0000000000,0.0000000000];0.0000000000;[-0.0000000000,0.0000000000];0.0000000000;0.4370846093;2.1658077610;0.0000000000
46;778;[12.7916692637,-5.8552618585];[5.8673773906,-0.7587675157];[5.8673773906,-0.7587675157];12.6166598567;[-0.0000000000,0.0000000000];0.0000000000;0.4269198510;2.1414892499;0.0000000000
46;779;[26.7289958007,8.0094862947];[26.7289958007,8.0094862947];[26.7289958007,8.0094862947];20.7893238729;[-0.0000000000,0.0000000000];0.0000000000;0.7039593965;2.7896305486;0.0000000000
46;780;[-0.0000000000,0.0000000000];[-0.0000000000,0.0000000000];[-0.0000000000,0.0000000000];0.0000000000;[-0.0000000000,0.0000000000];0.0000000000;1.1503008294;4.0465805430;0.0000000000
46;781;[-0.0000000000,0.0000000000];[-0.0000000000,0.0000000000];[-0.0000000000,0.0000000000];0.0000000000;[-0.0000000000,0.0000000000];0.0000000000;1.1252942896;4.0058681441;0.0000000000
46;782;[-0.0000000000,0.0000000000];[-0.0000000000,0.0000000000];[-0.0000000000,0.0000000000];0.0000000000;[-0.0000000000,0.0000000000];0.0000000000;1.1013518579;3.9663488918;0.0000000000
46;783;[-31.7928166642,0.0000000000];[-4.6687483664,0.0000000000];[-4.6687483664,0.0000000000];11.0926041553;[-0.0000000000,0.0000000000];0.0000000000;1.0784070275;3.9279662666;0.0000000000
46;784;[-0.0000000000,0.0000000000];[-0.0000000000,0.0000000000];[-0.0000000000,0.0000000000];0.0000000000;[-0.0000000000,0.0000000000];0.0000000000;1.2827783975;4.1374981115;0.0000000000
46;759;[-0.0000000000,0.0000000000];[-0.0000000000,0.0000000000];[-0.0000000000,0.0000000000];0.0000000000;[-0.0000000000,0.0000000000];0.0000000000;1.2571228295;4.0998493887;0.0000000000
46;761;[-0.0000000000,0.0000000000];[-0.0000000000,0.0000000000];[-0.0000000000,0.0000000000];0.0000000000;[-0.0000000000,0.0000000000];0.0000000000;1.2571228295;4.0998493887;0.0000000000
46;762;[-0.0000000000,0.0000000000];[-0.0000000000,0.0000000000];[-0.0000000000,0.0000000000];0.0000000000;[-0.0000000000,0.0000000000];0.0000000000;1.2571228295;4.0998493887;0.0000000000
46;737;[-0.0000000000,0.0000000000];[-0.0000000000,0.0000000000];[-0.0000000000,0.0000000000];0.0000000000;[-0.0000000000,0.0000000000];0.0000000000;1.2571228295;4.0998493887;0.0000000000
46;641;[-0.0000000000,0.0000000000];[-0.0000000000,0.0000000000];[-0.0000000000,0.0000000000];0.0000000000;[-0.0000000000,0.0000000000];0.0000000000;1.2571228295;4.0998493887;0.0000000000
46;633;[-0.0000000000,0.0000000000];[-0.0000000000,0.0000000000];[-0.0000000000,0.0000000000];0.0000000000;[-0.0000000000,0.0000000000];0.0000000000;1.2571228295;4.0998493887;0.0000000000
46;736;[-0.0000000000,0.0000000000];[-0.0000000000,0.0000000000];[-0.0000000000,0.0000000000];0.0000000000;[-0.0000000000,0.0000000000];0.0000000000;1.2571228295;4.0998493887;0.0000000000
46;765;[-0.0000000000,0.0000000000];[-0.0000000000,0.0000000000];[-0.0000000000,0.0000000000];0.0000000000;[-0.0000000000,0.0000000000];0.0000000000;1.2571228295;4.0998493887;0.0000000000
46;766;[-0.0000000000,0.0000000000];[-0.0000000000,0.0000000000];[-0.0000000000,0.0000000000];0.0000000000;[-0.0000000000,0.0000000000];0.0000000000;1.2571228295;4.0998493887;0.0000000000
46;767;[-0.0000000000,0.0000000000];[-0.0000000000,0.0000000000];[-0.0000000000,0.0000000000];0.0000000000;[-0.0000000000,0.0000000000];0.0000000000;1.2571228295;4.0998493887;0.0000000000
46;768;[-0.0000000000,-1.9875115694];[-0.0000000000,-1.1518584819];[-0.0000000000,-1.1518584819];3.5231918972;[-0.0000000000,0.0000000000];0.0000000000;1.2294912977;4.0797789784;0.0000000000
46;769;[-0.0000000000,0.0000000000];[-0.0000000000,0.0000000000];[-0.0000000000,0.0000000000];0.0000000000;[-0.0000000000,0.0000000000];0.0000000000;1.2294912977;4.0797789784;0.0000000000
46;770;[-7.1828565916,0.0000000000];[-2.1452952487,0.0000000000];[-2.1452952487,0.0000000000];5.7137604697;[-0.0000000000,0.0000000000];0.0000000000;1.0747108050;3.7462827819;0.0000000000
46;771;[-0.0000000000,0.0000000000];[-0.0000000000,0.0000000000];[-0.0000000000,0.0000000000];0.0000000000;[-0.0000000000,0.0000000000];0.0000000000;1.0747108050;3.7462827819;0.0000000000
46;772;[-0.0000000000,0.0000000000];[-0.0000000000,0.0000000000];[-0.0000000000,0.0000000000];0.0000000000;[-0.0000000000,0.0000000000];0.0000000000;1.0747108050;3.7462827819;0.0000000000
46;773;[-0.0000000000,0.0000000000];[-0.0000000000,0.0000000000];[-0.0000000000,0.0000000000];0.0000000000;[-0.0000000000,0.0000000000];0.0000000000;1.0747108050;3.7462827819;0.0000000000
46;774;[-0.0000000000,0.0000000000];[-0.0000000000,0.0000000000];[-0.0000000000,0.0000000000];0.0000000000;[-0.0000000000,0.0000000000];0.0000000000;1.0747108050;3.7462827819;0.0000000000
46;775;[-0.0000000000,0.0000000000];[-0.0000000000,0.0000000000];[-0.0000000000,0.0000000000];0.0000000000;[-0.0000000000,0.0000000000];0.0000000000;1.0747108050;3.7462827819;0.0000000000
46;776;[-0.0000000000,0.0000000000];[-0.0000000000,0.0000000000];[-0.0000000000,0.0000000000];0.0000000000;[-0.0000000000,0.0000000000];0.0000000000;1.0747108050;3.7462827819;0.0000000000
46;777;[-0.0000000000,0.0000000000];[-0.0000000000,0.0000000000];[-0.0000000000,0.0000000000];0.0000000000;[-0.0000000000,0.0000000000];0.0000000000;1.0747108050;3.7462827819;0.0000000000
46;778;[5.8673773906,-0.7587675157];[4.5213795240,-0.1308944457];[4.5213795240,-0.1308944457];11.3129584306;[-0.0000000000,0.0000000000];0.0000000000;1.0486367765;3.6696126986;0.0000000000
46;779;[26.7289958007,8.0094862947];[16.9655873965,6.2838872435];[16.9655873965,6.2838872435];19.7037625017;[-0.0000000000,0.0000000000];0.0000000000;1.0269255491;3.5541476835;0.0000000000
46;780;[-0.0000000000,0.0000000000];[-0.0000000000,0.0000000000];[-0.0000000000,0.0000000000];0.0000000000;[-0.0000000000,0.0000000000];0.0000000000;1.0269255491;3.5541476835;0.0000000000
46;781;[-0.0000000000,0.0000000000];[-0.0000000000,0.0000000000];[-0.0000000000,0.0000000000];0.0000000000;[-0.0000000000,0.0000000000];0.0000000000;1.0269255491;3.5541476835;0.0000000000
46;782;[-0.0000000000,0.0000000000];[-0.0000000000,0.0000000000];[-0.0000000000,0.0000000000];0.0000000000;[-0.0000000000,0.0000000000];0.0000000000;1.0269255491;3.5541476835;0.0000000000
46;783;[-4.6687483664,0.0000000000];[-0.1916466412,0.0000000000];[-0.1916466412,0.0000000000];1.2806771225;[-0.0000000000,0.0000000000];0.0000000000;0.8306870084;3.2509054542;0.0000000000
46;784;[-0.0000000000,0.0000000000];[-0.0000000000,0.0000000000];[-0.0000000000,0.0000000000];0.0000000000;[-0.0000000000,0.0000000000];0.0000000000;0.8306870084;3.2509054542;0.0000000000
47;656;[-0.0000000000,0.0000000000];[-0.0000000000,0.0000000000];[-0.0000000000,0.0000000000];0.0000000000;[-0.0000000000,0.0000000000];0.0000000000;0.6567920834;3.5369336131;0.0000000000
47;694;[-0.0000000000,0.0000000000];[-0.0000000000,0.0000000000];[-0.0000000000,0.0000000000];0.0000000000;[-0.0000000000,0.0000000000];0.0000000000;0.6567920834;3.5369336131;0.0000000000
47;535;[-0.0000000000,0.0000000000];[-0.0000000000,0.0000000000];[-0.0000000000,0.0000000000];0.0000000000;[-0.0000000000,0.0000000000];0.0000000000;0.6567920834;3.5369336131;0.0000000000
47;743;[-0.0000000000,0.0000000000];[-0.0000000000,0.0000000000];[-0.0000000000,0.0000000000];0.0000000000;[-0.0000000000,0.0000000000];0.0000000000;0.6567920834;3.5369336131;0.0000000000
47;682;[-0.0000000000,0.0000000000];[-0.0000000000,0.0000000000];[-0.0000000000,0.0000000000];0.0000000000;[-0.0000000000,0.0000000000];0.0000000000;0.6567920834;3.5369336131;0.0000000000
47;701;[-0.0000000000,0.0000000000];[-0.0000000000,0.0000000000];[-0.0000000000,0.0000000000];0.0000000000;[-0.0000000000,0.0000000000];0.0000000000;0.6567920834;3.5369336131;0.0000000000
47;730;[-0.0000000000,0.0000000000];[-0.0000000000,0.0000000000];[-0.0000000000,0.0000000000];0.0000000000;[-0.0000000000,0.0000000000];0.0000000000;0.6567920834;3.5369336131;0.0000000000
47;771;[-0.0000000000,0.0000000000];[-0.0000000000,0.0000000000];[-0.0000000000,0.0000000000];0.0000000000;[-0.0000000000,0.0000000000];0.0000000000;0.6567920834;3.5369336131;0.0000000000
47;724;[-0.0000000000,0.0000000000];[-0.0000000000,0.0000000000];[-0.0000000000,0.0000000000];0.0000000000;[-0.0000000000,0.0000000000];0.0000000000;0.6567920834;3.5369336131;0.0000000000
47;507;[-0.0000000000,0.0000000000];[-0.0000000000,0.0000000000];[-0.0000000000,0.0000000000];0.0000000000;[-0.0000000000,0.0000000000];0.0000000000;0.6567920834;3.5369336131;0.0000000000
47;697;[-0.0000000000,0.0000000000];[-0.0000000000,0.0000000000];[-0.0000000000,0.0000000000];0.0000000000;[-0.0000000000,0.0000000000];0.0000000000;0.6567920834;3.5369336131;0.0000000000
47;708;[-0.0000000000,0.0000000000];[-0.0000000000,0.0000000000];[-0.0000000000,0.0000000000];0.0000000000;[-0.0000000000,0.0000000000];0.0000000000;0.6567920834;3.5369336131;0.0000000000
47;733;[-0.0000000000,0.0000000000];[-0.0000000000,0.0000000000];[-0.0000000000,0.0000000000];0.0000000000;[-0.0000000000,0.0000000000];0.0000000000;0.6567920834;3.5369336131;0.0000000000
47;779;[16.9655873965,6.2838872435];[-5.4479250012,-2.0178580098];[-5.4479250012,-2.0178580098];12.9001066111;[-0.0000000000,0.0000000000];0.0000000000;0.4300035537;2.3156400043;0.0000000000
47;726;[-0.0000000000,0.0000000000];[-0.0000000000,0.0000000000];[-0.0000000000,0.0000000000];0.0000000000;[-0.0000000000,0.0000000000];0.0000000000;0.4300035537;2.3156400043;0.0000000000
47;579;[-0.0000000000,0.0000000000];[-0.0000000000,0.0000000000];[-0.0000000000,0.0000000000];0.0000000000;[-0.0000000000,0.0000000000];0.0000000000;0.4300035537;2.3156400043;0.0000000000
47;629;[-0.0000000000,0.0000000000];[-0.0000000000,0.0000000000];[-0.0000000000,0.0000000000];0.0000000000;[-0.0000000000,0.0000000000];0.0000000000;0.4300035537;2.3156400043;0.0000000000
47;716;[-0.0000000000,0.0000000000];[-0.0000000000,0.0000000000];[-0.0000000000,0.0000000000];0.0000000000;[-0.0000000000,0.0000000000];0.0000000000;0.4300035537;2.3156400043;0.0000000000
47;735;[-0.0000000000,0.0000000000];[-0.0000000000,0.0000000000];[-0.0000000000,0.0000000000];0.0000000000;[-0.0000000000,0.0000000000];0.0000000000;0.4300035537;2.3156400043;0.0000000000
47;781;[-0.0000000000,0.0000000000];[-0.0000000000,0.0000000000];[-0.0000000000,0.0000000000];0.0000000000;[-0.0000000000,0.0000000000];0.0000000000;0.4300035537;2.3156400043;0.0000000000
47;749;[-0.0000000000,0.0000000000];[-0.0000000000,0.0000000000];[-0.0000000000,0.0000000000];0.0000000000;[-0.0000000000,0.0000000000];0.0000000000;0.4300035537;2.3156400043;0.0000000000
47;675;[-0.0000000000,0.0000000000];[-0.0000000000,0.0000000000];[-0.0000000000,0.0000000000];0.0000000000;[-0.0000000000,0.0000000000];0.0000000000;0.4300035537;2.3156400043;0.0000000000
47;696;[-0.0000000000,0.0000000000];[-0.0000000000,0.0000000000];[-0.0000000000,0.0000000000];0.0000000000;[-0.0000000000,0.0000000000];0.0000000000;0.4300035537;2.3156400043;0.0000000000
47;742;[-0.0000000000,0.0000000000];[-0.0000000000,0.0000000000];[-0.0000000000,0.0000000000];0.0000000000;[-0.0000000000,0.0000000000];0.0000000000;0.4300035537;2.3156400043;0.0000000000
47;760;[-0.0000000000,0.0000000000];[-0.0000000000,0.0000000000];[-0.0000000000,0.0000000000];0.0000000000;[-0.0000000000,0.0000000000];0.0000000000;0.4300035537;2.3156400043;0.0000000000
47;785;[-0.0000000000,0.0000000000];[-0.0000000000,0.0000000000];[-0.0000000000,0.0000000000];0.0000000000;[-0.0000000000,0.0000000000];0.0000000000;0.4300035537;2.3156400043;0.0000000000
47;786;[-0.0000000000,0.0000000000];[-0.0000000000,0.0000000000];[-0.0000000000,0.0000000000];0.0000000000;[-0.0000000000,0.0000000000];0.0000000000;0.4161324713;2.2792514146;0.0000000000
47;787;[-0.0000000000,0.0000000000];[-0.0000000000,0.0000000000];[-0.0000000000,0.0000000000];0.0000000000;[-0.0000000000,0.0000000000];0.0000000000;0.4031283316;2.2445235583;0.0000000000
47;788;[-0.0000000000,0.0000000000];[-0.0000000000,0.0000000000];[-0.0000000000,0.0000000000];0.0000000000;[-0.0000000000,0.0000000000];0.0000000000;0.3909123215;2.2113340273;0.0000000000
47;789;[-0.0000000000,0.0000000000];[-0.0000000000,0.0000000000];[-0.0000000000,0.0000000000];0.0000000000;[-0.0000000000,0.0000000000];0.0000000000;0.3794149003;2.1795726640;0.0000000000
47;790;[-0.0000000000,0.0000000000];[-0.0000000000,0.0000000000];[-0.0000000000,0.0000000000];0.0000000000;[-0.0000000000,0.0000000000];0.0000000000;0.3685744746;2.1491400311;0.0000000000
47;791;[-0.0000000000,0.0000000000];[-0.0000000000,0.0000000000];[-0.0000000000,0.0000000000];0.0000000000;[-0.0000000000,0.0000000000];0.0000000000;0.3583362948;2.1199461089;0.0000000000
47;792;[-0.0000000000,0.0000000000];[-0.0000000000,0.0000000000];[-0.0000000000,0.0000000000];0.0000000000;[-0.0000000000,0.0000000000];0.0000000000;0.3486515300;2.0919091802;0.0000000000
47;793;[-0.0000000000,0.0000000000];[-0.0000000000,0.0000000000];[-0.0000000000,0.0000000000];0.0000000000;[-0.0000000000,0.0000000000];0.0000000000;0.3394764898;2.0649548719;0.0000000000
47;794;[-0.0000000000,0.0000000000];[-0.0000000000,0.0000000000];[-0.0000000000,0.0000000000];0.0000000000;[-0.0000000000,0.0000000000];0.0000000000;0.3307719644;2.0390153291;0.0000000000
47;795;[-21.5630929845,0.0000000000];[-0.7500174790,0.0000000000];[-0.7500174790,0.0000000000];3.0822090325;[-0.0000000000,0.0000000000];0.0000000000;0.3225026653;2.0140284991;0.0000000000
47;796;[-0.0000000000,0.0000000000];[-0.0000000000,0.0000000000];[-0.0000000000,0.0000000000];0.0000000000;[-0.0000000000,0.0000000000];0.0000000000;0.3898125767;2.0343552670;0.0000000000
47;797;[-0.0000000000,0.0000000000];[-0.0000000000,0.0000000000];[-0.0000000000,0.0000000000];0.0000000000;[-0.0000000000,0.0000000000];0.0000000000;0.3805313248;2.0108692230;0.0000000000
47;798;[-0.0000000000,0.0000000000];[-0.0000000000,0.0000000000];[-0.0000000000,0.0000000000];0.0000000000;[-0.0000000000,0.0000000000];0.0000000000;0.3716817592;1.9881768434;0.0000000000
47;799;[-0.0000000000,0.0000000000];[-0.0000000000,0.0000000000];[-0.0000000000,0.0000000000];0.0000000000;[-0.0000000000,0.0000000000];0.0000000000;0.3632344464;1.9662344926;0.0000000000
47;800;[-0.0000000000,0.0000000000];[-0.0000000000,0.0000000000];[-0.0000000000,0.0000000000];0.0000000000;[-0.0000000000,0.0000000000];0.0000000000;0.3551625699;1.9450018155;0.0000000000
47;801;[-0.0000000000,0.0000000000];[-0.0000000000,0.0000000000];[-0.0000000000,0.0000000000];0.0000000000;[-0.0000000000,0.0000000000];0.0000000000;0.3474416444;1.9244414270;0.0000000000
47;802;[-0.0000000000,0.0000000000];[-0.0000000000,0.0000000000];[-0.0000000000,0.0000000000];0.0000000000;[-0.0000000000,0.0000000000];0.0000000000;0.3400492690;1.9045186377;0.0000000000
47;803;[-0.0000000000,0.0000000000];[-0.0000000000,0.0000000000];[-0.0000000000,0.0000000000];0.0000000000;[-0.0000000000,0.0000000000];0.0000000000;0.3329649092;1.8852012095;0.0000000000
47;804;[-0.0000000000,32.3779185872];[-0.0000000000,11.2703839471];[-0.0000000000,11.2703839471];17.1088145695;[-0.0000000000,0.0000000000];0.0000000000;0.3261697070;1.8664591375;0.0000000000
47;777;[-0.0000000000,0.0000000000];[-0.0000000000,0.0000000000];[-0.0000000000,0.0000000000];0.0000000000;[-0.0000000000,0.0000000000];0.0000000000;0.6618226043;2.9890595213;0.0000000000
47;780;[-0.0000000000,0.0000000000];[-0.0000000000,0.0000000000];[-0.0000000000,0.0000000000];0.0000000000;[-0.0000000000,0.0000000000];0.0000000000;0.6618226043;2.9890595213;0.0000000000
47;782;[-0.0000000000,0.0000000000];[-0.0000000000,0.0000000000];[-0.0000000000,0.0000000000];0.0000000000;[-0.0000000000,0.0000000000];0.0000000000;0.6618226043;2.9890595213;0.0000000000
47;784;[-0.0000000000,0.0000000000];[-0.0000000000,0.0000000000];[-0.0000000000,0.0000000000];0.0000000000;[-0.0000000000,0.0000000000];0.0000000000;0.6618226043;2.9890595213;0.0000000000
47;753;[-0.0000000000,0.0000000000];[-0.0000000000,0.0000000000];[-0.0000000000,0.0000000000];0.0000000000;[-0.0000000000,0.0000000000];0.0000000000;0.6618226043;2.9890595213;0.0000000000
47;785;[-0.0000000000,0.0000000000];[-0.0000000000,0.0000000000];[-0.0000000000,0.0000000000];0.0000000000;[-0.0000000000,0.0000000000];0.0000000000;0.6618226043;2.9890595213;0.0000000000
47;786;[-0.0000000000,0.0000000000];[-0.0000000000,0.0000000000];[-0.0000000000,0.0000000000];0.0000000000;[-0.0000000000,0.0000000000];0.0000000000;0.6618226043;2.9890595213;0.0000000000
47;787;[-0.0000000000,0.0000000000];[-0.0000000000,0.0000000000];[-0.0000000000,0.0000000000];0.0000000000;[-0.0000000000,0.0000000000];0.0000000000;0.6618226043;2.9890595213;0.0000000000
47;788;[-0.0000000000,0.0000000000];[-0.0000000000,0.0000000000];[-0.0000000000,0.0000000000];0.0000000000;[-0.0000000000,0.0000000000];0.0000000000;0.6618226043;2.9890595213;0.0000000000
47;789;[-0.0000000000,0.0000000000];[-0.0000000000,0.0000000000];[-0.0000000000,0.0000000000];0.0000000000;[-0.0000000000,0.0000000000];0.0000000000;0.6618226043;2.9890595213;0.0000000000
47;790;[-0.0000000000,0.0000000000];[-0.0000000000,0.0000000000];[-0.0000000000,0.0000000000];0.0000000000;[-0.0000000000,0.0000000000];0.0000000000;0.6618226043;2.9890595213;0.0000000000
47;791;[-0.0000000000,0.0000000000];[-0.0000000000,0.0000000000];[-0.0000000000,0.0000000000];0.0000000000;[-0.0000000000,0.0000000000];0.0000000000;0.6618226043;2.9890595213;0.0000000000
47;792;[-0.0000000000,0.0000000000];[-0.0000000000,0.0000000000];[-0.0000000000,0.0000000000];0.0000000000;[-0.0000000000,0.0000000000];0.0000000000;0.6618226043;2.9890595213;0.0000000000
47;793;[-0.0000000000,0.0000000000];[-0.0000000000,0.0000000000];[-0.0000000000,0.0000000000];0.0000000000;[-0.0000000000,0.0000000000];0.0000000000;0.6618226043;2.9890595213;0.0000000000
47;794;[-0.0000000000,0.0000000000];[-0.0000000000,0.0000000000];[-0.0000000000,0.0000000000];0.0000000000;[-0.0000000000,0.0000000000];0.0000000000;0.6618226043;2.9890595213;0.0000000000
47;795;[-0.7500174790,0.0000000000];[-0.0784194829,0.0000000000];[-0.0784194829,0.0000000000];0.3775376287;[-0.0000000000,0.0000000000];0.0000000000;0.6077291762;2.9691752513;0.0000000000
47;796;[-0.0000000000,0.0000000000];[-0.0000000000,0.0000000000];[-0.0000000000,0.0000000000];0.0000000000;[-0.0000000000,0.0000000000];0.0000000000;0.6077291762;2.9691752513;0.0000000000
47;797;[-0.0000000000,0.0000000000];[-0.0000000000,0.0000000000];[-0.0000000000,0.0000000000];0.0000000000;[-0.0000000000,0.0000000000];0.0000000000;0.6077291762;2.9691752513;0.0000000000
47;798;[-0.0000000000,0.0000000000];[-0.0000000000,0.0000000000];[-0.0000000000,0.0000000000];0.0000000000;[-0.0000000000,0.0000000000];0.0000000000;0.6077291762;2.9691752513;0.0000000000
47;799;[-0.0000000000,0.0000000000];[-0.0000000000,0.0000000000];[-0.0000000000,0.0000000000];0.0000000000;[-0.0000000000,0.0000000000];0.0000000000;0.6077291762;2.9691752513;0.0000000000
47;800;[-0.0000000000,0.0000000000];[-0.0000000000,0.0000000000];[-0.0000000000,0.0000000000];0.0000000000;[-0.0000000000,0.0000000000];0.0000000000;0.6077291762;2.9691752513;0.0000000000
47;801;[-0.0000000000,0.0000000000];[-0.0000000000,0.0000000000];[-0.0000000000,0.0000000000];0.0000000000;[-0.0000000000,0.0000000000];0.0000000000;0.6077291762;2.9691752513;0.0000000000
47;802;[-0.0000000000,0.0000000000];[-0.0000000000,0.0000000000];[-0.0000000000,0.0000000000];0.0000000000;[-0.0000000000,0.0000000000];0.0000000000;0.6077291762;2.9691752513;0.0000000000
47;803;[-0.0000000000,0.0000000000];[-0.0000000000,0.0000000000];[-0.0000000000,0.0000000000];0.0000000000;[-0.0000000000,0.0000000000];0.0000000000;0.6077291762;2.9691752513;0.0000000000
47;804;[-0.0000000000,11.2703839471];[-0.0000000000,1.3432391724];[-0.0000000000,1.3432391724];4.9279733226;[-0.0000000000,0.0000000000];0.0000000000;0.3641123512;1.9194338545;0.0000000000
48;656;[-0.0000000000,0.0000000000];[-0.0000000000,0.0000000000];[-0.0000000000,0.0000000000];0.0000000000;[-0.0000000000,0.0000000000];0.0000000000;0.1642657774;0.8845982836;0.0000000000
48;694;[-0.0000000000,0.0000000000];[-0.0000000000,0.0000000000];[-0.0000000000,0.0000000000];0.0000000000;[-0.0000000000,0.0000000000];0.0000000000;0.1642657774;0.8845982836;0.0000000000
48;535;[-0.0000000000,0.0000000000];[-0.0000000000,0.0000000000];[-0.0000000000,0.0000000000];0.0000000000;[-0.0000000000,0.0000000000];0.0000000000;0.1642657774;0.8845982836;0.0000000000
48;799;[-0.0000000000,0.0000000000];[-0.0000000000,0.0000000000];[-0.0000000000,0.0000000000];0.0000000000;[-0.0000000000,0.0000000000];0.0000000000;0.1642657774;0.8845982836;0.0000000000
48;743;[-0.0000000000,0.0000000000];[-0.0000000000,0.0000000000];[-0.0000000000,0.0000000000];0.0000000000;[-0.0000000000,0.0000000000];0.0000000000;0.1642657774;0.8845982836;0.0000000000
48;682;[-0.0000000000,0.0000000000];[-0.0000000000,0.0000000000];[-0.0000000000,0.0000000000];0.0000000000;[-0.0000000000,0.0000000000];0.0000000000;0.1642657774;0.8845982836;0.0000000000
48;701;[-0.0000000000,0.0000000000];[-0.0000000000,0.0000000000];[-0.0000000000,0.0000000000];0.0000000000;[-0.0000000000,0.0000000000];0.0000000000;0.1642657774;0.8845982836;0.0000000000
48;730;[-0.0000000000,0.0000000000];[-0.0000000000,0.0000000000];[-0.0000000000,0.0000000000];0.0000000000;[-0.0000000000,0.0000000000];0.0000000000;0.1642657774;0.8845982836;0.0000000000
48;771;[-0.0000000000,0.0000000000];[-0.0000000000,0.0000000000];[-0.0000000000,0.0000000000];0.0000000000;[-0.0000000000,0.0000000000];0.0000000000;0.1642657774;0.8845982836;0.0000000000
48;724;[-0.0000000000,0.0000000000];[-0.0000000000,0.0000000000];[-0.0000000000,0.0000000000];0.0000000000;[-0.0000000000,0.0000000000];0.0000000000;0.1642657774;0.8845982836;0.0000000000
48;507;[-0.0000000000,0.0000000000];[-0.0000000000,0.0000000000];[-0.0000000000,0.0000000000];0.0000000000;[-0.0000000000,0.0000000000];0.0000000000;0.1642657774;0.8845982836;0.0000000000
48;697;[-0.0000000000,0.0000000000];[-0.0000000000,0.0000000000];[-0.0000000000,0.0000000000];0.0000000000;[-0.0000000000,0.0000000000];0.0000000000;0.1642657774;0.8845982836;0.0000000000
48;708;[-0.0000000000,0.0000000000];[-0.0000000000,0.0000000000];[-0.0000000000,0.0000000000];0.0000000000;[-0.0000000000,0.0000000000];0.0000000000;0.1642657774;0.8845982836;0.0000000000
48;733;[-0.0000000000,0.0000000000];[-0.0000000000,0.0000000000];[-0.0000000000,0.0000000000];0.0000000000;[-0.0000000000,0.0000000000];0.0000000000;0.1642657774;0.8845982836;0.0000000000
48;777;[-0.0000000000,0.0000000000];[-0.0000000000,0.0000000000];[-0.0000000000,0.0000000000];0.0000000000;[-0.0000000000,0.0000000000];0.0000000000;0.1642657774;0.8845982836;0.0000000000
48;726;[-0.0000000000,0.0000000000];[-0.0000000000,0.0000000000];[-0.0000000000,0.0000000000];0.0000000000;[-0.0000000000,0.0000000000];0.0000000000;0.1642657774;0.8845982836;0.0000000000
48;579;[-0.0000000000,0.0000000000];[-0.0000000000,0.0000000000];[-0.0000000000,0.0000000000];0.0000000000;[-0.0000000000,0.0000000000];0.0000000000;0.1642657774;0.8845982836;0.0000000000
48;716;[-0.0000000000,0.0000000000];[-0.0000000000,0.0000000000];[-0.0000000000,0.0000000000];0.0000000000;[-0.0000000000,0.0000000000];0.0000000000;0.1642657774;0.8845982836;0.0000000000
48;735;[-0.0000000000,0.0000000000];[-0.0000000000,0.0000000000];[-0.0000000000,0.0000000000];0.0000000000;[-0.0000000000,0.0000000000];0.0000000000;0.1642657774;0.8845982836;0.0000000000
48;781;[-0.0000000000,0.0000000000];[-0.0000000000,0.0000000000];[-0.0000000000,0.0000000000];0.0000000000;[-0.0000000000,0.0000000000];0.0000000000;0.1642657774;0.8845982836;0.0000000000
48;749;[-0.0000000000,0.0000000000];[-0.0000000000,0.0000000000];[-0.0000000000,0.0000000000];0.0000000000;[-0.0000000000,0.0000000000];0.0000000000;0.1642657774;0.8845982836;0.0000000000
48;675;[-0.0000000000,0.0000000000];[-0.0000000000,0.0000000000];[-0.0000000000,0.0000000000];0.0000000000;[-0.0000000000,0.0000000000];0.0000000000;0.1642657774;0.8845982836;0.0000000000
48;696;[-0.0000000000,0.0000000000];[-0.0000000000,0.0000000000];[-0.0000000000,0.0000000000];0.0000000000;[-0.0000000000,0.0000000000];0.0000000000;0.1642657774;0.8845982836;0.0000000000
48;742;[-0.0000000000,0.0000000000];[-0.0000000000,0.0000000000];[-0.0000000000,0.0000000000];0.0000000000;[-0.0000000000,0.0000000000];0.0000000000;0.1642657774;0.8845982836;0.0000000000
48;753;[-0.0000000000,0.0000000000];[-0.0000000000,0.0000000000];[-0.0000000000,0.0000000000];0.0000000000;[-0.0000000000,0.0000000000];0.0000000000;0.1642657774;0.8845982836;0.0000000000
48;804;[-0.0000000000,1.3432391724];[-0.0000000000,-0.3918488715];[-0.0000000000,-0.3918488715];2.6789783594;[-0.0000000000,0.0000000000];0.0000000000;0.0892992786;0.4808913327;0.0000000000
48;760;[-0.0000000000,0.0000000000];[-0.0000000000,0.0000000000];[-0.0000000000,0.0000000000];0.0000000000;[-0.0000000000,0.0000000000];0.0000000000;0.0892992786;0.4808913327;0.0000000000
48;805;[-0.0000000000,0.0000000000];[-0.0000000000,0.0000000000];[-0.0000000000,0.0000000000];0.0000000000;[-0.0000000000,0.0000000000];0.0000000000;0.0892992786;0.4808913327;0.0000000000
48;806;[-0.0000000000,0.0000000000];[-0.0000000000,0.0000000000];[-0.0000000000,0.0000000000];0.0000000000;[-0.0000000000,0.0000000000];0.0000000000;0.0864186568;0.4733344769;0.0000000000
48;807;[29.6589473047,0.0000000000];[12.0703427680,0.0000000000];[12.0703427680,0.0000000000];16.4993461045;[-0.0000000000,0.0000000000];0.0000000000;0.0837180737;0.4661225074;0.0000000000
48;808;[-0.0000000000,0.0000000000];[-0.0000000000,0.0000000000];[-0.0000000000,0.0000000000];0.0000000000;[-0.0000000000,0.0000000000];0.0000000000;0.5811613474;2.8511541844;0.0000000000
48;809;[-0.0000000000,0.0000000000];[-0.0000000000,0.0000000000];[-0.0000000000,0.0000000000];0.0000000000;[-0.0000000000,0.0000000000];0.0000000000;0.5640683666;2.8106282570;0.0000000000
48;810;[-0.0000000000,0.0000000000];[-0.0000000000,0.0000000000];[-0.0000000000,0.0000000000];0.0000000000;[-0.0000000000,0.0000000000];0.0000000000;0.5479521275;2.7717789194;0.0000000000
48;811;[-0.0000000000,0.0000000000];[-0.0000000000,0.0000000000];[-0.0000000000,0.0000000000];0.0000000000;[-0.0000000000,0.0000000000];0.0000000000;0.5327312351;2.7344939327;0.0000000000
48;812;[-0.0000000000,0.0000000000];[-0.0000000000,0.0000000000];[-0.0000000000,0.0000000000];0.0000000000;[-0.0000000000,0.0000000000];0.0000000000;0.5183330936;2.6986712780;0.0000000000
48;813;[-0.0000000000,0.0000000000];[-0.0000000000,0.0000000000];[-0.0000000000,0.0000000000];0.0000000000;[-0.0000000000,0.0000000000];0.0000000000;0.5046927490;2.6642179934;0.0000000000
48;814;[-0.0000000000,0.0000000000];[-0.0000000000,0.0000000000];[-0.0000000000,0.0000000000];0.0000000000;[-0.0000000000,0.0000000000];0.0000000000;0.4917519093;2.6310491680;0.0000000000
48;815;[-6.8417716254,0.0000000000];[-2.4726522439,0.0000000000];[-2.4726522439,0.0000000000];7.6127010488;[-0.0000000000,0.0000000000];0.0000000000;0.4794581116;2.5990870690;0.0000000000
48;816;[-0.0000000000,0.0000000000];[-0.0000000000,0.0000000000];[-0.0000000000,0.0000000000];0.0000000000;[-0.0000000000,0.0000000000];0.0000000000;0.6534396466;2.7930761342;0.0000000000
48;817;[-0.0000000000,3.9297827380];[-0.0000000000,3.9297827380];[-0.0000000000,3.9297827380];8.6543005408;[-0.0000000000,0.0000000000];0.0000000000;0.6378815598;2.7614224381;0.0000000000
48;818;[-0.0000000000,7.8831874796];[-0.0000000000,6.3459516363];[-0.0000000000,6.3459516363];13.3244407931;[-0.0000000000,0.0000000000];0.0000000000;0.8243099082;2.9846021455;0.0000000000
48;819;[-0.0000000000,0.0000000000];[-0.0000000000,0.0000000000];[-0.0000000000,0.0000000000];0.0000000000;[-0.0000000000,0.0000000000];0.0000000000;1.1084037920;3.4893982614;0.0000000000
48;820;[-0.0000000000,0.0000000000];[-0.0000000000,0.0000000000];[-0.0000000000,0.0000000000];0.0000000000;[-0.0000000000,0.0000000000];0.0000000000;1.0837725966;3.4542755074;0.0000000000
48;821;[-0.0000000000,0.0000000000];[-0.0000000000,0.0000000000];[-0.0000000000,0.0000000000];0.0000000000;[-0.0000000000,0.0000000000];0.0000000000;1.0602123227;3.4201763770;0.0000000000
48;822;[-0.0000000000,0.0000000000];[-0.0000000000,0.0000000000];[-0.0000000000,0.0000000000];0.0000000000;[-0.0000000000,0.0000000000];0.0000000000;1.0376546138;3.3870530431;0.0000000000
48;823;[-0.0000000000,0.0000000000];[-0.0000000000,0.0000000000];[-0.0000000000,0.0000000000];0.0000000000;[-0.0000000000,0.0000000000];0.0000000000;1.0160368093;3.3548606720;0.0000000000
48;824;[-0.0000000000,0.0000000000];[-0.0000000000,0.0000000000];[-0.0000000000,0.0000000000];0.0000000000;[-0.0000000000,0.0000000000];0.0000000000;0.9953013642;3.3235571950;0.0000000000
48;802;[-0.0000000000,0.0000000000];[-0.0000000000,0.0000000000];[-0.0000000000,0.0000000000];0.0000000000;[-0.0000000000,0.0000000000];0.0000000000;0.9753953369;3.2931030999;0.0000000000
48;803;[-0.0000000000,0.0000000000];[-0.0000000000,0.0000000000];[-0.0000000000,0.0000000000];0.0000000000;[-0.0000000000,0.0000000000];0.0000000000;0.9753953369;3.2931030999;0.0000000000
48;629;[-0.0000000000,0.0000000000];[-0.0000000000,0.0000000000];[-0.0000000000,0.0000000000];0.0000000000;[-0.0000000000,0.0000000000];0.0000000000;0.9753953369;3.2931030999;0.0000000000
48;805;[-0.0000000000,0.0000000000];[-0.0000000000,0.0000000000];[-0.0000000000,0.0000000000];0.0000000000;[-0.0000000000,0.0000000000];0.0000000000;0.9753953369;3.2931030999;0.0000000000
48;806;[-0.0000000000,0.0000000000];[-0.0000000000,0.0000000000];[-0.0000000000,0.0000000000];0.0000000000;[-0.0000000000,0.0000000000];0.0000000000;0.9753953369;3.2931030999;0.0000000000
48;807;[12.0703427680,0.0000000000];[6.9916608864,0.0000000000];[6.9916608864,0.0000000000];12.5611855959;[-0.0000000000,0.0000000000];0.0000000000;0.8966321268;2.9500973124;0.0000000000
48;808;[-0.0000000000,0.0000000000];[-0.0000000000,0.0000000000];[-0.0000000000,0.0000000000];0.0000000000;[-0.0000000000,0.0000000000];0.0000000000;0.8966321268;2.9500973124;0.0000000000
48;809;[-0.0000000000,0.0000000000];[-0.0000000000,0.0000000000];[-0.0000000000,0.0000000000];0.0000000000;[-0.0000000000,0.0000000000];0.0000000000;0.8966321268;2.9500973124;0.0000000000
48;810;[-0.0000000000,0.0000000000];[-0.0000000000,0.0000000000];[-0.0000000000,0.0000000000];0.0000000000;[-0.0000000000,0.0000000000];0.0000000000;0.8966321268;2.9500973124;0.0000000000
48;811;[-0.0000000000,0.0000000000];[-0.0000000000,0.0000000000];[-0.0000000000,0.0000000000];0.0000000000;[-0.0000000000,0.0000000000];0.0000000000;0.8966321268;2.9500973124;0.0000000000
48;812;[-0.0000000000,0.0000000000];[-0.0000000000,0.0000000000];[-0.0000000000,0.0000000000];0.0000000000;[-0.0000000000,0.0000000000];0.0000000000;0.8966321268;2.9500973124;0.0000000000
48;813;[-0.0000000000,0.0000000000];[-0.0000000000,0.0000000000];[-0.0000000000,0.0000000000];0.0000000000;[-0.0000000000,0.0000000000];0.0000000000;0.8966321268;2.9500973124;0.0000000000
48;814;[-0.0000000000,0.0000000000];[-0.0000000000,0.0000000000];[-0.0000000000,0.0000000000];0.0000000000;[-0.0000000000,0.0000000000];0.0000000000;0.8966321268;2.9500973124;0.0000000000
48;815;[-2.4726522439,0.0000000000];[-2.3471620170,0.0000000000];[-2.3471620170,0.0000000000];7.1298191238;[-0.0000000000,0.0000000000];0.0000000000;0.8869744883;2.9288089133;0.0000000000
48;816;[-0.0000000000,0.0000000000];[-0.0000000000,0.0000000000];[-0.0000000000,0.0000000000];0.0000000000;[-0.0000000000,0.0000000000];0.0000000000;0.8869744883;2.9288089133;0.0000000000
48;817;[-0.0000000000,3.9297827380];[-0.0000000000,0.9278256090];[-0.0000000000,0.9278256090];2.5933654915;[-0.0000000000,0.0000000000];0.0000000000;0.7657557873;2.7230196477;0.0000000000
48;818;[-0.0000000000,6.3459516363];[-0.1800759533,2.9685710698];[-0.1800759533,2.9685710698];7.5653951428;[-0.0000000000,0.0000000000];0.0000000000;0.6505748743;2.2741723517;0.0000000000
48;819;[-0.0000000000,0.0000000000];[-0.0000000000,0.0000000000];[-0.0000000000,0.0000000000];0.0000000000;[-0.0000000000,0.0000000000];0.0000000000;0.6505748743;2.2741723517;0.0000000000
48;820;[-0.0000000000,0.0000000000];[-0.0000000000,0.0000000000];[-0.0000000000,0.0000000000];0.0000000000;[-0.0000000000,0.0000000000];0.0000000000;0.6505748743;2.2741723517;0.0000000000
48;821;[-0.0000000000,0.0000000000];[-0.0000000000,0.0000000000];[-0.0000000000,0.0000000000];0.0000000000;[-0.0000000000,0.0000000000];0.0000000000;0.6505748743;2.2741723517;0.0000000000
48;822;[-0.0000000000,0.0000000000];[-0.0000000000,0.0000000000];[-0.0000000000,0.0000000000];0.0000000000;[-0.0000000000,0.0000000000];0.0000000000;0.6505748743;2.2741723517;0.0000000000
48;823;[-0.0000000000,0.0000000000];[-0.0000000000,0.0000000000];[-0.0000000000,0.0000000000];0.0000000000;[-0.0000000000,0.0000000000];0.0000000000;0.6505748743;2.2741723517;0.0000000000
48;824;[-0.0000000000,0.0000000000];[-0.0000000000,0.0000000000];[-0.0000000000,0.0000000000];0.0000000000;[-0.0000000000,0.0000000000];0.0000000000;0.6505748743;2.2741723517;0.0000000000
49;656;[-0.0000000000,0.0000000000];[-0.0000000000,0.0000000000];[-0.0000000000,0.0000000000];0.0000000000;[-0.0000000000,0.0000000000];0.0000000000;0.0892992786;0.4808913327;0.0000000000
49;694;[-0.0000000000,0.0000000000];[-0.0000000000,0.0000000000];[-0.0000000000,0.0000000000];0.0000000000;[-0.0000000000,0.0000000000];0.0000000000;0.0892992786;0.4808913327;0.0000000000
49;535;[-0.0000000000,0.0000000000];[-0.0000000000,0.0000000000];[-0.0000000000,0.0000000000];0.0000000000;[-0.0000000000,0.0000000000];0.0000000000;0.0892992786;0.4808913327;0.0000000000
49;799;[-0.0000000000,0.0000000000];[-0.0000000000,0.0000000000];[-0.0000000000,0.0000000000];0.0000000000;[-0.0000000000,0.0000000000];0.0000000000;0.0892992786;0.4808913327;0.0000000000
49;804;[-0.0000000000,-0.3918488715];[-0.0000000000,-0.1110114681];[-0.0000000000,-0.1110114681];0.6111343641;[-0.0000000000,0.0000000000];0.0000000000;0.0203711455;0.1097019757;0.0000000000
49;743;[-0.0000000000,0.0000000000];[-0.0000000000,0.0000000000];[-0.0000000000,0.0000000000];0.0000000000;[-0.0000000000,0.0000000000];0.0000000000;0.0203711455;0.1097019757;0.0000000000
49;682;[-0.0000000000,0.0000000000];[-0.0000000000,0.0000000000];[-0.0000000000,0.0000000000];0.0000000000;[-0.0000000000,0.0000000000];0.0000000000;0.0203711455;0.1097019757;0.0000000000
49;701;[-0.0000000000,0.0000000000];[-0.0000000000,0.0000000000];[-0.0000000000,0.0000000000];0.0000000000;[-0.0000000000,0.0000000000];0.0000000000;0.0203711455;0.1097019757;0.0000000000
49;730;[-0.0000000000,0.0000000000];[-0.0000000000,0.0000000000];[-0.0000000000,0.0000000000];0.0000000000;[-0.0000000000,0.0000000000];0.0000000000;0.0203711455;0.1097019757;0.0000000000
49;771;[-0.0000000000,0.0000000000];[-0.0000000000,0.0000000000];[-0.0000000000,0.0000000000];0.0000000000;[-0.0000000000,0.0000000000];0.0000000000;0.0203711455;0.1097019757;0.0000000000
49;724;[-0.0000000000,0.0000000000];[-0.0000000000,0.0000000000];[-0.0000000000,0.0000000000];0.0000000000;[-0.0000000000,0.0000000000];0.0000000000;0.0203711455;0.1097019757;0.0000000000
49;507;[-0.0000000000,0.0000000000];[-0.0000000000,0.0000000000];[-0.0000000000,0.0000000000];0.0000000000;[-0.0000000000,0.0000000000];0.0000000000;0.0203711455;0.1097019757;0.0000000000
49;697;[-0.0000000000,0.0000000000];[-0.0000000000,0.0000000000];[-0.0000000000,0.0000000000];0.0000000000;[-0.0000000000,0.0000000000];0.0000000000;0.0203711455;0.1097019757;0.0000000000
49;708;[-0.0000000000,0.0000000000];[-0.0000000000,0.0000000000];[-0.0000000000,0.0000000000];0.0000000000;[-0.0000000000,0.0000000000];0.0000000000;0.0203711455;0.1097019757;0.0000000000
49;733;[-0.0000000000,0.0000000000];[-0.0000000000,0.0000000000];[-0.0000000000,0.0000000000];0.0000000000;[-0.0000000000,0.0000000000];0.0000000000;0.0203711455;0.1097019757;0.0000000000
49;777;[-0.0000000000,0.0000000000];[-0.0000000000,0.0000000000];[-0.0000000000,0.0000000000];0.0000000000;[-0.0000000000,0.0000000000];0.0000000000;0.0203711455;0.1097019757;0.0000000000
49;726;[-0.0000000000,0.0000000000];[-0.0000000000,0.0000000000];[-0.0000000000,0.0000000000];0.0000000000;[-0.0000000000,0.0000000000];0.0000000000;0.0203711455;0.1097019757;0.0000000000
49;579;[-0.0000000000,0.0000000000];[-0.0000000000,0.0000000000];[-0.0000000000,0.0000000000];0.0000000000;[-0.0000000000,0.0000000000];0.0000000000;0.0203711455;0.1097019757;0.0000000000
49;716;[-0.0000000000,0.0000000000];[-0.0000000000,0.0000000000];[-0.0000000000,0.0000000000];0.0000000000;[-0.0000000000,0.0000000000];0.0000000000;0.0203711455;0.1097019757;0.0000000000
49;735;[-0.0000000000,0.0000000000];[-0.0000000000,0.0000000000];[-0.0000000000,0.0000000000];0.0000000000;[-0.0000000000,0.0000000000];0.0000000000;0.0203711455;0.1097019757;0.0000000000
49;749;[-0.0000000000,0.0000000000];[-0.0000000000,0.0000000000];[-0.0000000000,0.0000000000];0.0000000000;[-0.0000000000,0.0000000000];0.0000000000;0.0203711455;0.1097019757;0.0000000000
49;675;[-0.0000000000,0.0000000000];[-0.0000000000,0.0000000000];[-0.0000000000,0.0000000000];0.0000000000;[-0.0000000000,0.0000000000];0.0000000000;0.0203711455;0.1097019757;0.0000000000
49;742;[-0.0000000000,0.0000000000];[-0.0000000000,0.0000000000];[-0.0000000000,0.0000000000];0.0000000000;[-0.0000000000,0.0000000000];0.0000000000;0.0203711455;0.1097019757;0.0000000000
49;753;[-0.0000000000,0.0000000000];[-0.0000000000,0.0000000000];[-0.0000000000,0.0000000000];0.0000000000;[-0.0000000000,0.0000000000];0.0000000000;0.0203711455;0.1097019757;0.0000000000
49;803;[-0.0000000000,0.0000000000];[-0.0000000000,0.0000000000];[-0.0000000000,0.0000000000];0.0000000000;[-0.0000000000,0.0000000000];0.0000000000;0.0203711455;0.1097019757;0.0000000000
49;760;[-0.0000000000,0.0000000000];[-0.0000000000,0.0000000000];[-0.0000000000,0.0000000000];0.0000000000;[-0.0000000000,0.0000000000];0.0000000000;0.0203711455;0.1097019757;0.0000000000
49;825;[-0.0000000000,0.0000000000];[-0.0000000000,0.0000000000];[-0.0000000000,0.0000000000];0.0000000000;[-0.0000000000,0.0000000000];0.0000000000;0.0203711455;0.1097019757;0.0000000000
49;826;[0.5498623805,-0.1110114681];[0.0542967776,-0.0662195740];[0.0542967776,-0.0662195740];0.4282534773;[-0.0000000000,0.0000000000];0.0000000000;0.0197140117;0.1079780893;0.0000000000
49;827;[-0.0000000000,0.0000000000];[-0.0000000000,0.0000000000];[-0.0000000000,0.0000000000];0.0000000000;[-0.0000000000,0.0000000000];0.0000000000;0.0324808700;0.1278580793;0.0000000000
49;828;[-0.0000000000,0.0000000000];[-0.0000000000,0.0000000000];[-0.0000000000,0.0000000000];0.0000000000;[-0.0000000000,0.0000000000];0.0000000000;0.0314966013;0.1260289851;0.0000000000
49;829;[-0.0000000000,0.0000000000];[-0.0000000000,0.0000000000];[-0.0000000000,0.0000000000];0.0000000000;[-0.0000000000,0.0000000000];0.0000000000;0.0305702306;0.1242757756;0.0000000000
49;830;[-0.0000000000,0.0000000000];[-0.0000000000,0.0000000000];[-0.0000000000,0.0000000000];0.0000000000;[-0.0000000000,0.0000000000];0.0000000000;0.0296967955;0.1225933771;0.0000000000
49;831;[-0.0000000000,0.0000000000];[-0.0000000000,0.0000000000];[-0.0000000000,0.0000000000];0.0000000000;[-0.0000000000,0.0000000000];0.0000000000;0.0288718845;0.1209771749;0.0000000000
49;832;[-0.0000000000,0.0000000000];[-0.0000000000,0.0000000000];[-0.0000000000,0.0000000000];0.0000000000;[-0.0000000000,0.0000000000];0.0000000000;0.0280915633;0.1194229620;0.0000000000
49;833;[-0.0000000000,0.0000000000];[-0.0000000000,0.0000000000];[-0.0000000000,0.0000000000];0.0000000000;[-0.0000000000,0.0000000000];0.0000000000;0.0273523116;0.1179268944;0.0000000000
49;834;[-0.0000000000,0.0000000000];[-0.0000000000,0.0000000000];[-0.0000000000,0.0000000000];0.0000000000;[-0.0000000000,0.0000000000];0.0000000000;0.0266509703;0.1164854516;0.0000000000
49;835;[-0.0000000000,-20.4308226124];[-0.0000000000,-3.1327290438];[-0.0000000000,-3.1327290438];7.5695251248;[-0.0000000000,0.0000000000];0.0000000000;0.0259846960;0.1150954033;0.0000000000
49;836;[-0.0000000000,0.0000000000];[-0.0000000000,0.0000000000];[-0.0000000000,0.0000000000];0.0000000000;[-0.0000000000,0.0000000000];0.0000000000;0.2099734870;1.1691872661;0.0000000000
49;837;[-0.0000000000,0.0000000000];[-0.0000000000,0.0000000000];[-0.0000000000,0.0000000000];0.0000000000;[-0.0000000000,0.0000000000];0.0000000000;0.2049741182;1.1556279732;0.0000000000
49;838;[-0.0000000000,0.0000000000];[-0.0000000000,0.0000000000];[-0.0000000000,0.0000000000];0.0000000000;[-0.0000000000,0.0000000000];0.0000000000;0.2002072783;1.1425291186;0.0000000000
49;839;[-0.0000000000,0.0000000000];[-0.0000000000,0.0000000000];[-0.0000000000,0.0000000000];0.0000000000;[-0.0000000000,0.0000000000];0.0000000000;0.1956571129;1.1298652555;0.0000000000
49;840;[-0.0000000000,0.0000000000];[-0.0000000000,0.0000000000];[-0.0000000000,0.0000000000];0.0000000000;[-0.0000000000,0.0000000000];0.0000000000;0.1913091770;1.1176128609;0.0000000000
49;841;[-0.0000000000,0.0000000000];[-0.0000000000,0.0000000000];[-0.0000000000,0.0000000000];0.0000000000;[-0.0000000000,0.0000000000];0.0000000000;0.1871502819;1.1057501524;0.0000000000
49;842;[22.6387783333,0.0000000000];[8.6650315819,0.0000000000];[8.6650315819,0.0000000000];15.5672549247;[-0.0000000000,0.0000000000];0.0000000000;0.1831683610;1.0942569264;0.0000000000
49;843;[23.1775857750,0.0000000000];[6.8558396127,0.0000000000];[6.8558396127,0.0000000000];12.8886868455;[-0.0000000000,0.0000000000];0.0000000000;0.5036701644;2.4495629215;0.0000000000
49;844;[-0.0000000000,0.0000000000];[-0.0000000000,0.0000000000];[-0.0000000000,0.0000000000];0.0000000000;[-0.0000000000,0.0000000000];0.0000000000;0.7564256069;2.9907185203;0.0000000000
49;823;[-0.0000000000,0.0000000000];[-0.0000000000,0.0000000000];[-0.0000000000,0.0000000000];0.0000000000;[-0.0000000000,0.0000000000];0.0000000000;0.7412970947;2.9625536357;0.0000000000
49;824;[-0.0000000000,0.0000000000];[-0.0000000000,0.0000000000];[-0.0000000000,0.0000000000];0.0000000000;[-0.0000000000,0.0000000000];0.0000000000;0.7412970947;2.9625536357;0.0000000000
49;781;[-0.0000000000,0.0000000000];[-0.0000000000,0.0000000000];[-0.0000000000,0.0000000000];0.0000000000;[-0.0000000000,0.0000000000];0.0000000000;0.7412970947;2.9625536357;0.0000000000
49;696;[-0.0000000000,0.0000000000];[-0.0000000000,0.0000000000];[-0.0000000000,0.0000000000];0.0000000000;[-0.0000000000,0.0000000000];0.0000000000;0.7412970947;2.9625536357;0.0000000000
49;825;[-0.0000000000,0.0000000000];[-0.0000000000,0.0000000000];[-0.0000000000,0.0000000000];0.0000000000;[-0.0000000000,0.0000000000];0.0000000000;0.7412970947;2.9625536357;0.0000000000
49;826;[0.0542967776,-0.0662195740];[0.0247858809,-0.0330144854];[0.0247858809,-0.0330144854];0.1616314903;[-0.0000000000,0.0000000000];0.0000000000;0.7359646550;2.9633521437;0.0000000000
49;827;[-0.0000000000,0.0000000000];[-0.0000000000,0.0000000000];[-0.0000000000,0.0000000000];0.0000000000;[-0.0000000000,0.0000000000];0.0000000000;0.7359646550;2.9633521437;0.0000000000
49;828;[-0.0000000000,0.0000000000];[-0.0000000000,0.0000000000];[-0.0000000000,0.0000000000];0.0000000000;[-0.0000000000,0.0000000000];0.0000000000;0.7359646550;2.9633521437;0.0000000000
49;829;[-0.0000000000,0.0000000000];[-0.0000000000,0.0000000000];[-0.0000000000,0.0000000000];0.0000000000;[-0.0000000000,0.0000000000];0.0000000000;0.7359646550;2.9633521437;0.0000000000
49;830;[-0.0000000000,0.0000000000];[-0.0000000000,0.0000000000];[-0.0000000000,0.0000000000];0.0000000000;[-0.0000000000,0.0000000000];0.0000000000;0.7359646550;2.9633521437;0.0000000000
49;831;[-0.0000000000,0.0000000000];[-0.0000000000,0.0000000000];[-0.0000000000,0.0000000000];0.0000000000;[-0.0000000000,0.0000000000];0.0000000000;0.7359646550;2.9633521437;0.0000000000
49;832;[-0.0000000000,0.0000000000];[-0.0000000000,0.0000000000];[-0.0000000000,0.0000000000];0.0000000000;[-0.0000000000,0.0000000000];0.0000000000;0.7359646550;2.9633521437;0.0000000000
49;833;[-0.0000000000,0.0000000000];[-0.0000000000,0.0000000000];[-0.0000000000,0.0000000000];0.0000000000;[-0.0000000000,0.0000000000];0.0000000000;0.7359646550;2.9633521437;0.0000000000
49;834;[-0.0000000000,0.0000000000];[-0.0000000000,0.0000000000];[-0.0000000000,0.0000000000];0.0000000000;[-0.0000000000,0.0000000000];0.0000000000;0.7359646550;2.9633521437;0.0000000000
49;835;[-0.0000000000,-3.1327290438];[-0.0000000000,-3.1327290438];[-0.0000000000,-3.1327290438];7.5695251248;[-0.0000000000,0.0000000000];0.0000000000;0.7359646550;2.9633521437;0.0000000000
49;836;[-0.0000000000,0.0000000000];[-0.0000000000,0.0000000000];[-0.0000000000,0.0000000000];0.0000000000;[-0.0000000000,0.0000000000];0.0000000000;0.7359646550;2.9633521437;0.0000000000
49;837;[-0.0000000000,0.0000000000];[-0.0000000000,0.0000000000];[-0.0000000000,0.0000000000];0.0000000000;[-0.0000000000,0.0000000000];0.0000000000;0.7359646550;2.9633521437;0.0000000000
49;838;[-0.0000000000,0.0000000000];[-0.0000000000,0.0000000000];[-0.0000000000,0.0000000000];0.0000000000;[-0.0000000000,0.0000000000];0.0000000000;0.7359646550;2.9633521437;0.0000000000
49;839;[-0.0000000000,0.0000000000];[-0.0000000000,0.0000000000];[-0.0000000000,0.0000000000];0.0000000000;[-0.0000000000,0.0000000000];0.0000000000;0.7359646550;2.9633521437;0.0000000000
49;840;[-0.0000000000,0.0000000000];[-0.0000000000,0.0000000000];[-0.0000000000,0.0000000000];0.0000000000;[-0.0000000000,0.0000000000];0.0000000000;0.7359646550;2.9633521437;0.0000000000
49;841;[-0.0000000000,0.0000000000];[-0.0000000000,0.0000000000];[-0.0000000000,0.0000000000];0.0000000000;[-0.0000000000,0.0000000000];0.0000000000;0.7359646550;2.9633521437;0.0000000000
49;842;[8.6650315819,0.0000000000];[0.2138997562,0.0000000000];[0.2138997562,0.0000000000];1.4692909489;[-0.0000000000,0.0000000000];0.0000000000;0.4540053755;2.0768646610;0.0000000000
49;843;[6.8558396127,0.0000000000];[5.8357079163,-0.0117994083];[5.8357079163,-0.0117994083];11.8284337989;[-0.0000000000,0.0000000000];0.0000000000;0.4328003145;1.9514209027;0.0000000000
49;844;[-0.0000000000,0.0000000000];[-0.0000000000,0.0000000000];[-0.0000000000,0.0000000000];0.0000000000;[-0.0000000000,0.0000000000];0.0000000000;0.4328003145;1.9514209027;0.0000000000
50;656;[-0.0000000000,0.0000000000];[-0.0000000000,0.0000000000];[-0.0000000000,0.0000000000];0.0000000000;[-0.0000000000,0.0000000000];0.0000000000;0.0000000000;0.0000000000;0.0000000000
50;694;[-0.0000000000,0.0000000000];[-0.0000000000,0.0000000000];[-0.0000000000,0.0000000000];0.0000000000;[-0.0000000000,0.0000000000];0.0000000000;0.0000000000;0.0000000000;0.0000000000
50;535;[-0.0000000000,0.0000000000];[-0.0000000000,0.0000000000];[-0.0000000000,0.0000000000];0.0000000000;[-0.0000000000,0.0000000000];0.0000000000;0.0000000000;0.0000000000;0.0000000000
50;799;[-0.0000000000,0.0000000000];[-0.0000000000,0.0000000000];[-0.0000000000,0.0000000000];0.0000000000;[-0.0000000000,0.0000000000];0.0000000000;0.0000000000;0.0000000000;0.0000000000
50;781;[-0.0000000000,0.0000000000];[-0.0000000000,0.0000000000];[-0.0000000000,0.0000000000];0.0000000000;[-0.0000000000,0.0000000000];0.0000000000;0.0000000000;0.0000000000;0.0000000000
50;743;[-0.0000000000,0.0000000000];[-0.0000000000,0.0000000000];[-0.0000000000,0.0000000000];0.0000000000;[-0.0000000000,0.0000000000];0.0000000000;0.0000000000;0.0000000000;0.0000000000
50;701;[-0.0000000000,0.0000000000];[-0.0000000000,0.0000000000];[-0.0000000000,0.0000000000];0.0000000000;[-0.0000000000,0.0000000000];0.0000000000;0.0000000000;0.0000000000;0.0000000000
50;730;[-0.0000000000,0.0000000000];[-0.0000000000,0.0000000000];[-0.0000000000,0.0000000000];0.0000000000;[-0.0000000000,0.0000000000];0.0000000000;0.0000000000;0.0000000000;0.0000000000
50;771;[-0.0000000000,0.0000000000];[-0.0000000000,0.0000000000];[-0.0000000000,0.0000000000];0.0000000000;[-0.0000000000,0.0000000000];0.0000000000;0.0000000000;0.0000000000;0.0000000000
50;724;[-0.0000000000,0.0000000000];[-0.0000000000,0.0000000000];[-0.0000000000,0.0000000000];0.0000000000;[-0.0000000000,0.0000000000];0.0000000000;0.0000000000;0.0000000000;0.0000000000
50;697;[-0.0000000000,0.0000000000];[-0.0000000000,0.0000000000];[-0.0000000000,0.0000000000];0.0000000000;[-0.0000000000,0.0000000000];0.0000000000;0.0000000000;0.0000000000;0.0000000000
50;708;[-0.0000000000,0.0000000000];[-0.0000000000,0.0000000000];[-0.0000000000,0.0000000000];0.0000000000;[-0.0000000000,0.0000000000];0.0000000000;0.0000000000;0.0000000000;0.0000000000
50;733;[-0.0000000000,0.0000000000];[-0.0000000000,0.0000000000];[-0.0000000000,0.0000000000];0.0000000000;[-0.0000000000,0.0000000000];0.0000000000;0.0000000000;0.0000000000;0.0000000000
50;777;[-0.0000000000,0.0000000000];[-0.0000000000,0.0000000000];[-0.0000000000,0.0000000000];0.0000000000;[-0.0000000000,0.0000000000];0.0000000000;0.0000000000;0.0000000000;0.0000000000
50;837;[-0.0000000000,0.0000000000];[-0.0000000000,0.0000000000];[-0.0000000000,0.0000000000];0.0000000000;[-0.0000000000,0.0000000000];0.0000000000;0.0000000000;0.0000000000;0.0000000000
50;726;[-0.0000000000,0.0000000000];[-0.0000000000,0.0000000000];[-0.0000000000,0.0000000000];0.0000000000;[-0.0000000000,0.0000000000];0.0000000000;0.0000000000;0.0000000000;0.0000000000
50;579;[-0.0000000000,0.0000000000];[-0.0000000000,0.0000000000];[-0.0000000000,0.0000000000];0.0000000000;[-0.0000000000,0.0000000000];0.0000000000;0.0000000000;0.0000000000;0.0000000000
50;716;[-0.0000000000,0.0000000000];[-0.0000000000,0.0000000000];[-0.0000000000,0.0000000000];0.0000000000;[-0.0000000000,0.0000000000];0.0000000000;0.0000000000;0.0000000000;0.0000000000
50;735;[-0.0000000000,0.0000000000];[-0.0000000000,0.0000000000];[-0.0000000000,0.0000000000];0.0000000000;[-0.0000000000,0.0000000000];0.0000000000;0.0000000000;0.0000000000;0.0000000000
50;749;[-0.0000000000,0.0000000000];[-0.0000000000,0.0000000000];[-0.0000000000,0.0000000000];0.0000000000;[-0.0000000000,0.0000000000];0.0000000000;0.0000000000;0.0000000000;0.0000000000
50;675;[-0.0000000000,0.0000000000];[-0.0000000000,0.0000000000];[-0.0000000000,0.0000000000];0.0000000000;[-0.0000000000,0.0000000000];0.0000000000;0.0000000000;0.0000000000;0.0000000000
50;742;[-0.0000000000,0.0000000000];[-0.0000000000,0.0000000000];[-0.0000000000,0.0000000000];0.0000000000;[-0.0000000000,0.0000000000];0.0000000000;0.0000000000;0.0000000000;0.0000000000
50;753;[-0.0000000000,0.0000000000];[-0.0000000000,0.0000000000];[-0.0000000000,0.0000000000];0.0000000000;[-0.0000000000,0.0000000000];0.0000000000;0.0000000000;0.0000000000;0.0000000000
50;803;[-0.0000000000,0.0000000000];[-0.0000000000,0.0000000000];[-0.0000000000,0.0000000000];0.0000000000;[-0.0000000000,0.0000000000];0.0000000000;0.0000000000;0.0000000000;0.0000000000
50;760;[-0.0000000000,0.0000000000];[-0.0000000000,0.0000000000];[-0.0000000000,0.0000000000];0.0000000000;[-0.0000000000,0.0000000000];0.0000000000;0.0000000000;0.0000000000;0.0000000000
50;845;[-0.0000000000,-29.7381610415];[-0.0000000000,-17.9767882793];[-0.0000000000,-17.9767882793];18.4406893521;[-0.0000000000,0.0000000000];0.0000000000;0.0000000000;0.0000000000;0.0000000000
50;846;[-0.0000000000,0.0000000000];[-0.0000000000,0.0000000000];[-0.0000000000,0.0000000000];0.0000000000;[-0.0000000000,0.0000000000];0.0000000000;0.5948609468;3.2581875916;0.0000000000
50;847;[-0.0000000000,0.0000000000];[-0.0000000000,0.0000000000];[-0.0000000000,0.0000000000];0.0000000000;[-0.0000000000,0.0000000000];0.0000000000;0.5762715423;3.2085441563;0.0000000000
50;848;[-0.0000000000,0.0000000000];[-0.0000000000,0.0000000000];[-0.0000000000,0.0000000000];0.0000000000;[-0.0000000000,0.0000000000];0.0000000000;0.5588087682;3.1610997553;0.0000000000
50;849;[-0.0000000000,0.0000000000];[-0.0000000000,0.0000000000];[-0.0000000000,0.0000000000];0.0000000000;[-0.0000000000,0.0000000000];0.0000000000;0.5423732162;3.1156969185;0.0000000000
50;850;[-0.0000000000,0.0000000000];[-0.0000000000,0.0000000000];[-0.0000000000,0.0000000000];0.0000000000;[-0.0000000000,0.0000000000];0.0000000000;0.5268768386;3.0721935006;0.0000000000
50;851;[-6.8317872595,0.0000000000];[-0.8487269779,0.0000000000];[-0.8487269779,0.0000000000];2.7755477707;[-0.0000000000,0.0000000000];0.0000000000;0.5122413709;3.0304608184;0.0000000000
50;852;[-0.0000000000,0.0000000000];[-0.0000000000,0.0000000000];[-0.0000000000,0.0000000000];0.0000000000;[-0.0000000000,0.0000000000];0.0000000000;0.5734118141;3.0116756950;0.0000000000
50;853;[-0.0000000000,0.0000000000];[-0.0000000000,0.0000000000];[-0.0000000000,0.0000000000];0.0000000000;[-0.0000000000,0.0000000000];0.0000000000;0.5583220295;2.9732013432;0.0000000000
50;854;[-0.0000000000,0.0000000000];[-0.0000000000,0.0000000000];[-0.0000000000,0.0000000000];0.0000000000;[-0.0000000000,0.0000000000];0.0000000000;0.5440060801;2.9361623620;0.0000000000
50;855;[32.4615512099,0.0000000000];[3.9701570487,0.0000000000];[3.9701570487,0.0000000000];8.6162622031;[-0.0000000000,0.0000000000];0.0000000000;0.5304059281;2.9004718205;0.0000000000
50;856;[-0.0000000000,0.0000000000];[-0.0000000000,0.0000000000];[-0.0000000000,0.0000000000];0.0000000000;[-0.0000000000,0.0000000000];0.0000000000;0.7276219348;3.1246302520;0.0000000000
50;857;[-0.0000000000,0.0000000000];[-0.0000000000,0.0000000000];[-0.0000000000,0.0000000000];0.0000000000;[-0.0000000000,0.0000000000];0.0000000000;0.7102976030;3.0892005084;0.0000000000
50;858;[-0.0000000000,0.0000000000];[-0.0000000000,0.0000000000];[-0.0000000000,0.0000000000];0.0000000000;[-0.0000000000,0.0000000000];0.0000000000;0.6937790541;3.0549445258;0.0000000000
50;859;[-0.0000000000,0.0000000000];[-0.0000000000,0.0000000000];[-0.0000000000,0.0000000000];0.0000000000;[-0.0000000000,0.0000000000];0.0000000000;0.6780113483;3.0217991723;0.0000000000
50;860;[-0.0000000000,0.0000000000];[-0.0000000000,0.0000000000];[-0.0000000000,0.0000000000];0.0000000000;[-0.0000000000,0.0000000000];0.0000000000;0.6629444295;2.9897059473;0.0000000000
50;861;[-0.0000000000,0.0000000000];[-0.0000000000,0.0000000000];[-0.0000000000,0.0000000000];0.0000000000;[-0.0000000000,0.0000000000];0.0000000000;0.6485325940;2.9586105559;0.0000000000
50;862;[-0.0000000000,0.0000000000];[-0.0000000000,0.0000000000];[-0.0000000000,0.0000000000];0.0000000000;[-0.0000000000,0.0000000000];0.0000000000;0.6347340282;2.9284625299;0.0000000000
50;863;[-0.0000000000,0.0000000000];[-0.0000000000,0.0000000000];[-0.0000000000,0.0000000000];0.0000000000;[-0.0000000000,0.0000000000];0.0000000000;0.6215104026;2.8992148898;0.0000000000
50;864;[-0.0000000000,0.0000000000];[-0.0000000000,0.0000000000];[-0.0000000000,0.0000000000];0.0000000000;[-0.0000000000,0.0000000000];0.0000000000;0.6088265169;2.8708238415;0.0000000000
50;840;[-0.0000000000,0.0000000000];[-0.0000000000,0.0000000000];[-0.0000000000,0.0000000000];0.0000000000;[-0.0000000000,0.0000000000];0.0000000000;0.5966499865;2.8432485056;0.0000000000
50;841;[-0.0000000000,0.0000000000];[-0.0000000000,0.0000000000];[-0.0000000000,0.0000000000];0.0000000000;[-0.0000000000,0.0000000000];0.0000000000;0.5966499865;2.8432485056;0.0000000000
50;844;[-0.0000000000,0.0000000000];[-0.0000000000,0.0000000000];[-0.0000000000,0.0000000000];0.0000000000;[-0.0000000000,0.0000000000];0.0000000000;0.5966499865;2.8432485056;0.0000000000
50;682;[-0.0000000000,0.0000000000];[-0.0000000000,0.0000000000];[-0.0000000000,0.0000000000];0.0000000000;[-0.0000000000,0.0000000000];0.0000000000;0.5966499865;2.8432485056;0.0000000000
50;507;[-0.0000000000,0.0000000000];[-0.0000000000,0.0000000000];[-0.0000000000,0.0000000000];0.0000000000;[-0.0000000000,0.0000000000];0.0000000000;0.5966499865;2.8432485056;0.0000000000
50;845;[-0.0000000000,-17.9767882793];[-0.0000000000,-0.1283554130];[-0.0000000000,-0.1283554130];0.7476934832;[-0.0000000000,0.0000000000];0.0000000000;0.2427900691;1.2613907756;0.0000000000
50;846;[-0.0000000000,0.0000000000];[-0.0000000000,0.0000000000];[-0.0000000000,0.0000000000];0.0000000000;[-0.0000000000,0.0000000000];0.0000000000;0.2427900691;1.2613907756;0.0000000000
50;847;[-0.0000000000,0.0000000000];[-0.0000000000,0.0000000000];[-0.0000000000,0.0000000000];0.0000000000;[-0.0000000000,0.0000000000];0.0000000000;0.2427900691;1.2613907756;0.0000000000
50;848;[-0.0000000000,0.0000000000];[-0.0000000000,0.0000000000];[-0.0000000000,0.0000000000];0.0000000000;[-0.0000000000,0.0000000000];0.0000000000;0.2427900691;1.2613907756;0.0000000000
50;849;[-0.0000000000,0.0000000000];[-0.0000000000,0.0000000000];[-0.0000000000,0.0000000000];0.0000000000;[-0.0000000000,0.0000000000];0.0000000000;0.2427900691;1.2613907756;0.0000000000
50;850;[-0.0000000000,0.0000000000];[-0.0000000000,0.0000000000];[-0.0000000000,0.0000000000];0.0000000000;[-0.0000000000,0.0000000000];0.0000000000;0.2427900691;1.2613907756;0.0000000000
50;851;[-0.8487269779,0.0000000000];[-0.8487269779,0.0000000000];[-0.8487269779,0.0000000000];2.7755477707;[-0.0000000000,0.0000000000];0.0000000000;0.2427900691;1.2613907756;0.0000000000
50;852;[-0.0000000000,0.0000000000];[-0.0000000000,0.0000000000];[-0.0000000000,0.0000000000];0.0000000000;[-0.0000000000,0.0000000000];0.0000000000;0.2427900691;1.2613907756;0.0000000000
50;853;[-0.0000000000,0.0000000000];[-0.0000000000,0.0000000000];[-0.0000000000,0.0000000000];0.0000000000;[-0.0000000000,0.0000000000];0.0000000000;0.2427900691;1.2613907756;0.0000000000
50;854;[-0.0000000000,0.0000000000];[-0.0000000000,0.0000000000];[-0.0000000000,0.0000000000];0.0000000000;[-0.0000000000,0.0000000000];0.0000000000;0.2427900691;1.2613907756;0.0000000000
50;855;[3.9701570487,0.0000000000];[0.2751106175,0.0000000000];[0.2751106175,0.0000000000];1.9573153353;[-0.0000000000,0.0000000000];0.0000000000;0.1096111318;0.4794385108;0.0000000000
50;856;[-0.0000000000,0.0000000000];[-0.0000000000,0.0000000000];[-0.0000000000,0.0000000000];0.0000000000;[-0.0000000000,0.0000000000];0.0000000000;0.1096111318;0.4794385108;0.0000000000
50;857;[-0.0000000000,0.0000000000];[-0.0000000000,0.0000000000];[-0.0000000000,0.0000000000];0.0000000000;[-0.0000000000,0.0000000000];0.0000000000;0.1096111318;0.4794385108;0.0000000000
50;858;[-0.0000000000,0.0000000000];[-0.0000000000,0.0000000000];[-0.0000000000,0.0000000000];0.0000000000;[-0.0000000000,0.0000000000];0.0000000000;0.1096111318;0.4794385108;0.0000000000
50;859;[-0.0000000000,0.0000000000];[-0.0000000000,0.0000000000];[-0.0000000000,0.0000000000];0.0000000000;[-0.0000000000,0.0000000000];0.0000000000;0.1096111318;0.4794385108;0.0000000000
50;860;[-0.0000000000,0.0000000000];[-0.0000000000,0.0000000000];[-0.0000000000,0.0000000000];0.0000000000;[-0.0000000000,0.0000000000];0.0000000000;0.1096111318;0.4794385108;0.0000000000
50;861;[-0.0000000000,0.0000000000];[-0.0000000000,0.0000000000];[-0.0000000000,0.0000000000];0.0000000000;[-0.0000000000,0.0000000000];0.0000000000;0.1096111318;0.4794385108;0.0000000000
50;862;[-0.0000000000,0.0000000000];[-0.0000000000,0.0000000000];[-0.0000000000,0.0000000000];0.0000000000;[-0.0000000000,0.0000000000];0.0000000000;0.1096111318;0.4794385108;0.0000000000
50;863;[-0.0000000000,0.0000000000];[-0.0000000000,0.0000000000];[-0.0000000000,0.0000000000];0.0000000000;[-0.0000000000,0.0000000000];0.0000000000;0.1096111318;0.4794385108;0.0000000000
50;864;[-0.0000000000,0.0000000000];[-0.0000000000,0.0000000000];[-0.0000000000,0.0000000000];0.0000000000;[-0.0000000000,0.0000000000];0.0000000000;0.1096111318;0.4794385108;0.0000000000
